#
# A fatal error has been detected by the Java Runtime Environment:
#
#  EXCEPTION_ACCESS_VIOLATION (0xc0000005) at pc=0x00007ffa4c084a0d, pid=33096, tid=16752
#
# JRE version: OpenJDK Runtime Environment Temurin-21.0.1+12 (21.0.1+12) (build 21.0.1+12-LTS)
# Java VM: OpenJDK 64-Bit Server VM Temurin-21.0.1+12 (21.0.1+12-LTS, mixed mode, sharing, tiered, compressed oops, compressed class ptrs, g1 gc, windows-amd64)
# Problematic frame:
# C  0x00007ffa4c084a0d
#
# No core dump will be written. Minidumps are not enabled by default on client versions of Windows
#
# If you would like to submit a bug report, please visit:
#   https://github.com/adoptium/adoptium-support/issues
# The crash happened outside the Java Virtual Machine in native code.
# See problematic frame for where to report the bug.
#

---------------  S U M M A R Y ------------

Command Line: -Dsun.java2d.pmoffscreen=false -Dhttps.protocols=TLSv1,TLSv1.1,TLSv1.2 -Dsun.java2d.xrender=false -Dsun.java2d.d3d=false -Dsun.awt.nopixfmt=true -Dsun.java2d.dpiaware=true -Dsun.java2d.uiScale.enabled=false -Dswing.aatext=true -XX:-UsePerfData -Djdk.map.althashing.threshold=512 -XX:StringTableSize=4072 -XX:+UseStringDeduplication -XX:MaxGCPauseMillis=200 -XX:ParallelGCThreads=4 -XX:+ParallelRefProcEnabled --add-opens=java.desktop/javax.swing.plaf.synth=ALL-UNNAMED --add-opens=java.base/java.nio=ALL-UNNAMED --add-opens=java.desktop/sun.swing=ALL-UNNAMED --add-opens=java.desktop/javax.swing=ALL-UNNAMED --add-opens=java.desktop/javax.swing.tree=ALL-UNNAMED --add-opens=java.desktop/javax.swing.plaf.basic=ALL-UNNAMED --add-opens=java.desktop/javax.swing.plaf.synth=ALL-UNNAMED --add-opens=java.desktop/javax.swing.plaf.basic=ALL-UNNAMED --add-opens=java.desktop/javax.swing=ALL-UNNAMED --add-opens=java.desktop/javax.swing.tree=ALL-UNNAMED --add-opens=java.desktop/java.awt.event=ALL-UNNAMED --add-exports=java.desktop/javax.swing.plaf.synth=ALL-UNNAMED --add-exports=java.base/java.nio=ALL-UNNAMED --add-exports=java.desktop/sun.swing=ALL-UNNAMED --add-exports=java.desktop/javax.swing=ALL-UNNAMED --add-exports=java.desktop/javax.swing.tree=ALL-UNNAMED --add-exports=java.desktop/javax.swing.plaf.basic=ALL-UNNAMED --add-exports=java.desktop/sun.swing=ALL-UNNAMED --add-exports=java.desktop/sun.swing.table=ALL-UNNAMED --add-exports=java.desktop/sun.swing.plaf.synth=ALL-UNNAMED --add-exports=java.desktop/sun.awt.shell=ALL-UNNAMED --add-exports=java.base/sun.security.action=ALL-UNNAMED --add-exports=java.desktop/sun.font=ALL-UNNAMED -XX:NewSize=80m -XX:MaxNewSize=80m -Xms512m -Xmx4072m -Xss10m 

Host: 12th Gen Intel(R) Core(TM) i9-12900K, 24 cores, 63G,  Windows 11 , 64 bit Build 22621 (10.0.22621.4974)
Time: Thu Mar 13 23:46:24 2025 Central Daylight Time elapsed time: 24161.489279 seconds (0d 6h 42m 41s)

---------------  T H R E A D  ---------------

Current thread (0x0000013e1af0d500):  JavaThread "AWT-EventQueue-0"        [_thread_in_native, id=16752, stack(0x0000001e2b600000,0x0000001e2c000000) (10240K)]

Stack: [0x0000001e2b600000,0x0000001e2c000000],  sp=0x0000001e2bffadc8,  free space=10219k
Native frames: (J=compiled Java code, j=interpreted, Vv=VM code, C=native code)
C  0x00007ffa4c084a0d
C  0x00007ffa4be3015d
C  0x00007ffa4befb46e
C  0x00007ffa4c01a0d1
C  0x00007ffa4c01c954
C  0x00007ffa4c03deb7
C  0x00007ffa4c03df2f
C  0x00007ffa4c03dfe1
C  0x00007ffa4c01b6e0
C  0x00007ffa4c12ecbe
C  0x00007ffa4c12e905
C  0x00007ffa4bf5df36
C  0x0000013dc66e9cb0

The last pc belongs to native nmethod (printed below).
Java frames: (J=compiled Java code, j=interpreted, Vv=VM code)
J 25719  ui.views.waveform.waveformi.WVExecutive_getGraphicsDataSize(J)J (0 bytes) @ 0x0000013dc66e9c19 [0x0000013dc66e9bc0+0x0000000000000059]
J 50388 c1 ui.views.waveform.executive.a.mvl()Ljava/io/ByteArrayInputStream; (118 bytes) @ 0x0000013dbe9de9c4 [0x0000013dbe9de8c0+0x0000000000000104]
J 50387 c1 ui.views.waveform.c.a.muF()V (144 bytes) @ 0x0000013dbf35ce44 [0x0000013dbf35cda0+0x00000000000000a4]
J 66989 c1 ui.views.waveform.a.Oo(Z)V (29 bytes) @ 0x0000013dbeb45d34 [0x0000013dbeb45ba0+0x0000000000000194]
J 66985 c2 ui.views.waveform.d.b.l(Lui/frmwork/a/v;)V (654 bytes) @ 0x0000013dc7fb650c [0x0000013dc7fb4d20+0x00000000000017ec]
J 66984 c2 ui.views.waveform.t.handleTclEvent(Lui/frmwork/a/v;)V (17 bytes) @ 0x0000013dc69bea70 [0x0000013dc69bea20+0x0000000000000050]
J 48060 c2 ui.frmwork.a.x.d(Lui/frmwork/a/v;)V (61 bytes) @ 0x0000013dc6ec5eac [0x0000013dc6ec5b80+0x000000000000032c]
J 38633 c2 ui.frmwork.J.i(JZ)V (474 bytes) @ 0x0000013dc7947f10 [0x0000013dc7946220+0x0000000000001cf0]
J 65389 c2 ui.frmwork.J.fireTclEvent(J)I (113 bytes) @ 0x0000013dc6a74c40 [0x0000013dc6a74460+0x00000000000007e0]
v  ~StubRoutines::call_stub 0x0000013dc5dd100d
J 38552  ui.views.waveform.waveformi.WVExecutive_processModelEvent(JJ)V (0 bytes) @ 0x0000013dc793c21c [0x0000013dc793c1c0+0x000000000000005c]
J 66985 c2 ui.views.waveform.d.b.l(Lui/frmwork/a/v;)V (654 bytes) @ 0x0000013dc7fb5358 [0x0000013dc7fb4d20+0x0000000000000638]
J 66984 c2 ui.views.waveform.t.handleTclEvent(Lui/frmwork/a/v;)V (17 bytes) @ 0x0000013dc69bea70 [0x0000013dc69bea20+0x0000000000000050]
J 48060 c2 ui.frmwork.a.x.d(Lui/frmwork/a/v;)V (61 bytes) @ 0x0000013dc6ec5eac [0x0000013dc6ec5b80+0x000000000000032c]
J 38633 c2 ui.frmwork.J.i(JZ)V (474 bytes) @ 0x0000013dc7947f10 [0x0000013dc7946220+0x0000000000001cf0]
J 65389 c2 ui.frmwork.J.fireTclEvent(J)I (113 bytes) @ 0x0000013dc6a74c40 [0x0000013dc6a74460+0x00000000000007e0]
v  ~StubRoutines::call_stub 0x0000013dc5dd100d
J 38552  ui.views.waveform.waveformi.WVExecutive_processModelEvent(JJ)V (0 bytes) @ 0x0000013dc793c21c [0x0000013dc793c1c0+0x000000000000005c]
J 65230 c1 ui.views.waveform.d.b.gm(J)V (109 bytes) @ 0x0000013dbe9c18fc [0x0000013dbe9c1820+0x00000000000000dc]
j  ui.views.waveform.d.e.actionPerformed(Ljava/awt/event/ActionEvent;)V+8
J 21413 c2 javax.swing.Timer.fireActionPerformed(Ljava/awt/event/ActionEvent;)V java.desktop@21.0.1 (46 bytes) @ 0x0000013dc6fdbf58 [0x0000013dc6fdbe40+0x0000000000000118]
J 36975 c2 javax.swing.Timer$DoPostEvent.run()V java.desktop@21.0.1 (85 bytes) @ 0x0000013dc695a240 [0x0000013dc695a000+0x0000000000000240]
J 16100 c2 java.awt.EventQueue.dispatchEvent(Ljava/awt/AWTEvent;)V java.desktop@21.0.1 (80 bytes) @ 0x0000013dc67eb794 [0x0000013dc67eae80+0x0000000000000914]
J 34617 c2 ui.frmwork.a.d.dispatchEvent(Ljava/awt/AWTEvent;)V (41 bytes) @ 0x0000013dc7477bd4 [0x0000013dc7476f00+0x0000000000000cd4]
J 57839 c2 java.awt.EventDispatchThread.pumpOneEventForFilters(I)V java.desktop@21.0.1 (106 bytes) @ 0x0000013dc7e50970 [0x0000013dc7e504a0+0x00000000000004d0]
J 62179 c2 java.awt.EventDispatchThread.pumpEventsForFilter(ILjava/awt/Conditional;Ljava/awt/EventFilter;)V java.desktop@21.0.1 (47 bytes) @ 0x0000013dc67e8610 [0x0000013dc67e8100+0x0000000000000510]
j  java.awt.EventDispatchThread.pumpEventsForFilter(Ljava/awt/Conditional;Ljava/awt/EventFilter;)V+4 java.desktop@21.0.1
j  java.awt.WaitDispatchSupport$2.run()V+59 java.desktop@21.0.1
j  java.awt.WaitDispatchSupport$4.run()Ljava/lang/Void;+4 java.desktop@21.0.1
j  java.awt.WaitDispatchSupport$4.run()Ljava/lang/Object;+1 java.desktop@21.0.1
J 46771 c2 java.security.AccessController.doPrivileged(Ljava/security/PrivilegedAction;)Ljava/lang/Object; java.base@21.0.1 (9 bytes) @ 0x0000013dc69f5d64 [0x0000013dc69f5d20+0x0000000000000044]
j  java.awt.WaitDispatchSupport.enter()Z+266 java.desktop@21.0.1
j  java.awt.Dialog.show()V+225 java.desktop@21.0.1
J 63884 c1 java.awt.Dialog.setVisible(Z)V java.desktop@21.0.1 (6 bytes) @ 0x0000013dbf49d69c [0x0000013dbf49d420+0x000000000000027c]
j  ui.dlg.c.e.setVisible(Z)V+2
j  ui.dlg.c.bh.cgX()V+65
J 66751 c1 ui.dlg.c.bh.gpl()V (463 bytes) @ 0x0000013dbec87c3c [0x0000013dbec7e460+0x00000000000097dc]
j  ui.views.c.w.b.a.run()V+60
J 66809 c1 ui.frmwork.cmd.a.iMp()Z (250 bytes) @ 0x0000013dbf785a84 [0x0000013dbf784480+0x0000000000001604]
J 66737 c1 ui.frmwork.cmd.d.iMB()V (47 bytes) @ 0x0000013dbf2d5564 [0x0000013dbf2d51e0+0x0000000000000384]
J 66738 c1 ui.i.A$b.actionPerformed(Ljava/awt/event/ActionEvent;)V (43 bytes) @ 0x0000013dbf2ed764 [0x0000013dbf2ed460+0x0000000000000304]
J 63886 c1 javax.swing.AbstractButton.fireActionPerformed(Ljava/awt/event/ActionEvent;)V java.desktop@21.0.1 (96 bytes) @ 0x0000013dbf49c57c [0x0000013dbf49bcc0+0x00000000000008bc]
J 66200 c1 ui.utils.swing.b.C.fireActionPerformed(Ljava/awt/event/ActionEvent;)V (11 bytes) @ 0x0000013dc02ffbf4 [0x0000013dc02ffb40+0x00000000000000b4]
J 64392 c1 javax.swing.AbstractButton$Handler.actionPerformed(Ljava/awt/event/ActionEvent;)V java.desktop@21.0.1 (9 bytes) @ 0x0000013dbf856554 [0x0000013dbf856440+0x0000000000000114]
J 62717 c1 javax.swing.DefaultButtonModel.fireActionPerformed(Ljava/awt/event/ActionEvent;)V java.desktop@21.0.1 (46 bytes) @ 0x0000013dc0316034 [0x0000013dc0315d60+0x00000000000002d4]
J 39077 c1 javax.swing.DefaultButtonModel.setPressed(Z)V java.desktop@21.0.1 (125 bytes) @ 0x0000013dbef5326c [0x0000013dbef51f60+0x000000000000130c]
J 65289 c1 javax.swing.plaf.basic.BasicButtonListener.mouseReleased(Ljava/awt/event/MouseEvent;)V java.desktop@21.0.1 (48 bytes) @ 0x0000013dbfd523dc [0x0000013dbfd51f80+0x000000000000045c]
J 65659 c1 com.jidesoft.plaf.basic.BasicJideButtonListener.mouseReleased(Ljava/awt/event/MouseEvent;)V (70 bytes) @ 0x0000013dc03a79fc [0x0000013dc03a7140+0x00000000000008bc]
J 67028 c2 java.awt.AWTEventMulticaster.mouseReleased(Ljava/awt/event/MouseEvent;)V java.desktop@21.0.1 (27 bytes) @ 0x0000013dc67d6ac4 [0x0000013dc67d6a40+0x0000000000000084]
J 67028 c2 java.awt.AWTEventMulticaster.mouseReleased(Ljava/awt/event/MouseEvent;)V java.desktop@21.0.1 (27 bytes) @ 0x0000013dc67d6ac4 [0x0000013dc67d6a40+0x0000000000000084]
J 67028 c2 java.awt.AWTEventMulticaster.mouseReleased(Ljava/awt/event/MouseEvent;)V java.desktop@21.0.1 (27 bytes) @ 0x0000013dc67d6ac4 [0x0000013dc67d6a40+0x0000000000000084]
J 50648 c2 javax.swing.JComponent.processMouseEvent(Ljava/awt/event/MouseEvent;)V java.desktop@21.0.1 (27 bytes) @ 0x0000013dc69afe10 [0x0000013dc69afb40+0x00000000000002d0]
J 51317 c2 java.awt.Container.processEvent(Ljava/awt/AWTEvent;)V java.desktop@21.0.1 (22 bytes) @ 0x0000013dc67cdd90 [0x0000013dc67cdba0+0x00000000000001f0]
J 57922 c2 java.awt.Component.dispatchEventImpl(Ljava/awt/AWTEvent;)V java.desktop@21.0.1 (785 bytes) @ 0x0000013dc7827898 [0x0000013dc7826ba0+0x0000000000000cf8]
J 57853 c2 java.awt.Container.dispatchEventImpl(Ljava/awt/AWTEvent;)V java.desktop@21.0.1 (129 bytes) @ 0x0000013dc7e57004 [0x0000013dc7e56e00+0x0000000000000204]
J 57682 c2 java.awt.LightweightDispatcher.retargetMouseEvent(Ljava/awt/Component;ILjava/awt/event/MouseEvent;)V java.desktop@21.0.1 (372 bytes) @ 0x0000013dc7e144e8 [0x0000013dc7e14100+0x00000000000003e8]
J 57709 c2 java.awt.LightweightDispatcher.dispatchEvent(Ljava/awt/AWTEvent;)Z java.desktop@21.0.1 (73 bytes) @ 0x0000013dc7e1d620 [0x0000013dc7e1cfc0+0x0000000000000660]
J 57925 c2 java.awt.Window.dispatchEventImpl(Ljava/awt/AWTEvent;)V java.desktop@21.0.1 (23 bytes) @ 0x0000013dc6ae5e70 [0x0000013dc6ae5e00+0x0000000000000070]
J 51323 c2 java.awt.EventQueue$4.run()Ljava/lang/Object; java.desktop@21.0.1 (5 bytes) @ 0x0000013dc7354ff8 [0x0000013dc7354b60+0x0000000000000498]
J 16100 c2 java.awt.EventQueue.dispatchEvent(Ljava/awt/AWTEvent;)V java.desktop@21.0.1 (80 bytes) @ 0x0000013dc67eb2cc [0x0000013dc67eae80+0x000000000000044c]
J 34617 c2 ui.frmwork.a.d.dispatchEvent(Ljava/awt/AWTEvent;)V (41 bytes) @ 0x0000013dc7477bd4 [0x0000013dc7476f00+0x0000000000000cd4]
J 57839 c2 java.awt.EventDispatchThread.pumpOneEventForFilters(I)V java.desktop@21.0.1 (106 bytes) @ 0x0000013dc7e50970 [0x0000013dc7e504a0+0x00000000000004d0]
J 30401% c2 java.awt.EventDispatchThread.pumpEventsForFilter(ILjava/awt/Conditional;Ljava/awt/EventFilter;)V java.desktop@21.0.1 (47 bytes) @ 0x0000013dc69dfa4c [0x0000013dc69df980+0x00000000000000cc]
j  java.awt.EventDispatchThread.pumpEventsForHierarchy(ILjava/awt/Conditional;Ljava/awt/Component;)V+11 java.desktop@21.0.1
j  java.awt.EventDispatchThread.pumpEvents(ILjava/awt/Conditional;)V+4 java.desktop@21.0.1
j  java.awt.EventDispatchThread.pumpEvents(Ljava/awt/Conditional;)V+3 java.desktop@21.0.1
j  java.awt.EventDispatchThread.run()V+9 java.desktop@21.0.1
v  ~StubRoutines::call_stub 0x0000013dc5dd100d

siginfo: EXCEPTION_ACCESS_VIOLATION (0xc0000005), reading address 0xffffffffffffffff


Registers:
RAX=0x0000013e44b1ef80, RBX=0x0000000000000001, RCX=0x0000013e44b1ef80, RDX=0x00007ffa4c746388
RSP=0x0000001e2bffadc8, RBP=0x0000001e2bffaf00, RSI=0x0000001e2bffb030, RDI=0x0000013e391b9dd0
R8 =0x0000000000000000, R9 =0x00007ffb3b33141e, R10=0x00007ffb3b320000, R11=0x0000001e2bffade0
R12=0x0000013e391b9dd0, R13=0x0000001e2bffb4f0, R14=0x0000000000000000, R15=0x0000013e447c7890
RIP=0x00007ffa4c084a0d, EFLAGS=0x0000000000010206


Register to memory mapping:

RAX=0x0000013e44b1ef80 points into unknown readable memory: 0x00007ffa4c746388 | 88 63 74 4c fa 7f 00 00
RBX=0x0000000000000001 is an unknown value
RCX=0x0000013e44b1ef80 points into unknown readable memory: 0x00007ffa4c746388 | 88 63 74 4c fa 7f 00 00
RDX=0x00007ffa4c746388 points into unknown readable memory: 0x00007ffa4bdcca60 | 60 ca dc 4b fa 7f 00 00
RSP=0x0000001e2bffadc8 is pointing into the stack for thread: 0x0000013e1af0d500
RBP=0x0000001e2bffaf00 is pointing into the stack for thread: 0x0000013e1af0d500
RSI=0x0000001e2bffb030 is pointing into the stack for thread: 0x0000013e1af0d500
RDI=0x0000013e391b9dd0 points into unknown readable memory: 0x00007ffa4c766528 | 28 65 76 4c fa 7f 00 00
R8 =0x0 is null
R9 =0x00007ffb3b33141e VCRUNTIME140.dll
R10=0x00007ffb3b320000 VCRUNTIME140.dll
R11=0x0000001e2bffade0 is pointing into the stack for thread: 0x0000013e1af0d500
R12=0x0000013e391b9dd0 points into unknown readable memory: 0x00007ffa4c766528 | 28 65 76 4c fa 7f 00 00
R13=0x0000001e2bffb4f0 is pointing into the stack for thread: 0x0000013e1af0d500
R14=0x0 is null
R15=0x0000013e447c7890 points into unknown readable memory: 0x0000000000000000 | 00 00 00 00 00 00 00 00

Top of Stack: (sp=0x0000001e2bffadc8)
0x0000001e2bffadc8:   00007ffa4be3015d 000000000000000f
0x0000001e2bffadd8:   0000d77ad9999269 0000013e447c7890
0x0000001e2bffade8:   0000000000000000 0000000000000001
0x0000001e2bffadf8:   00007ffa4befb46e 0000013dab6b0000
0x0000001e2bffae08:   0000000000000014 0000013e2e423f20
0x0000001e2bffae18:   0000001e2bffb030 0000000000000000
0x0000001e2bffae28:   0000000000000000 0000013e00000002
0x0000001e2bffae38:   0000000000000000 000000000000000f
0x0000001e2bffae48:   0000013e2e233420 0000013e2e415f90
0x0000001e2bffae58:   0000000000000000 0000013dc67eaa90
0x0000001e2bffae68:   00007ffb5500c360 0000110000000002
0x0000001e2bffae78:   0000000720f43540 0000013e447c7890
0x0000001e2bffae88:   0000013e447c7890 0000001e2bffb4f0
0x0000001e2bffae98:   0000013e391b9dd0 0000013e2e423f1f
0x0000001e2bffaea8:   0000001e0000037b 0000000000000001
0x0000001e2bffaeb8:   f120000000000000 0000000000010000
0x0000001e2bffaec8:   0000000000000000 0000001e2bffb4f0
0x0000001e2bffaed8:   0000000000000000 000000000000000f
0x0000001e2bffaee8:   0000000000000000 0000013e447c7890
0x0000001e2bffaef8:   0000000000000000 000000000000000f
0x0000001e2bffaf08:   0000000000000000 0000000000000001
0x0000001e2bffaf18:   f120000000000000 0000000000010000
0x0000001e2bffaf28:   0000000000000000 0000013e2e423f10
0x0000001e2bffaf38:   0000000000000000 000000000000000f
0x0000001e2bffaf48:   0000000000000000 0000000000000000
0x0000001e2bffaf58:   0000000000000000 000000000000000f
0x0000001e2bffaf68:   00007ffb5262364b 0000d77ad99990d9
0x0000001e2bffaf78:   0000001e2bffb010 0000000000000000
0x0000001e2bffaf88:   00000000000e3002 0000001e2bffb020
0x0000001e2bffaf98:   00007ffa4c01a0d1 0000013e2f892df0
0x0000001e2bffafa8:   0000000000000000 0000013e2e423f20
0x0000001e2bffafb8:   0000001e2bffb010 0000013e3e7983b8 

Instructions: (pc=0x00007ffa4c084a0d)
0x00007ffa4c08490d:   4d 85 c0 74 0e 48 8b 4a 08 48 8b 12 48 8b 01 48
0x00007ffa4c08491d:   ff 60 70 c3 cc cc cc cc cc cc cc cc cc cc cc cc
0x00007ffa4c08492d:   cc cc cc 48 8b 41 30 c6 40 20 00 48 8b 51 30 80
0x00007ffa4c08493d:   7a 20 00 74 0b 48 83 7a 10 00 74 04 b0 01 eb 02
0x00007ffa4c08494d:   32 c0 3a 42 21 74 2c 4c 8b 42 10 88 42 21 84 c0
0x00007ffa4c08495d:   74 0e 48 8b 4a 08 48 8b 12 48 8b 01 48 ff 60 68
0x00007ffa4c08496d:   4d 85 c0 74 0e 48 8b 4a 08 48 8b 12 48 8b 01 48
0x00007ffa4c08497d:   ff 60 70 c3 cc cc cc cc cc cc cc cc cc cc cc cc
0x00007ffa4c08498d:   cc cc cc 40 53 48 83 ec 20 48 8b 01 48 8b d9 ff
0x00007ffa4c08499d:   50 10 48 85 c0 74 30 48 8b 03 48 8b cb ff 50 10
0x00007ffa4c0849ad:   33 d2 48 8b 08 4c 8b 81 b0 00 00 00 48 8b c8 41
0x00007ffa4c0849bd:   ff d0 48 8b c8 48 8b 10 ff 52 30 84 c0 74 08 b0
0x00007ffa4c0849cd:   01 48 83 c4 20 5b c3 32 c0 48 83 c4 20 5b c3 cc
0x00007ffa4c0849dd:   cc cc cc 40 53 48 83 ec 20 48 8b 41 20 48 8d 59
0x00007ffa4c0849ed:   20 48 8b cb ff 50 10 48 85 c0 74 1b 48 8b 03 48
0x00007ffa4c0849fd:   8b cb ff 50 10 48 8b c8 48 8b 10 48 83 c4 20 5b
0x00007ffa4c084a0d:   48 ff a2 98 01 00 00 48 83 c4 20 5b c3 cc cc cc
0x00007ffa4c084a1d:   cc cc cc 48 89 5c 24 08 48 89 6c 24 10 48 89 74
0x00007ffa4c084a2d:   24 18 57 48 83 ec 20 49 8b d8 48 8b ea 48 8b f1
0x00007ffa4c084a3d:   e8 6e 00 00 00 48 8b 03 48 8b cb 33 ff ff 50 50
0x00007ffa4c084a4d:   85 c0 7e 47 48 8b 03 8b d7 48 8b cb ff 50 40 48
0x00007ffa4c084a5d:   85 c0 74 28 48 8b 08 48 8b d5 4c 8b 41 68 48 8b
0x00007ffa4c084a6d:   c8 41 ff d0 48 8b d0 48 8b 48 10 48 89 71 08 48
0x00007ffa4c084a7d:   8b ce 4c 8b 06 41 ff 90 08 01 00 00 48 8b 03 48
0x00007ffa4c084a8d:   8b cb ff c7 ff 50 50 3b f8 7c b9 48 8b 5c 24 30
0x00007ffa4c084a9d:   48 8b 6c 24 38 48 8b 74 24 40 48 83 c4 20 5f c3
0x00007ffa4c084aad:   cc cc cc 48 89 5c 24 08 48 89 74 24 10 57 48 83
0x00007ffa4c084abd:   ec 20 48 8b f2 49 8b f8 49 8b d0 48 8b d9 e8 a0
0x00007ffa4c084acd:   18 fc ff 48 8b 57 10 48 8b 4b 10 48 83 c2 10 48
0x00007ffa4c084add:   83 c1 10 48 3b ca 74 13 48 83 7a 18 10 4c 8b 42
0x00007ffa4c084aed:   10 72 03 48 8b 12 e8 88 55 d5 ff e8 c3 dc ff ff
0x00007ffa4c084afd:   48 8b 08 8b 51 40 8d 42 01 89 41 40 48 8b cf 48 


Stack slot to memory mapping:

stack at sp + 0 slots: 0x00007ffa4be3015d points into unknown readable memory: f6 d8 1b
stack at sp + 1 slots: 0x000000000000000f is an unknown value
stack at sp + 2 slots: 0x0000d77ad9999269 is an unknown value
stack at sp + 3 slots: 0x0000013e447c7890 points into unknown readable memory: 0x0000000000000000 | 00 00 00 00 00 00 00 00
stack at sp + 4 slots: 0x0 is null
stack at sp + 5 slots: 0x0000000000000001 is an unknown value
stack at sp + 6 slots: 0x00007ffa4befb46e points into unknown readable memory: 83 c0
stack at sp + 7 slots: 0x0000013dab6b0000 points into unknown readable memory: 0x0000000000000000 | 00 00 00 00 00 00 00 00


Compiled method (n/a) 24161579 25719     n 0       ui.views.waveform.waveformi::WVExecutive_getGraphicsDataSize (native)
 total in heap  [0x0000013dc66e9a10,0x0000013dc66e9df8] = 1000
 relocation     [0x0000013dc66e9b70,0x0000013dc66e9ba8] = 56
 main code      [0x0000013dc66e9bc0,0x0000013dc66e9dec] = 556
 stub code      [0x0000013dc66e9dec,0x0000013dc66e9df0] = 4
 oops           [0x0000013dc66e9df0,0x0000013dc66e9df8] = 8

[Constant Pool (empty)]

[MachCode]
[Entry Point]
  # {method} {0x0000013e18093980} 'WVExecutive_getGraphicsDataSize' '(J)J' in 'ui/views/waveform/waveformi'
  # parm0:    rdx:rdx   = long
  #           [sp+0x70]  (sp of caller)
  0x0000013dc66e9bc0: 448b 5208 | 49bb 0000 | 00d5 3d01 | 0000 4d03 | d349 3bc2 | 0f84 0600 

  0x0000013dc66e9bd8: ;   {runtime_call ic_miss_stub}
  0x0000013dc66e9bd8: 0000 e9a1 | 4b73 ff90 
[Verified Entry Point]
  0x0000013dc66e9be0: 8984 2400 | 80ff ff55 | 488b ec48 | 83ec 6090 | 4181 7f20 | 1401 0000 

  0x0000013dc66e9bf8: ;   {runtime_call StubRoutines (final stubs)}
  0x0000013dc66e9bf8: 7405 e861 | b171 ff4c 

  0x0000013dc66e9c00: ;   {oop(a 'java/lang/Class'{0x0000000702bd5440} = 'ui/views/waveform/waveformi')}
  0x0000013dc66e9c00: 8bc2 49be | 4054 bd02 | 0700 0000 | 4c89 7424 | 504c 8d74 | 2450 498b | d6c5 f877 

  0x0000013dc66e9c1c: ;   {internal_word}
  0x0000013dc66e9c1c: 49ba 199c | 6ec6 3d01 | 0000 4d89 | 97a0 0300 | 0049 89a7 | 9803 0000 

  0x0000013dc66e9c34: ;   {external_word}
  0x0000013dc66e9c34: 49ba ae9a | 4c8a fa7f | 0000 4180 | 3a00 0f84 | 4a00 0000 

  0x0000013dc66e9c48: ;   {metadata({method} {0x0000013e18093980} 'WVExecutive_getGraphicsDataSize' '(J)J' in 'ui/views/waveform/waveformi')}
  0x0000013dc66e9c48: 5241 5048 | ba78 3909 | 183e 0100 | 0049 8bcf | 4883 ec20 | 40f6 c40f | 0f84 1900 | 0000 4883 
  0x0000013dc66e9c68: ;   {runtime_call}
  0x0000013dc66e9c68: ec08 48b8 | a0d6 f689 | fa7f 0000 | ffd0 4883 | c408 e90c 

  0x0000013dc66e9c7c: ;   {runtime_call}
  0x0000013dc66e9c7c: 0000 0048 | b8a0 d6f6 | 89fa 7f00 | 00ff d048 | 83c4 2041 | 585a 498d | 8fb8 0300 | 0041 c787 
  0x0000013dc66e9c9c: 4c04 0000 | 0400 0000 

  0x0000013dc66e9ca4: ;   {runtime_call}
  0x0000013dc66e9ca4: 48b8 10df | f54b fa7f | 0000 ffd0 | c5f8 7741 | c787 4c04 | 0000 0500 | 0000 f083 | 4424 c000 
  0x0000013dc66e9cc4: 493b af50 | 0400 000f | 870e 0000 | 0041 83bf | 4804 0000 | 000f 842b | 0000 00c5 | f877 4889 
  0x0000013dc66e9ce4: 45f8 498b | cf4c 8be4 | 4883 ec20 | 4883 e4f0 

  0x0000013dc66e9cf4: ;   {runtime_call}
  0x0000013dc66e9cf4: 48b8 2099 | c289 fa7f | 0000 ffd0 | 498b e44d | 33e4 488b | 45f8 41c7 | 874c 0400 | 0008 0000 
  0x0000013dc66e9d14: 0041 83bf | c804 0000 | 020f 849c 

  0x0000013dc66e9d20: ;   {external_word}
  0x0000013dc66e9d20: 0000 0049 | baae 9a4c | 8afa 7f00 | 0041 803a | 000f 844c | 0000 0048 

  0x0000013dc66e9d38: ;   {metadata({method} {0x0000013e18093980} 'WVExecutive_getGraphicsDataSize' '(J)J' in 'ui/views/waveform/waveformi')}
  0x0000013dc66e9d38: 8945 f848 | ba78 3909 | 183e 0100 | 0049 8bcf | 4883 ec20 | 40f6 c40f | 0f84 1900 | 0000 4883 
  0x0000013dc66e9d58: ;   {runtime_call}
  0x0000013dc66e9d58: ec08 48b8 | a0d6 f689 | fa7f 0000 | ffd0 4883 | c408 e90c 

  0x0000013dc66e9d6c: ;   {runtime_call}
  0x0000013dc66e9d6c: 0000 0048 | b8a0 d6f6 | 89fa 7f00 | 00ff d048 | 83c4 2048 | 8b45 f849 | c787 9803 | 0000 0000 
  0x0000013dc66e9d8c: 0000 49c7 | 87a0 0300 | 0000 0000 | 00c5 f877 | 498b 8f28 | 0400 00c7 | 8100 0100 | 0000 0000 
  0x0000013dc66e9dac: 00c9 4983 | 7f08 000f | 8501 0000 

  0x0000013dc66e9db8: ;   {runtime_call StubRoutines (initial stubs)}
  0x0000013dc66e9db8: 00c3 e941 | 716e ffc5 | f877 4889 | 45f8 4c8b | e448 83ec | 2048 83e4 

  0x0000013dc66e9dd0: ;   {runtime_call}
  0x0000013dc66e9dd0: f048 b880 | 0ef7 89fa | 7f00 00ff | d049 8be4 | 4d33 e448 | 8b45 f8e9 | 37ff ffff 
[Stub Code]
  0x0000013dc66e9dec: f4f4 f4f4 
[/MachCode]


Compiled method (c1) 24161583 50388   !   3       ui.views.waveform.executive.a::mvl (118 bytes)
 total in heap  [0x0000013dbe9de490,0x0000013dbe9e0c28] = 10136
 relocation     [0x0000013dbe9de5f0,0x0000013dbe9de8a8] = 696
 main code      [0x0000013dbe9de8c0,0x0000013dbe9e01e8] = 6440
 stub code      [0x0000013dbe9e01e8,0x0000013dbe9e02f8] = 272
 oops           [0x0000013dbe9e02f8,0x0000013dbe9e0378] = 128
 metadata       [0x0000013dbe9e0378,0x0000013dbe9e0418] = 160
 scopes data    [0x0000013dbe9e0418,0x0000013dbe9e08f0] = 1240
 scopes pcs     [0x0000013dbe9e08f0,0x0000013dbe9e0bf0] = 768
 dependencies   [0x0000013dbe9e0bf0,0x0000013dbe9e0bf8] = 8
 handler table  [0x0000013dbe9e0bf8,0x0000013dbe9e0c10] = 24
 nul chk table  [0x0000013dbe9e0c10,0x0000013dbe9e0c28] = 24

[Constant Pool (empty)]

[MachCode]
[Entry Point]
  # {method} {0x0000013e18066390} 'mvl' '()Ljava/io/ByteArrayInputStream;' in 'ui/views/waveform/executive/a'
  #           [sp+0x190]  (sp of caller)
  0x0000013dbe9de8c0: 448b 5208 | 49bb 0000 | 00d5 3d01 | 0000 4d03 | d34c 3bd0 

  0x0000013dbe9de8d4: ;   {runtime_call ic_miss_stub}
  0x0000013dbe9de8d4: 0f85 a6fe | 4307 660f | 1f44 0000 
[Verified Entry Point]
  0x0000013dbe9de8e0: 8984 2400 | 80ff ff55 | 4881 ec80 | 0100 0090 | 4181 7f20 | 1401 0000 

  0x0000013dbe9de8f8: ;   {runtime_call StubRoutines (final stubs)}
  0x0000013dbe9de8f8: 7405 e861 | 6442 0748 | 8994 2428 

  0x0000013dbe9de904: ;   {metadata(method data for {method} {0x0000013e18066390} 'mvl' '()Ljava/io/ByteArrayInputStream;' in 'ui/views/waveform/executive/a')}
  0x0000013dbe9de904: 0100 0048 | bea0 22a4 | 403e 0100 | 008b becc | 0000 0083 | c702 89be | cc00 0000 | 81e7 fe07 
  0x0000013dbe9de924: 0000 83ff | 000f 848a 

  0x0000013dbe9de92c: ;   {metadata(method data for {method} {0x0000013e18066390} 'mvl' '()Ljava/io/ByteArrayInputStream;' in 'ui/views/waveform/executive/a')}
  0x0000013dbe9de92c: 1400 0048 | bea0 22a4 | 403e 0100 | 0048 8386 | 1001 0000 

  0x0000013dbe9de940: ;   {metadata(method data for {method} {0x0000013e16691730} 'gjB' '()J' in 'ui/utils/s/d')}
  0x0000013dbe9de940: 0148 beb8 | 7107 183e | 0100 008b | becc 0000 | 0083 c702 | 89be cc00 | 0000 81e7 | feff 1f00 
  0x0000013dbe9de960: 83ff 000f | 8471 1400 

  0x0000013dbe9de968: ;   {metadata(method data for {method} {0x0000013e16691730} 'gjB' '()J' in 'ui/utils/s/d')}
  0x0000013dbe9de968: 0048 beb8 | 7107 183e | 0100 0048 | 8386 1001 

  0x0000013dbe9de978: ;   {runtime_call}
  0x0000013dbe9de978: 0000 0148 | b840 23f0 | 89fa 7f00 

  0x0000013dbe9de984: ;   {other}
  0x0000013dbe9de984: 00ff d00f | 1f84 0000 | 0000 0048 | 8984 2430 | 0100 0048 | 8b94 2428 | 0100 0048 

  0x0000013dbe9de9a0: ;   {metadata(method data for {method} {0x0000013e18066390} 'mvl' '()Ljava/io/ByteArrayInputStream;' in 'ui/views/waveform/executive/a')}
  0x0000013dbe9de9a0: 8b72 1048 | bfa0 22a4 | 403e 0100 | 0048 8387 | 2001 0000 | 0148 8bd6 | 0f1f 8000 

  0x0000013dbe9de9bc: ;   {static_call}
  0x0000013dbe9de9bc: 0000 00e8 

  0x0000013dbe9de9c0: ; ImmutableOopMap {[296]=Oop }
                      ;*invokestatic WVExecutive_getGraphicsDataSize {reexecute=0 rethrow=0 return_oop=0}
                      ; - ui.views.waveform.executive.a::mvl@10 (line 449)
  0x0000013dbe9de9c0: 1cb2 d007 

  0x0000013dbe9de9c4: ;   {other}
  0x0000013dbe9de9c4: 0f1f 8400 | 3405 0000 | 448b c841 

  0x0000013dbe9de9d0: ;   {metadata(method data for {method} {0x0000013e18066390} 'mvl' '()Ljava/io/ByteArrayInputStream;' in 'ui/views/waveform/executive/a')}
  0x0000013dbe9de9d0: 83f9 0048 | bba0 22a4 | 403e 0100 | 0048 ba40 | 0100 0000 | 0000 000f | 840a 0000 | 0048 ba30 
  0x0000013dbe9de9f0: 0100 0000 | 0000 0048 | 8b34 1348 | 8d76 0148 | 8934 130f | 8441 1200 

  0x0000013dbe9dea08: ;   {metadata(method data for {method} {0x0000013e18066390} 'mvl' '()Ljava/io/ByteArrayInputStream;' in 'ui/views/waveform/executive/a')}
  0x0000013dbe9dea08: 0048 bba0 | 22a4 403e | 0100 00ff | 8350 0100 | 0048 8b94 | 2428 0100 | 0049 8bd9 | ffc3 4c8b 
  0x0000013dbe9dea28: ;   {metadata({type array byte})}
  0x0000013dbe9dea28: da48 bac0 | 2200 d53d | 0100 0048 | 63db 488b | fb48 81fb | ffff ff00 | 0f87 b513 | 0000 48be 
  0x0000013dbe9dea48: 1700 0000 | 0000 0000 | 488d 341e | 4883 e6f8 | 498b 87b8 | 0100 0048 | 8d34 3049 | 3bb7 c801 
  0x0000013dbe9dea68: 0000 0f87 | 8b13 0000 | 4989 b7b8 | 0100 0048 | 2bf0 48c7 | 0001 0000 | 0048 8bca | 49ba 0000 
  0x0000013dbe9dea88: 00d5 3d01 | 0000 492b | ca89 4808 | 8958 0c48 | 83ee 1048 | 85f6 0f84 | 1100 0000 | 4833 db48 
  0x0000013dbe9deaa8: c1ee 0348 | 895c f008 | 48ff ce75 | f648 8984 | 2438 0100 | 0049 8b53 

  0x0000013dbe9deac0: ;   {metadata(method data for {method} {0x0000013e18066390} 'mvl' '()Ljava/io/ByteArrayInputStream;' in 'ui/views/waveform/executive/a')}
  0x0000013dbe9deac0: 1049 b8a0 | 22a4 403e | 0100 0049 | 8380 f801 | 0000 014c 

  0x0000013dbe9dead4: ;   {static_call}
  0x0000013dbe9dead4: 8bc0 90e8 

  0x0000013dbe9dead8: ; ImmutableOopMap {[296]=Oop [312]=Oop }
                      ;*invokestatic WVExecutive_getGraphicsDataByteArray {reexecute=0 rethrow=0 return_oop=0}
                      ; - ui.views.waveform.executive.a::mvl@58 (line 461)
  0x0000013dbe9dead8: 0470 4208 

  0x0000013dbe9deadc: ;   {other}
  0x0000013dbe9deadc: 0f1f 8400 | 4c06 0001 | 488b 9424 | 2801 0000 | 448b 4220 | 49c1 e003 | 4983 f800 

  0x0000013dbe9deaf8: ;   {metadata(method data for {method} {0x0000013e18066390} 'mvl' '()Ljava/io/ByteArrayInputStream;' in 'ui/views/waveform/executive/a')}
  0x0000013dbe9deaf8: 48be a022 | a440 3e01 | 0000 48bf | 0802 0000 | 0000 0000 | 0f84 0a00 | 0000 48bf | 1802 0000 
  0x0000013dbe9deb18: 0000 0000 | 488b 1c3e | 488d 5b01 | 4889 1c3e | 488b 8424 | 3801 0000 | 0f84 af00 | 0000 8b70 
  0x0000013dbe9deb38: 0c41 8b78 

  0x0000013dbe9deb3c: ;   {metadata(method data for {method} {0x0000013e18066390} 'mvl' '()Ljava/io/ByteArrayInputStream;' in 'ui/views/waveform/executive/a')}
  0x0000013dbe9deb3c: 0c3b f748 | bea0 22a4 | 403e 0100 | 0048 bf28 | 0200 0000 | 0000 000f | 850a 0000 | 0048 bf38 
  0x0000013dbe9deb5c: 0200 0000 | 0000 0048 | 8b1c 3e48 | 8d5b 0148 | 891c 3e0f | 8570 0000 

  0x0000013dbe9deb74: ;   {metadata(method data for {method} {0x0000013e18066390} 'mvl' '()Ljava/io/ByteArrayInputStream;' in 'ui/views/waveform/executive/a')}
  0x0000013dbe9deb74: 0048 bea0 | 22a4 403e | 0100 0048 | 8386 4802 | 0000 0148 | 8bd0 0f1f 

  0x0000013dbe9deb8c: ;   {static_call}
  0x0000013dbe9deb8c: 4400 00e8 

  0x0000013dbe9deb90: ; ImmutableOopMap {[296]=Oop [312]=Oop }
                      ;*invokestatic equals {reexecute=0 rethrow=0 return_oop=0}
                      ; - ui.views.waveform.executive.a::mvl@85 (line 464)
  0x0000013dbe9deb90: 8c70 4308 

  0x0000013dbe9deb94: ;   {other}
  0x0000013dbe9deb94: 0f1f 8400 | 0407 0002 

  0x0000013dbe9deb9c: ;   {metadata(method data for {method} {0x0000013e18066390} 'mvl' '()Ljava/io/ByteArrayInputStream;' in 'ui/views/waveform/executive/a')}
  0x0000013dbe9deb9c: 83f8 0048 | bea0 22a4 | 403e 0100 | 0048 bf68 | 0200 0000 | 0000 000f | 850a 0000 | 0048 bf58 
  0x0000013dbe9debbc: 0200 0000 | 0000 0048 | 8b1c 3e48 | 8d5b 0148 | 891c 3e0f | 8555 1000 | 0048 8b84 | 2438 0100 
  0x0000013dbe9debdc: 0048 8b94 | 2428 0100 | 0041 0fbe | 7f40 83ff | 000f 8517 | 1200 004c | 8bd0 49c1 | ea03 4489 
  0x0000013dbe9debfc: 5220 488b | fa48 33f8 | 48c1 ef15 | 4883 ff00 | 0f85 1712 

  0x0000013dbe9dec10: ;   {metadata(method data for {method} {0x0000013e18066390} 'mvl' '()Ljava/io/ByteArrayInputStream;' in 'ui/views/waveform/executive/a')}
  0x0000013dbe9dec10: 0000 48bf | a022 a440 | 3e01 0000 | 4883 8778 | 0200 0001 

  0x0000013dbe9dec24: ;   {metadata(method data for {method} {0x0000013e16691730} 'gjB' '()J' in 'ui/utils/s/d')}
  0x0000013dbe9dec24: 48bf b871 | 0718 3e01 | 0000 8b9f | cc00 0000 | 83c3 0289 | 9fcc 0000 | 0081 e3fe | ff1f 0083 
  0x0000013dbe9dec44: fb00 0f84 | f511 0000 

  0x0000013dbe9dec4c: ;   {metadata(method data for {method} {0x0000013e16691730} 'gjB' '()J' in 'ui/utils/s/d')}
  0x0000013dbe9dec4c: 48bf b871 | 0718 3e01 | 0000 4883 | 8710 0100 

  0x0000013dbe9dec5c: ;   {runtime_call}
  0x0000013dbe9dec5c: 0001 48b8 | 4023 f089 | fa7f 0000 

  0x0000013dbe9dec68: ;   {other}
  0x0000013dbe9dec68: ffd0 0f1f | 8400 0000 | 0000 488b | 9424 3001 | 0000 482b | c248 8984 | 2440 0100 

  0x0000013dbe9dec84: ;   {metadata(method data for {method} {0x0000013dd50aff60} 'linkToTargetMethod' '(JLjava/lang/Object;)Ljava/lang/Object;' in 'java/lang/invoke/Invokers$Holder')}
  0x0000013dbe9dec84: 0048 ba20 | a656 403e | 0100 0048 | 8d92 f801 

  0x0000013dbe9dec94: ;   {oop(a 'java/lang/invoke/BoundMethodHandle$Species_LLLL'{0x0000000704af8598})}
  0x0000013dbe9dec94: 0000 48be | 9885 af04 | 0700 0000 | 488b fe48 | 85ff 7504 | 4883 0a01 

  0x0000013dbe9decac: ;   {metadata(method data for {method} {0x0000013e18066390} 'mvl' '()Ljava/io/ByteArrayInputStream;' in 'ui/views/waveform/executive/a')}
  0x0000013dbe9decac: 48ba a022 | a440 3e01 | 0000 4883 | 8288 0200 

  0x0000013dbe9decbc: ;   {metadata(method data for {method} {0x0000013dd50aff60} 'linkToTargetMethod' '(JLjava/lang/Object;)Ljava/lang/Object;' in 'java/lang/invoke/Invokers$Holder')}
  0x0000013dbe9decbc: 0001 48ba | 20a6 5640 | 3e01 0000 | 8bba cc00 | 0000 83c7 | 0289 bacc | 0000 0081 | e7fe ff1f 
  0x0000013dbe9decdc: 0083 ff00 | 0f84 7c11 

  0x0000013dbe9dece4: ;   {metadata(method data for {method} {0x0000013e19e32348} 'invoke' '(Ljava/lang/Object;J)Ljava/lang/Object;' in 'java/lang/invoke/LambdaForm$MH+0x0000013dd6a65000')}
  0x0000013dbe9dece4: 0000 48ba | 00f4 7540 | 3e01 0000 | 488d 92b8 | 0300 0048 | 85f6 7504 | 4883 0a01 

  0x0000013dbe9ded00: ;   {metadata(method data for {method} {0x0000013dd50aff60} 'linkToTargetMethod' '(JLjava/lang/Object;)Ljava/lang/Object;' in 'java/lang/invoke/Invokers$Holder')}
  0x0000013dbe9ded00: 48ba 20a6 | 5640 3e01 | 0000 4883 | 8248 0100 

  0x0000013dbe9ded10: ;   {metadata(method data for {method} {0x0000013e19e32348} 'invoke' '(Ljava/lang/Object;J)Ljava/lang/Object;' in 'java/lang/invoke/LambdaForm$MH+0x0000013dd6a65000')}
  0x0000013dbe9ded10: 0001 48ba | 00f4 7540 | 3e01 0000 | 8bb2 cc00 | 0000 83c6 | 0289 b2cc | 0000 0081 | e6fe ff1f 
  0x0000013dbe9ded30: 0083 fe00 | 0f84 4911 

  0x0000013dbe9ded38: ;   {metadata(method data for {method} {0x0000013e19e31aa0} 'invoke' '(Ljava/lang/Object;J)J' in 'java/lang/invoke/LambdaForm$MH+0x0000013dd6a64c00')}
  0x0000013dbe9ded38: 0000 48ba | 001d e319 | 3e01 0000 | 488d 9220 

  0x0000013dbe9ded48: ;   {oop(a 'java/lang/invoke/BoundMethodHandle$Species_LJ'{0x0000000704af8680})}
  0x0000013dbe9ded48: 0200 0048 | be80 86af | 0407 0000 | 0048 85f6 | 7504 4883 

  0x0000013dbe9ded5c: ;   {metadata(method data for {method} {0x0000013e19e32348} 'invoke' '(Ljava/lang/Object;J)Ljava/lang/Object;' in 'java/lang/invoke/LambdaForm$MH+0x0000013dd6a65000')}
  0x0000013dbe9ded5c: 0a01 48ba | 00f4 7540 | 3e01 0000 | 4883 8280 | 0100 0001 

  0x0000013dbe9ded70: ;   {metadata(method data for {method} {0x0000013e19e31aa0} 'invoke' '(Ljava/lang/Object;J)J' in 'java/lang/invoke/LambdaForm$MH+0x0000013dd6a64c00')}
  0x0000013dbe9ded70: 48ba 001d | e319 3e01 | 0000 8bb2 | cc00 0000 | 83c6 0289 | b2cc 0000 | 0081 e6fe | ff1f 0083 
  0x0000013dbe9ded90: fe00 0f84 | 0c11 0000 

  0x0000013dbe9ded98: ;   {metadata(method data for {method} {0x0000013dd50b4ff0} 'invokeStatic' '(Ljava/lang/Object;JJ)J' in 'java/lang/invoke/DirectMethodHandle$Holder')}
  0x0000013dbe9ded98: 48ba e099 | 5640 3e01 | 0000 488d | 9218 0200 

  0x0000013dbe9deda8: ;   {oop(a 'java/lang/invoke/DirectMethodHandle'{0x0000000703d31ed8})}
  0x0000013dbe9deda8: 0048 bed8 | 1ed3 0307 | 0000 0048 | 8bfe 4885 | ff75 0448 

  0x0000013dbe9dedbc: ;   {metadata(method data for {method} {0x0000013e19e31aa0} 'invoke' '(Ljava/lang/Object;J)J' in 'java/lang/invoke/LambdaForm$MH+0x0000013dd6a64c00')}
  0x0000013dbe9dedbc: 830a 0148 | ba00 1de3 | 193e 0100 | 0048 8382 | 8001 0000 

  0x0000013dbe9dedd0: ;   {metadata(method data for {method} {0x0000013dd50b4ff0} 'invokeStatic' '(Ljava/lang/Object;JJ)J' in 'java/lang/invoke/DirectMethodHandle$Holder')}
  0x0000013dbe9dedd0: 0148 bae0 | 9956 403e | 0100 008b | bacc 0000 | 0083 c702 | 89ba cc00 | 0000 81e7 | feff 1f00 
  0x0000013dbe9dedf0: 83ff 000f | 84cc 1000 

  0x0000013dbe9dedf8: ;   {metadata(method data for {method} {0x0000013dd50b4ff0} 'invokeStatic' '(Ljava/lang/Object;JJ)J' in 'java/lang/invoke/DirectMethodHandle$Holder')}
  0x0000013dbe9dedf8: 0048 bae0 | 9956 403e | 0100 0048 | 8d92 2001 | 0000 4885 | f675 0548 | 834a 0801 

  0x0000013dbe9dee14: ;   {metadata(method data for {method} {0x0000013dd50b4ff0} 'invokeStatic' '(Ljava/lang/Object;JJ)J' in 'java/lang/invoke/DirectMethodHandle$Holder')}
  0x0000013dbe9dee14: 48ba e099 | 5640 3e01 | 0000 4883 | 8210 0100 

  0x0000013dbe9dee24: ;   {metadata(method data for {method} {0x0000013dd50a3038} 'internalMemberName' '(Ljava/lang/Object;)Ljava/lang/Object;' in 'java/lang/invoke/DirectMethodHandle')}
  0x0000013dbe9dee24: 0001 48ba | 608f 2416 | 3e01 0000 | 8bb2 cc00 | 0000 83c6 | 0289 b2cc | 0000 0081 | e6fe ff1f 
  0x0000013dbe9dee44: 0083 fe00 | 0f84 9810 

  0x0000013dbe9dee4c: ;   {metadata(method data for {method} {0x0000013dd50b4ff0} 'invokeStatic' '(Ljava/lang/Object;JJ)J' in 'java/lang/invoke/DirectMethodHandle$Holder')}
  0x0000013dbe9dee4c: 0000 48ba | e099 5640 | 3e01 0000 | 488d 9230 

  0x0000013dbe9dee5c: ;   {oop(a 'java/lang/invoke/MemberName'{0x0000000703d31f00} = {method} {0x0000013dd5424ef8} 'mix' '(JJ)J' in 'java/lang/StringConcatHelper')}
  0x0000013dbe9dee5c: 0100 0048 | be00 1fd3 | 0307 0000 | 0048 85f6 | 7504 4883 

  0x0000013dbe9dee70: ;   {metadata(method data for {method} {0x0000013dd50b4ff0} 'invokeStatic' '(Ljava/lang/Object;JJ)J' in 'java/lang/invoke/DirectMethodHandle$Holder')}
  0x0000013dbe9dee70: 0a01 48ba | e099 5640 | 3e01 0000 | 4883 8278 | 0100 0001 

  0x0000013dbe9dee84: ;   {metadata(method data for {method} {0x0000013dd5424ef8} 'mix' '(JJ)J' in 'java/lang/StringConcatHelper')}
  0x0000013dbe9dee84: 48ba 009c | 5640 3e01 | 0000 8bb2 | cc00 0000 | 83c6 0289 | b2cc 0000 | 0081 e6fe | ff1f 0083 
  0x0000013dbe9deea4: fe00 0f84 | 5b10 0000 

  0x0000013dbe9deeac: ;   {metadata(method data for {method} {0x0000013dd5424ef8} 'mix' '(JJ)J' in 'java/lang/StringConcatHelper')}
  0x0000013dbe9deeac: 48ba 009c | 5640 3e01 | 0000 4883 | 8210 0100 | 0001 488b | d066 0f1f 

  0x0000013dbe9deec4: ;   {static_call}
  0x0000013dbe9deec4: 4400 00e8 

  0x0000013dbe9deec8: ; ImmutableOopMap {[312]=Oop }
                      ;*invokestatic stringSize {reexecute=0 rethrow=0 return_oop=0}
                      ; - java.lang.StringConcatHelper::mix@2 (line 112)
                      ; - java.lang.invoke.DirectMethodHandle$Holder::invokeStatic@13
                      ; - java.lang.invoke.LambdaForm$MH/0x0000013dd6a64c00::invoke@23
                      ; - java.lang.invoke.LambdaForm$MH/0x0000013dd6a65000::invoke@15
                      ; - java.lang.invoke.Invokers$Holder::linkToTargetMethod@5
                      ; - ui.views.waveform.executive.a::mvl@104 (line 469)
  0x0000013dbe9deec8: 5480 df07 

  0x0000013dbe9deecc: ;   {other}
  0x0000013dbe9deecc: 0f1f 8400 | 3c0a 0003 | 4863 c048 | b923 0000 | 0000 0000 | 0048 03c1 | 4889 8424 | 4801 0000 
  0x0000013dbe9deeec: ;   {metadata(method data for {method} {0x0000013dd5424ef8} 'mix' '(JJ)J' in 'java/lang/StringConcatHelper')}
  0x0000013dbe9deeec: 48b9 009c | 5640 3e01 | 0000 4883 | 8120 0100 

  0x0000013dbe9deefc: ;   {metadata(method data for {method} {0x0000013dd5424920} 'checkOverflow' '(J)J' in 'java/lang/StringConcatHelper')}
  0x0000013dbe9deefc: 0001 48b9 | 20e1 0616 | 3e01 0000 | 448b 81cc | 0000 0041 | 83c0 0244 | 8981 cc00 | 0000 4181 
  0x0000013dbe9def1c: e0fe ff1f | 0041 83f8 | 000f 84fd | 0f00 008b | f083 fe00 

  0x0000013dbe9def30: ;   {metadata(method data for {method} {0x0000013dd5424920} 'checkOverflow' '(J)J' in 'java/lang/StringConcatHelper')}
  0x0000013dbe9def30: 48b9 20e1 | 0616 3e01 | 0000 49b8 | 1001 0000 | 0000 0000 | 0f8c 0a00 | 0000 49b8 | 2001 0000 
  0x0000013dbe9def50: 0000 0000 | 4e8b 0c01 | 4d8d 4901 | 4e89 0c01 | 0f8c b30d 

  0x0000013dbe9def64: ;   {metadata(method data for {method} {0x0000013e16470e90} 'invoke' '(Ljava/lang/Object;J)Ljava/lang/Object;' in 'java/lang/invoke/LambdaForm$MH+0x0000013dd6010c00')}
  0x0000013dbe9def64: 0000 48b9 | 0811 4716 | 3e01 0000 | 488d 8940 

  0x0000013dbe9def74: ;   {oop(a 'java/lang/invoke/BoundMethodHandle$Species_LL'{0x0000000704af8640})}
  0x0000013dbe9def74: 0200 0049 | b840 86af | 0407 0000 | 004d 85c0 | 7504 4883 

  0x0000013dbe9def88: ;   {metadata(method data for {method} {0x0000013e19e32348} 'invoke' '(Ljava/lang/Object;J)Ljava/lang/Object;' in 'java/lang/invoke/LambdaForm$MH+0x0000013dd6a65000')}
  0x0000013dbe9def88: 0901 48b9 | 00f4 7540 | 3e01 0000 | 4883 81f0 | 0100 0001 

  0x0000013dbe9def9c: ;   {metadata(method data for {method} {0x0000013e16470e90} 'invoke' '(Ljava/lang/Object;J)Ljava/lang/Object;' in 'java/lang/invoke/LambdaForm$MH+0x0000013dd6010c00')}
  0x0000013dbe9def9c: 48b9 0811 | 4716 3e01 | 0000 448b | 81cc 0000 | 0041 83c0 | 0244 8981 | cc00 0000 | 4181 e0fe 
  0x0000013dbe9defbc: ff1f 0041 | 83f8 000f | 8480 0f00 

  0x0000013dbe9defc8: ;   {metadata(method data for {method} {0x0000013e16470e90} 'invoke' '(Ljava/lang/Object;J)Ljava/lang/Object;' in 'java/lang/invoke/LambdaForm$MH+0x0000013dd6010c00')}
  0x0000013dbe9defc8: 0048 b908 | 1147 163e | 0100 0048 | 8d89 b801 

  0x0000013dbe9defd8: ;   {oop(" ms"{0x0000000704af8668})}
  0x0000013dbe9defd8: 0000 49b8 | 6886 af04 | 0700 0000 | 4d8b c84d | 85c9 7505 | 4883 4908 

  0x0000013dbe9deff0: ;   {metadata(method data for {method} {0x0000013dd50b4390} 'invokeStatic' '(Ljava/lang/Object;Ljava/lang/Object;J)Ljava/lang/Object;' in 'java/lang/invoke/DirectMethodHandle$Holder')}
  0x0000013dbe9deff0: 0148 b9d8 | b597 163e | 0100 0048 | 8d89 2802 

  0x0000013dbe9df000: ;   {oop(a 'java/lang/invoke/DirectMethodHandle'{0x00000007028d1558})}
  0x0000013dbe9df000: 0000 49b9 | 5815 8d02 | 0700 0000 | 498b d148 | 85d2 7504 | 4883 0901 | 498b d048 | 85d2 7505 
  0x0000013dbe9df020: 4883 4910 

  0x0000013dbe9df024: ;   {metadata(method data for {method} {0x0000013e16470e90} 'invoke' '(Ljava/lang/Object;J)Ljava/lang/Object;' in 'java/lang/invoke/LambdaForm$MH+0x0000013dd6010c00')}
  0x0000013dbe9df024: 0148 b908 | 1147 163e | 0100 0048 | 8381 8001 

  0x0000013dbe9df034: ;   {metadata(method data for {method} {0x0000013dd50b4390} 'invokeStatic' '(Ljava/lang/Object;Ljava/lang/Object;J)Ljava/lang/Object;' in 'java/lang/invoke/DirectMethodHandle$Holder')}
  0x0000013dbe9df034: 0000 0148 | b9d8 b597 | 163e 0100 | 008b 91cc | 0000 0083 | c202 8991 | cc00 0000 | 81e2 feff 
  0x0000013dbe9df054: 1f00 83fa | 000f 840b 

  0x0000013dbe9df05c: ;   {metadata(method data for {method} {0x0000013dd50b4390} 'invokeStatic' '(Ljava/lang/Object;Ljava/lang/Object;J)Ljava/lang/Object;' in 'java/lang/invoke/DirectMethodHandle$Holder')}
  0x0000013dbe9df05c: 0f00 0048 | b9d8 b597 | 163e 0100 | 0048 8d89 | 2001 0000 | 4d85 c975 | 0548 8349 

  0x0000013dbe9df078: ;   {metadata(method data for {method} {0x0000013dd50b4390} 'invokeStatic' '(Ljava/lang/Object;Ljava/lang/Object;J)Ljava/lang/Object;' in 'java/lang/invoke/DirectMethodHandle$Holder')}
  0x0000013dbe9df078: 0801 48b9 | d8b5 9716 | 3e01 0000 | 4883 8110 | 0100 0001 

  0x0000013dbe9df08c: ;   {metadata(method data for {method} {0x0000013dd50a3038} 'internalMemberName' '(Ljava/lang/Object;)Ljava/lang/Object;' in 'java/lang/invoke/DirectMethodHandle')}
  0x0000013dbe9df08c: 48b9 608f | 2416 3e01 | 0000 448b | 89cc 0000 | 0041 83c1 | 0244 8989 | cc00 0000 | 4181 e1fe 
  0x0000013dbe9df0ac: ff1f 0041 | 83f9 000f | 84d2 0e00 

  0x0000013dbe9df0b8: ;   {metadata(method data for {method} {0x0000013dd50b4390} 'invokeStatic' '(Ljava/lang/Object;Ljava/lang/Object;J)Ljava/lang/Object;' in 'java/lang/invoke/DirectMethodHandle$Holder')}
  0x0000013dbe9df0b8: 0048 b9d8 | b597 163e | 0100 0048 | 8d89 3001 

  0x0000013dbe9df0c8: ;   {oop(a 'java/lang/invoke/MemberName'{0x00000007028d1580} = {method} {0x0000013dd5424818} 'newArrayWithSuffix' '(Ljava/lang/String;J)[B' in 'java/lang/StringConcatHelper')}
  0x0000013dbe9df0c8: 0000 49b9 | 8015 8d02 | 0700 0000 | 4d85 c975 | 0448 8309 

  0x0000013dbe9df0dc: ;   {metadata(method data for {method} {0x0000013dd50b4390} 'invokeStatic' '(Ljava/lang/Object;Ljava/lang/Object;J)Ljava/lang/Object;' in 'java/lang/invoke/DirectMethodHandle$Holder')}
  0x0000013dbe9df0dc: 0148 b9d8 | b597 163e | 0100 0048 | 8d89 8801 | 0000 4d8b | c84d 85c9 | 7505 4883 

  0x0000013dbe9df0f8: ;   {metadata(method data for {method} {0x0000013dd50b4390} 'invokeStatic' '(Ljava/lang/Object;Ljava/lang/Object;J)Ljava/lang/Object;' in 'java/lang/invoke/DirectMethodHandle$Holder')}
  0x0000013dbe9df0f8: 4908 0148 | b9d8 b597 | 163e 0100 | 0048 8381 | 7801 0000 

  0x0000013dbe9df10c: ;   {metadata(method data for {method} {0x0000013dd5424818} 'newArrayWithSuffix' '(Ljava/lang/String;J)[B' in 'java/lang/StringConcatHelper')}
  0x0000013dbe9df10c: 0148 b9b8 | 852c 183e | 0100 0044 | 8b89 cc00 | 0000 4183 | c102 4489 | 89cc 0000 | 0041 81e1 
  0x0000013dbe9df12c: feff 1f00 | 4183 f900 | 0f84 720e | 0000 498b 

  0x0000013dbe9df13c: ;   {metadata(method data for {method} {0x0000013dd5424818} 'newArrayWithSuffix' '(Ljava/lang/String;J)[B' in 'java/lang/StringConcatHelper')}
  0x0000013dbe9df13c: c849 b9b8 | 852c 183e | 0100 0049 | 8381 1001 

  0x0000013dbe9df14c: ;   {metadata(method data for {method} {0x0000013dd500eee0} 'length' '()I' in 'java/lang/String')}
  0x0000013dbe9df14c: 0000 0148 | b9e8 fa00 | 163e 0100 | 0044 8b89 | cc00 0000 | 4183 c102 | 4489 89cc | 0000 0041 
  0x0000013dbe9df16c: 81e1 feff | 1f00 4183 | f900 0f84 | 510e 0000 

  0x0000013dbe9df17c: ;   {metadata(method data for {method} {0x0000013dd500eee0} 'length' '()I' in 'java/lang/String')}
  0x0000013dbe9df17c: 48b9 e8fa | 0016 3e01 | 0000 4883 | 8110 0100 

  0x0000013dbe9df18c: ;   {metadata(method data for {method} {0x0000013dd545a188} 'coder' '()B' in 'java/lang/String')}
  0x0000013dbe9df18c: 0001 48b9 | b0cf 0016 | 3e01 0000 | 448b 81cc | 0000 0041 | 83c0 0244 | 8981 cc00 | 0000 4181 
  0x0000013dbe9df1ac: e0fe ff1f | 0041 83f8 | 000f 8433 

  0x0000013dbe9df1b8: ;   {metadata(method data for {method} {0x0000013dd545a188} 'coder' '()B' in 'java/lang/String')}
  0x0000013dbe9df1b8: 0e00 0048 | b9b0 cf00 | 163e 0100 | 00ff 8120 

  0x0000013dbe9df1c8: ;   {metadata(method data for {method} {0x0000013dd545a188} 'coder' '()B' in 'java/lang/String')}
  0x0000013dbe9df1c8: 0100 0048 | b9b0 cf00 | 163e 0100 | 00ff 8130 | 0100 004c | 8bc0 49ba | 0300 0000 | 0000 0000 
  0x0000013dbe9df1e8: ;   {metadata(method data for {method} {0x0000013dd5424818} 'newArrayWithSuffix' '(Ljava/lang/String;J)[B' in 'java/lang/StringConcatHelper')}
  0x0000013dbe9df1e8: 4d03 c248 | b9b8 852c | 183e 0100 | 0048 8381 | 4801 0000 

  0x0000013dbe9df1fc: ;   {metadata(method data for {method} {0x0000013dd5425160} 'newArray' '(J)[B' in 'java/lang/StringConcatHelper')}
  0x0000013dbe9df1fc: 0148 b990 | 6f04 163e | 0100 0044 | 8b89 cc00 | 0000 4183 | c102 4489 | 89cc 0000 | 0041 81e1 
  0x0000013dbe9df21c: feff 1f00 | 4183 f900 | 0f84 e50d | 0000 b920 | 0000 004d | 8bc8 49d3 | f945 8bc9 | 450f bec9 
  0x0000013dbe9df23c: 458b c049 | 8bc9 4d8b | c841 d3e1 | 4183 f900 

  0x0000013dbe9df24c: ;   {metadata(method data for {method} {0x0000013dd5425160} 'newArray' '(J)[B' in 'java/lang/StringConcatHelper')}
  0x0000013dbe9df24c: 49b8 906f | 0416 3e01 | 0000 48ba | 2001 0000 | 0000 0000 | 0f8c 0a00 | 0000 48ba | 1001 0000 
  0x0000013dbe9df26c: 0000 0000 | 498b 3c10 | 488d 7f01 | 4989 3c10 | 0f8c f509 | 0000 89b4 | 2450 0100 

  0x0000013dbe9df288: ;   {oop(a 'jdk/internal/misc/Unsafe'{0x0000000702112cb0})}
  0x0000013dbe9df288: 0048 bab0 | 2c11 0207 | 0000 004c 

  0x0000013dbe9df294: ;   {metadata(method data for {method} {0x0000013dd5425160} 'newArray' '(J)[B' in 'java/lang/StringConcatHelper')}
  0x0000013dbe9df294: 8bc2 48bf | 906f 0416 | 3e01 0000 | 4883 8740 | 0100 0001 

  0x0000013dbe9df2a8: ;   {oop(a 'java/lang/Class'{0x0000000702113410} = byte)}
  0x0000013dbe9df2a8: 49b8 1034 | 1102 0700 | 0000 0f1f 

  0x0000013dbe9df2b4: ;   {optimized virtual_call}
  0x0000013dbe9df2b4: 4400 00e8 

  0x0000013dbe9df2b8: ; ImmutableOopMap {[312]=Oop }
                      ;*invokevirtual allocateUninitializedArray {reexecute=0 rethrow=0 return_oop=0}
                      ; - java.lang.StringConcatHelper::newArray@33 (line 511)
                      ; - java.lang.StringConcatHelper::newArrayWithSuffix@7 (line 489)
                      ; - java.lang.invoke.DirectMethodHandle$Holder::invokeStatic@13
                      ; - java.lang.invoke.LambdaForm$MH/0x0000013dd6010c00::invoke@23
                      ; - java.lang.invoke.LambdaForm$MH/0x0000013dd6a65000::invoke@33
                      ; - java.lang.invoke.Invokers$Holder::linkToTargetMethod@5
                      ; - ui.views.waveform.executive.a::mvl@104 (line 469)
  0x0000013dbe9df2b8: 040f c507 

  0x0000013dbe9df2bc: ;   {other}
  0x0000013dbe9df2bc: 0f1f 8400 | 2c0e 0004 | 4883 f800 

  0x0000013dbe9df2c8: ;   {metadata(method data for {method} {0x0000013dd5425160} 'newArray' '(J)[B' in 'java/lang/StringConcatHelper')}
  0x0000013dbe9df2c8: 7517 49b9 | 906f 0416 | 3e01 0000 | 4180 8971 | 0100 0001 | e9ce 0000 

  0x0000013dbe9df2e0: ;   {metadata({type array byte})}
  0x0000013dbe9df2e0: 0048 bfc0 | 2200 d53d | 0100 0044 | 8b48 0849 | ba00 0000 | d53d 0100 | 004d 03ca | 493b 7938 
  0x0000013dbe9df300: 0f85 8d00 

  0x0000013dbe9df304: ;   {metadata(method data for {method} {0x0000013dd5425160} 'newArray' '(J)[B' in 'java/lang/StringConcatHelper')}
  0x0000013dbe9df304: 0000 49b9 | 906f 0416 | 3e01 0000 | 8b78 0849 | ba00 0000 | d53d 0100 | 0049 03fa | 493b b988 
  0x0000013dbe9df324: 0100 0075 | 0d49 8381 | 9001 0000 | 01e9 7900 | 0000 493b | b998 0100 | 0075 0d49 | 8381 a001 
  0x0000013dbe9df344: 0000 01e9 | 6300 0000 | 4983 b988 | 0100 0000 | 7517 4989 | b988 0100 | 0049 c781 | 9001 0000 
  0x0000013dbe9df364: 0100 0000 | e942 0000 | 0049 83b9 | 9801 0000 | 0075 1749 | 89b9 9801 | 0000 49c7 | 81a0 0100 
  0x0000013dbe9df384: 0001 0000 | 00e9 2100 | 0000 e91c 

  0x0000013dbe9df390: ;   {metadata(method data for {method} {0x0000013dd5425160} 'newArray' '(J)[B' in 'java/lang/StringConcatHelper')}
  0x0000013dbe9df390: 0000 0049 | b990 6f04 | 163e 0100 | 0049 83a9 | 7801 0000 | 01e9 860c | 0000 e900 | 0000 0048 
  0x0000013dbe9df3b0: 8bf0 4889 | b424 5801 | 0000 488b | 8424 4801 | 0000 49b8 | 0000 0000 | 0100 0000 

  0x0000013dbe9df3cc: ;   {metadata(method data for {method} {0x0000013dd5424818} 'newArrayWithSuffix' '(Ljava/lang/String;J)[B' in 'java/lang/StringConcatHelper')}
  0x0000013dbe9df3cc: 493b c049 | b8b8 852c | 183e 0100 | 0049 b958 | 0100 0000 | 0000 000f | 8d0a 0000 | 0049 b968 
  0x0000013dbe9df3ec: 0100 0000 | 0000 004b | 8b3c 0848 | 8d7f 014b | 893c 080f | 8d55 0000 

  0x0000013dbe9df404: ;   {oop(" ms"{0x0000000704af8668})}
  0x0000013dbe9df404: 0048 ba68 | 86af 0407 | 0000 004c 

  0x0000013dbe9df410: ;   {metadata(method data for {method} {0x0000013dd5424818} 'newArrayWithSuffix' '(Ljava/lang/String;J)[B' in 'java/lang/StringConcatHelper')}
  0x0000013dbe9df410: 8bc2 49b9 | b885 2c18 | 3e01 0000 | 4983 8178 | 0100 0001 | 4c8b c644 | 8b8c 2450 | 0100 00bf 
  0x0000013dbe9df430: 0000 0000 

  0x0000013dbe9df434: ;   {optimized virtual_call}
  0x0000013dbe9df434: 6666 90e8 

  0x0000013dbe9df438: ; ImmutableOopMap {[312]=Oop [344]=Oop }
                      ;*invokevirtual getBytes {reexecute=0 rethrow=0 return_oop=0}
                      ; - java.lang.StringConcatHelper::newArrayWithSuffix@24 (line 491)
                      ; - java.lang.invoke.DirectMethodHandle$Holder::invokeStatic@13
                      ; - java.lang.invoke.LambdaForm$MH/0x0000013dd6010c00::invoke@23
                      ; - java.lang.invoke.LambdaForm$MH/0x0000013dd6a65000::invoke@33
                      ; - java.lang.invoke.Invokers$Holder::linkToTargetMethod@5
                      ; - ui.views.waveform.executive.a::mvl@104 (line 469)
  0x0000013dbe9df438: 84a6 d707 

  0x0000013dbe9df43c: ;   {other}
  0x0000013dbe9df43c: 0f1f 8400 | ac0f 0005 

  0x0000013dbe9df444: ;   {metadata(method data for {method} {0x0000013dd5424818} 'newArrayWithSuffix' '(Ljava/lang/String;J)[B' in 'java/lang/StringConcatHelper')}
  0x0000013dbe9df444: 49b8 b885 | 2c18 3e01 | 0000 41ff | 80b0 0100 | 00e9 4a00 | 0000 8bb4 | 2450 0100 

  0x0000013dbe9df460: ;   {oop(" ms"{0x0000000704af8668})}
  0x0000013dbe9df460: 0048 ba68 | 86af 0407 | 0000 004c 

  0x0000013dbe9df46c: ;   {metadata(method data for {method} {0x0000013dd5424818} 'newArrayWithSuffix' '(Ljava/lang/String;J)[B' in 'java/lang/StringConcatHelper')}
  0x0000013dbe9df46c: 8bc2 49b9 | b885 2c18 | 3e01 0000 | 4983 81c8 | 0100 0001 | 4c8b 8424 | 5801 0000 | 4c8b cebf 
  0x0000013dbe9df48c: 0100 0000 | 0f1f 8000 

  0x0000013dbe9df494: ;   {optimized virtual_call}
  0x0000013dbe9df494: 0000 00e8 

  0x0000013dbe9df498: ; ImmutableOopMap {[312]=Oop [344]=Oop }
                      ;*invokevirtual getBytes {reexecute=0 rethrow=0 return_oop=0}
                      ; - java.lang.StringConcatHelper::newArrayWithSuffix@35 (line 493)
                      ; - java.lang.invoke.DirectMethodHandle$Holder::invokeStatic@13
                      ; - java.lang.invoke.LambdaForm$MH/0x0000013dd6010c00::invoke@23
                      ; - java.lang.invoke.LambdaForm$MH/0x0000013dd6a65000::invoke@33
                      ; - java.lang.invoke.Invokers$Holder::linkToTargetMethod@5
                      ; - ui.views.waveform.executive.a::mvl@104 (line 469)
  0x0000013dbe9df498: e4f5 4307 

  0x0000013dbe9df49c: ;   {other}
  0x0000013dbe9df49c: 0f1f 8400 | 0c10 0006 | 488b b424 | 5801 0000 

  0x0000013dbe9df4ac: ;   {metadata(method data for {method} {0x0000013dd50b4390} 'invokeStatic' '(Ljava/lang/Object;Ljava/lang/Object;J)Ljava/lang/Object;' in 'java/lang/invoke/DirectMethodHandle$Holder')}
  0x0000013dbe9df4ac: 48ba d8b5 | 9716 3e01 | 0000 488d | 92a8 0100 | 004c 8bc6 | 4d85 c075 | 0448 830a 

  0x0000013dbe9df4c8: ;   {metadata(method data for {method} {0x0000013e16470e90} 'invoke' '(Ljava/lang/Object;J)Ljava/lang/Object;' in 'java/lang/invoke/LambdaForm$MH+0x0000013dd6010c00')}
  0x0000013dbe9df4c8: 0148 ba08 | 1147 163e | 0100 0048 | 8d92 c801 | 0000 4c8b | c64d 85c0 | 7504 4883 

  0x0000013dbe9df4e4: ;   {metadata(method data for {method} {0x0000013e19e32348} 'invoke' '(Ljava/lang/Object;J)Ljava/lang/Object;' in 'java/lang/invoke/LambdaForm$MH+0x0000013dd6a65000')}
  0x0000013dbe9df4e4: 0a01 48ba | 00f4 7540 | 3e01 0000 | 488d 9228 | 0200 004c | 8bc6 4d85 | c075 0448 

  0x0000013dbe9df500: ;   {metadata(method data for {method} {0x0000013e19e32348} 'invoke' '(Ljava/lang/Object;J)Ljava/lang/Object;' in 'java/lang/invoke/LambdaForm$MH+0x0000013dd6a65000')}
  0x0000013dbe9df500: 830a 0148 | ba00 f475 | 403e 0100 | 0048 8d92 | a802 0000 | 4c8b c64d | 85c0 7505 | 4883 4a08 
  0x0000013dbe9df520: ;   {metadata(method data for {method} {0x0000013e19095a98} 'invoke' '(Ljava/lang/Object;JLjava/lang/Object;J)J' in 'java/lang/invoke/LambdaForm$MH+0x0000013dd6787400')}
  0x0000013dbe9df520: 0148 baf8 | 5c09 193e | 0100 0048 | 8d92 6002 

  0x0000013dbe9df530: ;   {oop(a 'java/lang/invoke/BoundMethodHandle$Species_LL'{0x0000000704af85c8})}
  0x0000013dbe9df530: 0000 49b8 | c885 af04 | 0700 0000 | 4d85 c075 | 0448 830a | 014c 8bc6 | 4d85 c075 | 0548 834a 
  0x0000013dbe9df550: ;   {metadata(method data for {method} {0x0000013e19e32348} 'invoke' '(Ljava/lang/Object;J)Ljava/lang/Object;' in 'java/lang/invoke/LambdaForm$MH+0x0000013dd6a65000')}
  0x0000013dbe9df550: 1001 48ba | 00f4 7540 | 3e01 0000 | 4883 8270 | 0200 0001 

  0x0000013dbe9df564: ;   {metadata(method data for {method} {0x0000013e19095a98} 'invoke' '(Ljava/lang/Object;JLjava/lang/Object;J)J' in 'java/lang/invoke/LambdaForm$MH+0x0000013dd6787400')}
  0x0000013dbe9df564: 48ba f85c | 0919 3e01 | 0000 448b | 82cc 0000 | 0041 83c0 | 0244 8982 | cc00 0000 | 4181 e0fe 
  0x0000013dbe9df584: ff1f 0041 | 83f8 000f | 84a8 0a00 

  0x0000013dbe9df590: ;   {metadata(method data for {method} {0x0000013e19095a98} 'invoke' '(Ljava/lang/Object;JLjava/lang/Object;J)J' in 'java/lang/invoke/LambdaForm$MH+0x0000013dd6787400')}
  0x0000013dbe9df590: 0048 baf8 | 5c09 193e | 0100 0048 | 8d92 b801 | 0000 4c8b | c64d 85c0 | 7505 4883 

  0x0000013dbe9df5ac: ;   {metadata(method data for {method} {0x0000013dd50b4ee8} 'invokeStatic' '(Ljava/lang/Object;JLjava/lang/Object;JLjava/lang/Object;)J' in 'java/lang/invoke/DirectMethodHandle$Holder')}
  0x0000013dbe9df5ac: 4a08 0148 | ba88 9d56 | 403e 0100 | 0048 8d92 | 3802 0000 

  0x0000013dbe9df5c0: ;   {oop(a 'java/lang/invoke/DirectMethodHandle'{0x0000000703d430f8})}
  0x0000013dbe9df5c0: 49b8 f830 | d403 0700 | 0000 4d8b | c84d 85c9 | 7504 4883 | 0a01 4c8b | ce4d 85c9 | 7505 4883 
  0x0000013dbe9df5e0: ;   {metadata(method data for {method} {0x0000013e19095a98} 'invoke' '(Ljava/lang/Object;JLjava/lang/Object;J)J' in 'java/lang/invoke/LambdaForm$MH+0x0000013dd6787400')}
  0x0000013dbe9df5e0: 4a10 0148 | baf8 5c09 | 193e 0100 | 0048 8382 | 8001 0000 

  0x0000013dbe9df5f4: ;   {metadata(method data for {method} {0x0000013dd50b4ee8} 'invokeStatic' '(Ljava/lang/Object;JLjava/lang/Object;JLjava/lang/Object;)J' in 'java/lang/invoke/DirectMethodHandle$Holder')}
  0x0000013dbe9df5f4: 0148 ba88 | 9d56 403e | 0100 0044 | 8b8a cc00 | 0000 4183 | c102 4489 | 8acc 0000 | 0041 81e1 
  0x0000013dbe9df614: feff 1f00 | 4183 f900 | 0f84 380a 

  0x0000013dbe9df620: ;   {metadata(method data for {method} {0x0000013dd50b4ee8} 'invokeStatic' '(Ljava/lang/Object;JLjava/lang/Object;JLjava/lang/Object;)J' in 'java/lang/invoke/DirectMethodHandle$Holder')}
  0x0000013dbe9df620: 0000 48ba | 889d 5640 | 3e01 0000 | 488d 9220 | 0100 004d | 85c0 7505 | 4883 4a08 

  0x0000013dbe9df63c: ;   {metadata(method data for {method} {0x0000013dd50b4ee8} 'invokeStatic' '(Ljava/lang/Object;JLjava/lang/Object;JLjava/lang/Object;)J' in 'java/lang/invoke/DirectMethodHandle$Holder')}
  0x0000013dbe9df63c: 0148 ba88 | 9d56 403e | 0100 0048 | 8382 1001 

  0x0000013dbe9df64c: ;   {metadata(method data for {method} {0x0000013dd50a3038} 'internalMemberName' '(Ljava/lang/Object;)Ljava/lang/Object;' in 'java/lang/invoke/DirectMethodHandle')}
  0x0000013dbe9df64c: 0000 0148 | ba60 8f24 | 163e 0100 | 0044 8b82 | cc00 0000 | 4183 c002 | 4489 82cc | 0000 0041 
  0x0000013dbe9df66c: 81e0 feff | 1f00 4183 | f800 0f84 | ff09 0000 

  0x0000013dbe9df67c: ;   {metadata(method data for {method} {0x0000013dd50b4ee8} 'invokeStatic' '(Ljava/lang/Object;JLjava/lang/Object;JLjava/lang/Object;)J' in 'java/lang/invoke/DirectMethodHandle$Holder')}
  0x0000013dbe9df67c: 48ba 889d | 5640 3e01 | 0000 488d | 9230 0100 

  0x0000013dbe9df68c: ;   {oop(a 'java/lang/invoke/MemberName'{0x0000000703d43168} = {method} {0x0000013dd5424d98} 'prepend' '(J[BJLjava/lang/String;)J' in 'java/lang/StringConcatHelper')}
  0x0000013dbe9df68c: 0048 bb68 | 31d4 0307 | 0000 004c | 8bc3 4d85 | c075 0448 

  0x0000013dbe9df6a0: ;   {metadata(method data for {method} {0x0000013dd50b4ee8} 'invokeStatic' '(Ljava/lang/Object;JLjava/lang/Object;JLjava/lang/Object;)J' in 'java/lang/invoke/DirectMethodHandle$Holder')}
  0x0000013dbe9df6a0: 830a 0148 | ba88 9d56 | 403e 0100 | 0048 8d92 | 8801 0000 | 4c8b c64d | 85c0 7505 | 4883 4a08 
  0x0000013dbe9df6c0: ;   {oop("WaveformExecutive.getGraphicsData: "{0x0000000704af85f0})}
  0x0000013dbe9df6c0: 0148 bff0 | 85af 0407 | 0000 004c | 8bc7 4d85 | c075 0548 | 834a 1801 

  0x0000013dbe9df6d8: ;   {metadata(method data for {method} {0x0000013dd50b4ee8} 'invokeStatic' '(Ljava/lang/Object;JLjava/lang/Object;JLjava/lang/Object;)J' in 'java/lang/invoke/DirectMethodHandle$Holder')}
  0x0000013dbe9df6d8: 48ba 889d | 5640 3e01 | 0000 4883 | 8278 0100 | 0001 488b | 9424 4801 | 0000 4c8b | c64c 8b8c 
  0x0000013dbe9df6f8: 2440 0100 | 0048 8bf3 | 0f1f 8000 

  0x0000013dbe9df704: ;   {static_call}
  0x0000013dbe9df704: 0000 00e8 

  0x0000013dbe9df708: ; ImmutableOopMap {[312]=Oop [344]=Oop }
                      ;*invokestatic linkToStatic {reexecute=0 rethrow=0 return_oop=0}
                      ; - java.lang.invoke.DirectMethodHandle$Holder::invokeStatic@17
                      ; - java.lang.invoke.LambdaForm$MH/0x0000013dd6787400::invoke@28
                      ; - java.lang.invoke.LambdaForm$MH/0x0000013dd6a65000::invoke@54
                      ; - java.lang.invoke.Invokers$Holder::linkToTargetMethod@5
                      ; - ui.views.waveform.executive.a::mvl@104 (line 469)
  0x0000013dbe9df708: 74e2 2608 

  0x0000013dbe9df70c: ;   {other}
  0x0000013dbe9df70c: 0f1f 8400 | 7c12 0007 

  0x0000013dbe9df714: ;   {metadata(method data for {method} {0x0000013e19e32348} 'invoke' '(Ljava/lang/Object;J)Ljava/lang/Object;' in 'java/lang/invoke/LambdaForm$MH+0x0000013dd6a65000')}
  0x0000013dbe9df714: 48ba 00f4 | 7540 3e01 | 0000 488d | 9230 0300 | 0048 8bb4 | 2458 0100 | 004c 8bc6 | 4d85 c075 
  0x0000013dbe9df734: 0548 834a 

  0x0000013dbe9df738: ;   {metadata(method data for {method} {0x0000013dd50b4390} 'invokeStatic' '(Ljava/lang/Object;Ljava/lang/Object;J)Ljava/lang/Object;' in 'java/lang/invoke/DirectMethodHandle$Holder')}
  0x0000013dbe9df738: 0801 48ba | d8b5 9716 | 3e01 0000 | 488d 9228 

  0x0000013dbe9df748: ;   {oop(a 'java/lang/invoke/DirectMethodHandle'{0x00000007028d0ce0})}
  0x0000013dbe9df748: 0200 0049 | b8e0 0c8d | 0207 0000 | 004d 8bc8 | 4d85 c975 | 0448 830a | 014c 8bce | 4d85 c975 
  0x0000013dbe9df768: 0548 834a 

  0x0000013dbe9df76c: ;   {metadata(method data for {method} {0x0000013e19e32348} 'invoke' '(Ljava/lang/Object;J)Ljava/lang/Object;' in 'java/lang/invoke/LambdaForm$MH+0x0000013dd6a65000')}
  0x0000013dbe9df76c: 1001 48ba | 00f4 7540 | 3e01 0000 | 4883 82f8 | 0200 0001 

  0x0000013dbe9df780: ;   {metadata(method data for {method} {0x0000013dd50b4390} 'invokeStatic' '(Ljava/lang/Object;Ljava/lang/Object;J)Ljava/lang/Object;' in 'java/lang/invoke/DirectMethodHandle$Holder')}
  0x0000013dbe9df780: 48ba d8b5 | 9716 3e01 | 0000 448b | 8acc 0000 | 0041 83c1 | 0244 898a | cc00 0000 | 4181 e1fe 
  0x0000013dbe9df7a0: ff1f 0041 | 83f9 000f | 84ef 0800 

  0x0000013dbe9df7ac: ;   {metadata(method data for {method} {0x0000013dd50b4390} 'invokeStatic' '(Ljava/lang/Object;Ljava/lang/Object;J)Ljava/lang/Object;' in 'java/lang/invoke/DirectMethodHandle$Holder')}
  0x0000013dbe9df7ac: 0048 bad8 | b597 163e | 0100 0048 | 8d92 2001 | 0000 4d85 | c075 0548 | 834a 0801 

  0x0000013dbe9df7c8: ;   {metadata(method data for {method} {0x0000013dd50b4390} 'invokeStatic' '(Ljava/lang/Object;Ljava/lang/Object;J)Ljava/lang/Object;' in 'java/lang/invoke/DirectMethodHandle$Holder')}
  0x0000013dbe9df7c8: 48ba d8b5 | 9716 3e01 | 0000 4883 | 8210 0100 

  0x0000013dbe9df7d8: ;   {metadata(method data for {method} {0x0000013dd50a3038} 'internalMemberName' '(Ljava/lang/Object;)Ljava/lang/Object;' in 'java/lang/invoke/DirectMethodHandle')}
  0x0000013dbe9df7d8: 0001 48ba | 608f 2416 | 3e01 0000 | 448b 82cc | 0000 0041 | 83c0 0244 | 8982 cc00 | 0000 4181 
  0x0000013dbe9df7f8: e0fe ff1f | 0041 83f8 | 000f 84b6 

  0x0000013dbe9df804: ;   {metadata(method data for {method} {0x0000013dd50b4390} 'invokeStatic' '(Ljava/lang/Object;Ljava/lang/Object;J)Ljava/lang/Object;' in 'java/lang/invoke/DirectMethodHandle$Holder')}
  0x0000013dbe9df804: 0800 0048 | bad8 b597 | 163e 0100 | 0048 8d92 | 3001 0000 

  0x0000013dbe9df818: ;   {oop(a 'java/lang/invoke/MemberName'{0x00000007028d0d08} = {method} {0x0000013dd54250b0} 'newString' '([BJ)Ljava/lang/String;' in 'java/lang/StringConcatHelper')}
  0x0000013dbe9df818: 49b9 080d | 8d02 0700 | 0000 4d8b | c14d 85c0 | 7504 4883 

  0x0000013dbe9df82c: ;   {metadata(method data for {method} {0x0000013dd50b4390} 'invokeStatic' '(Ljava/lang/Object;Ljava/lang/Object;J)Ljava/lang/Object;' in 'java/lang/invoke/DirectMethodHandle$Holder')}
  0x0000013dbe9df82c: 0a01 48ba | d8b5 9716 | 3e01 0000 | 488d 9288 | 0100 004c | 8bc6 4d85 | c075 0548 | 834a 0801 
  0x0000013dbe9df84c: 4d8b c14d | 85c0 7505 | 4883 4a18 

  0x0000013dbe9df858: ;   {metadata(method data for {method} {0x0000013dd50b4390} 'invokeStatic' '(Ljava/lang/Object;Ljava/lang/Object;J)Ljava/lang/Object;' in 'java/lang/invoke/DirectMethodHandle$Holder')}
  0x0000013dbe9df858: 0148 bad8 | b597 163e | 0100 0048 | 8382 7801 | 0000 0148 | 8bd6 4c8b | c066 0f1f 

  0x0000013dbe9df874: ;   {static_call}
  0x0000013dbe9df874: 4400 00e8 

  0x0000013dbe9df878: ; ImmutableOopMap {[312]=Oop }
                      ;*invokestatic linkToStatic {reexecute=0 rethrow=0 return_oop=0}
                      ; - java.lang.invoke.DirectMethodHandle$Holder::invokeStatic@13
                      ; - java.lang.invoke.LambdaForm$MH/0x0000013dd6a65000::invoke@74
                      ; - java.lang.invoke.Invokers$Holder::linkToTargetMethod@5
                      ; - ui.views.waveform.executive.a::mvl@104 (line 469)
  0x0000013dbe9df878: 84f9 b507 

  0x0000013dbe9df87c: ;   {other}
  0x0000013dbe9df87c: 0f1f 8400 | ec13 0008 

  0x0000013dbe9df884: ;   {metadata(method data for {method} {0x0000013dd50b4390} 'invokeStatic' '(Ljava/lang/Object;Ljava/lang/Object;J)Ljava/lang/Object;' in 'java/lang/invoke/DirectMethodHandle$Holder')}
  0x0000013dbe9df884: 48ba d8b5 | 9716 3e01 | 0000 488d | 92a8 0100 | 0048 8bf0 | 4885 f675 | 0448 830a 

  0x0000013dbe9df8a0: ;   {metadata(method data for {method} {0x0000013e19e32348} 'invoke' '(Ljava/lang/Object;J)Ljava/lang/Object;' in 'java/lang/invoke/LambdaForm$MH+0x0000013dd6a65000')}
  0x0000013dbe9df8a0: 0148 ba00 | f475 403e | 0100 0048 | 8d92 4003 | 0000 488b | f048 85f6 | 7506 4883 | 0a01 eb26 
  0x0000013dbe9df8c0: 8b76 0849 | ba00 0000 | d53d 0100 | 0049 03f2 | 4833 3248 | f7c6 fcff | ffff 740a | 40f6 c602 
  0x0000013dbe9df8e0: 7504 4883 

  0x0000013dbe9df8e4: ;   {metadata(method data for {method} {0x0000013dd50aff60} 'linkToTargetMethod' '(JLjava/lang/Object;)Ljava/lang/Object;' in 'java/lang/invoke/Invokers$Holder')}
  0x0000013dbe9df8e4: 0a02 48ba | 20a6 5640 | 3e01 0000 | 488d 9280 | 0100 0048 | 8bf0 4885 | f675 0648 | 830a 01eb 
  0x0000013dbe9df904: 268b 7608 | 49ba 0000 | 00d5 3d01 | 0000 4903 | f248 3332 | 48f7 c6fc | ffff ff74 | 0a40 f6c6 
  0x0000013dbe9df924: 0275 0448 | 830a 02e9 | 3802 0000 | 498b 8700 | 0500 004d | 33d2 4d89 | 9700 0500 | 004d 33d2 
  0x0000013dbe9df944: 4d89 9708 | 0500 0048 

  0x0000013dbe9df94c: ;   {metadata(method data for {method} {0x0000013e18066390} 'mvl' '()Ljava/io/ByteArrayInputStream;' in 'ui/views/waveform/executive/a')}
  0x0000013dbe9df94c: 8bd0 48be | a022 a440 | 3e01 0000 | 8b52 0849 | ba00 0000 | d53d 0100 | 0049 03d2 | 483b 9678 
  0x0000013dbe9df96c: 0100 0075 | 0d48 8386 | 8001 0000 | 01e9 6000 | 0000 483b | 9688 0100 | 0075 0d48 | 8386 9001 
  0x0000013dbe9df98c: 0000 01e9 | 4a00 0000 | 4883 be78 | 0100 0000 | 7517 4889 | 9678 0100 | 0048 c786 | 8001 0000 
  0x0000013dbe9df9ac: 0100 0000 | e929 0000 | 0048 83be | 8801 0000 | 0075 1748 | 8996 8801 | 0000 48c7 | 8690 0100 
  0x0000013dbe9df9cc: 0001 0000 | 00e9 0800 | 0000 4883 | 8668 0100 | 0001 488b | d048 8984 | 2460 0100 | 000f 1f40 
  0x0000013dbe9df9ec: 0048 b8ff | ffff ffff 

  0x0000013dbe9df9f4: ;   {virtual_call}
  0x0000013dbe9df9f4: ffff ffe8 

  0x0000013dbe9df9f8: ; ImmutableOopMap {[352]=Oop }
                      ;*invokevirtual toString {reexecute=0 rethrow=0 return_oop=0}
                      ; - ui.views.waveform.executive.a::mvl@28 (line 454)
  0x0000013dbe9df9f8: 84f3 4307 

  0x0000013dbe9df9fc: ;   {other}
  0x0000013dbe9df9fc: 0f1f 8400 | 6c15 0009 

  0x0000013dbe9dfa04: ; implicit exception: dispatches to 0x0000013dbe9e00de
  0x0000013dbe9dfa04: 483b 004c 

  0x0000013dbe9dfa08: ;   {metadata(method data for {method} {0x0000013e18066390} 'mvl' '()Ljava/io/ByteArrayInputStream;' in 'ui/views/waveform/executive/a')}
  0x0000013dbe9dfa08: 8bc0 48ba | a022 a440 | 3e01 0000 | 4883 82a0 | 0100 0001 

  0x0000013dbe9dfa1c: ;   {metadata(method data for {method} {0x0000013dd5457ed0} 'contains' '(Ljava/lang/CharSequence;)Z' in 'java/lang/String')}
  0x0000013dbe9dfa1c: 49b8 380d | 4d16 3e01 | 0000 418b | 90cc 0000 | 0083 c202 | 4189 90cc | 0000 0081 | e2fe ff1f 
  0x0000013dbe9dfa3c: 0083 fa00 | 0f84 9d06 

  0x0000013dbe9dfa44: ;   {oop("Unknown exception occurred"{0x0000000703ffe900})}
  0x0000013dbe9dfa44: 0000 49b8 | 00e9 ff03 | 0700 0000 

  0x0000013dbe9dfa50: ;   {metadata(method data for {method} {0x0000013dd5457ed0} 'contains' '(Ljava/lang/CharSequence;)Z' in 'java/lang/String')}
  0x0000013dbe9dfa50: 498b d048 | be38 0d4d | 163e 0100 | 0048 8386 | 2801 0000 

  0x0000013dbe9dfa64: ;   {metadata(method data for {method} {0x0000013dd500ebd0} 'toString' '()Ljava/lang/String;' in 'java/lang/String')}
  0x0000013dbe9dfa64: 0148 ba90 | da06 163e | 0100 008b | b2cc 0000 | 0083 c602 | 89b2 cc00 | 0000 81e6 | feff 1f00 
  0x0000013dbe9dfa84: 83fe 000f | 8477 0600 | 0048 8bd0 

  0x0000013dbe9dfa90: ;   {metadata(method data for {method} {0x0000013dd5457ed0} 'contains' '(Ljava/lang/CharSequence;)Z' in 'java/lang/String')}
  0x0000013dbe9dfa90: 48be 380d | 4d16 3e01 | 0000 4883 | 8648 0100 | 0001 488b 

  0x0000013dbe9dfaa4: ;   {optimized virtual_call}
  0x0000013dbe9dfaa4: d066 90e8 

  0x0000013dbe9dfaa8: ; ImmutableOopMap {[352]=Oop }
                      ;*invokevirtual indexOf {reexecute=0 rethrow=0 return_oop=0}
                      ; - java.lang.String::contains@7 (line 2977)
                      ; - ui.views.waveform.executive.a::mvl@33 (line 454)
  0x0000013dbe9dfaa8: d4ef 4307 

  0x0000013dbe9dfaac: ;   {other}
  0x0000013dbe9dfaac: 0f1f 8400 | 1c16 000a 

  0x0000013dbe9dfab4: ;   {metadata(method data for {method} {0x0000013dd5457ed0} 'contains' '(Ljava/lang/CharSequence;)Z' in 'java/lang/String')}
  0x0000013dbe9dfab4: 83f8 0048 | b838 0d4d | 163e 0100 | 0048 ba80 | 0100 0000 | 0000 000f | 8c0a 0000 | 0048 ba90 
  0x0000013dbe9dfad4: 0100 0000 | 0000 0048 | 8b34 1048 | 8d76 0148 | 8934 100f | 8c1a 0000 

  0x0000013dbe9dfaec: ;   {metadata(method data for {method} {0x0000013dd5457ed0} 'contains' '(Ljava/lang/CharSequence;)Z' in 'java/lang/String')}
  0x0000013dbe9dfaec: 0048 b838 | 0d4d 163e | 0100 00ff | 80a0 0100 | 00b8 0100 | 0000 e905 | 0000 00b8 | 0000 0000 
  0x0000013dbe9dfb0c: 83e0 0183 

  0x0000013dbe9dfb10: ;   {metadata(method data for {method} {0x0000013e18066390} 'mvl' '()Ljava/io/ByteArrayInputStream;' in 'ui/views/waveform/executive/a')}
  0x0000013dbe9dfb10: f800 48b8 | a022 a440 | 3e01 0000 | 48ba d801 | 0000 0000 | 0000 0f84 | 0a00 0000 | 48ba e801 
  0x0000013dbe9dfb30: 0000 0000 | 0000 488b | 3410 488d | 7601 4889 | 3410 0f84 | 2201 0000 

  0x0000013dbe9dfb48: ;   {oop(nullptr)}
  0x0000013dbe9dfb48: 48b8 0000 | 0000 0000 | 0000 4881 | c480 0100 

  0x0000013dbe9dfb58: ;   {poll_return}
  0x0000013dbe9dfb58: 005d 493b | a750 0400 | 000f 87be | 0500 00c3 

  0x0000013dbe9dfb68: ;   {metadata(method data for {method} {0x0000013e18066390} 'mvl' '()Ljava/io/ByteArrayInputStream;' in 'ui/views/waveform/executive/a')}
  0x0000013dbe9dfb68: 48ba a022 | a440 3e01 | 0000 488d | 9298 0200 | 0048 8bf0 | 4885 f675 | 0448 830a 

  0x0000013dbe9dfb84: ;   {metadata(method data for {method} {0x0000013e18066390} 'mvl' '()Ljava/io/ByteArrayInputStream;' in 'ui/views/waveform/executive/a')}
  0x0000013dbe9dfb84: 0148 baa0 | 22a4 403e | 0100 0048 | 8382 a802 | 0000 0148 | 8bd0 0f1f 

  0x0000013dbe9dfb9c: ;   {static_call}
  0x0000013dbe9dfb9c: 4400 00e8 

  0x0000013dbe9dfba0: ; ImmutableOopMap {[312]=Oop }
                      ;*invokestatic debug {reexecute=0 rethrow=0 return_oop=0}
                      ; - ui.views.waveform.executive.a::mvl@109 (line 469)
  0x0000013dbe9dfba0: 7c69 ac08 

  0x0000013dbe9dfba4: ;   {other}
  0x0000013dbe9dfba4: 0f1f 8400 | 1417 000b 

  0x0000013dbe9dfbac: ;   {metadata(method data for {method} {0x0000013e18066390} 'mvl' '()Ljava/io/ByteArrayInputStream;' in 'ui/views/waveform/executive/a')}
  0x0000013dbe9dfbac: 48ba a022 | a440 3e01 | 0000 4883 | 82b8 0200 

  0x0000013dbe9dfbbc: ;   {metadata(method data for {method} {0x0000013e4008aed0} 'cI' '([B)Ljava/io/ByteArrayInputStream;' in 'ui/views/waveform/h/c')}
  0x0000013dbe9dfbbc: 0001 48ba | 7835 a440 | 3e01 0000 | 8bb2 cc00 | 0000 83c6 | 0289 b2cc | 0000 0081 | e6fe ff1f 
  0x0000013dbe9dfbdc: 0083 fe00 | 0f84 5505 

  0x0000013dbe9dfbe4: ;   {metadata(method data for {method} {0x0000013e4008aed0} 'cI' '([B)Ljava/io/ByteArrayInputStream;' in 'ui/views/waveform/h/c')}
  0x0000013dbe9dfbe4: 0000 48ba | 7835 a440 | 3e01 0000 | 4883 8210 | 0100 0001 | 488b 9424 | 3801 0000 | 0f1f 8000 
  0x0000013dbe9dfc04: ;   {static_call}
  0x0000013dbe9dfc04: 0000 00e8 

  0x0000013dbe9dfc08: ; ImmutableOopMap {}
                      ;*invokestatic e {reexecute=0 rethrow=0 return_oop=0}
                      ; - ui.views.waveform.h.c::cI@1 (line 257)
                      ; - ui.views.waveform.executive.a::mvl@114 (line 471)
  0x0000013dbe9dfc08: 34ed 4000 

  0x0000013dbe9dfc0c: ;   {other}
  0x0000013dbe9dfc0c: 0f1f 8400 | 7c17 000c | 4881 c480 | 0100 005d 

  0x0000013dbe9dfc1c: ;   {poll_return}
  0x0000013dbe9dfc1c: 493b a750 | 0400 000f | 8733 0500 

  0x0000013dbe9dfc28: ;   {oop(nullptr)}
  0x0000013dbe9dfc28: 00c3 48b8 | 0000 0000 | 0000 0000 | 4881 c480 | 0100 005d 

  0x0000013dbe9dfc3c: ;   {poll_return}
  0x0000013dbe9dfc3c: 493b a750 | 0400 000f | 8729 0500 

  0x0000013dbe9dfc48: ;   {oop(nullptr)}
  0x0000013dbe9dfc48: 00c3 48b8 | 0000 0000 | 0000 0000 | 4881 c480 | 0100 005d 

  0x0000013dbe9dfc5c: ;   {poll_return}
  0x0000013dbe9dfc5c: 493b a750 | 0400 000f | 871f 0500 | 00c3 488b | 8424 6001 | 0000 e95e 

  0x0000013dbe9dfc74: ;   {metadata('java/lang/OutOfMemoryError')}
  0x0000013dbe9dfc74: 0500 0048 | ba48 3402 | d53d 0100 | 0049 8b87 | b801 0000 | 488d 7828 | 493b bfc8 | 0100 000f 
  0x0000013dbe9dfc94: 8705 0500 | 0049 89bf | b801 0000 | 48c7 0001 | 0000 0048 | 8bca 49ba | 0000 00d5 | 3d01 0000 
  0x0000013dbe9dfcb4: 492b ca89 | 4808 4833 | c989 480c | 4833 c948 | 8948 1048 | 8948 1848 | 8948 204c 

  0x0000013dbe9dfcd0: ;   {metadata(method data for {method} {0x0000013dd5425160} 'newArray' '(J)[B' in 'java/lang/StringConcatHelper')}
  0x0000013dbe9dfcd0: 8bc0 48ba | 906f 0416 | 3e01 0000 | 4883 8230 | 0100 0001 

  0x0000013dbe9dfce4: ;   {oop("Overflow: String length out of range"{0x0000000701c60370})}
  0x0000013dbe9dfce4: 49b8 7003 | c601 0700 | 0000 488b | d048 8984 | 2468 0100 | 0066 0f1f 

  0x0000013dbe9dfcfc: ;   {optimized virtual_call}
  0x0000013dbe9dfcfc: 4400 00e8 

  0x0000013dbe9dfd00: ; ImmutableOopMap {[312]=Oop [360]=Oop }
                      ;*invokespecial <init> {reexecute=0 rethrow=0 return_oop=0}
                      ; - java.lang.StringConcatHelper::newArray@22 (line 509)
                      ; - java.lang.StringConcatHelper::newArrayWithSuffix@7 (line 489)
                      ; - java.lang.invoke.DirectMethodHandle$Holder::invokeStatic@13
                      ; - java.lang.invoke.LambdaForm$MH/0x0000013dd6010c00::invoke@23
                      ; - java.lang.invoke.LambdaForm$MH/0x0000013dd6a65000::invoke@33
                      ; - java.lang.invoke.Invokers$Holder::linkToTargetMethod@5
                      ; - ui.views.waveform.executive.a::mvl@104 (line 469)
  0x0000013dbe9dfd00: 7ced 4307 

  0x0000013dbe9dfd04: ;   {other}
  0x0000013dbe9dfd04: 0f1f 8400 | 7418 000d | 488b 8424 | 6801 0000 | e9bc 0400 

  0x0000013dbe9dfd18: ;   {metadata('java/lang/OutOfMemoryError')}
  0x0000013dbe9dfd18: 0048 ba48 | 3402 d53d | 0100 0049 | 8b87 b801 | 0000 488d | 7828 493b | bfc8 0100 | 000f 8770 
  0x0000013dbe9dfd38: 0400 0049 | 89bf b801 | 0000 48c7 | 0001 0000 | 0048 8bca | 49ba 0000 | 00d5 3d01 | 0000 492b 
  0x0000013dbe9dfd58: ca89 4808 | 4833 c989 | 480c 4833 | c948 8948 | 1048 8948 | 1848 8948 | 204c 8bc0 

  0x0000013dbe9dfd74: ;   {metadata(method data for {method} {0x0000013dd5424920} 'checkOverflow' '(J)J' in 'java/lang/StringConcatHelper')}
  0x0000013dbe9dfd74: 48ba 20e1 | 0616 3e01 | 0000 4883 | 8230 0100 

  0x0000013dbe9dfd84: ;   {oop("Overflow: String length out of range"{0x0000000701c60370})}
  0x0000013dbe9dfd84: 0001 49b8 | 7003 c601 | 0700 0000 | 488b d048 | 8984 2470 | 0100 000f 

  0x0000013dbe9dfd9c: ;   {optimized virtual_call}
  0x0000013dbe9dfd9c: 1f40 00e8 

  0x0000013dbe9dfda0: ; ImmutableOopMap {[312]=Oop [368]=Oop }
                      ;*invokespecial <init> {reexecute=0 rethrow=0 return_oop=0}
                      ; - java.lang.StringConcatHelper::checkOverflow@13 (line 68)
                      ; - java.lang.StringConcatHelper::mix@7 (line 112)
                      ; - java.lang.invoke.DirectMethodHandle$Holder::invokeStatic@13
                      ; - java.lang.invoke.LambdaForm$MH/0x0000013dd6a64c00::invoke@23
                      ; - java.lang.invoke.LambdaForm$MH/0x0000013dd6a65000::invoke@15
                      ; - java.lang.invoke.Invokers$Holder::linkToTargetMethod@5
                      ; - ui.views.waveform.executive.a::mvl@104 (line 469)
  0x0000013dbe9dfda0: dcec 4307 

  0x0000013dbe9dfda4: ;   {other}
  0x0000013dbe9dfda4: 0f1f 8400 | 1419 000e | 488b 8424 | 7001 0000 | e91c 0400 

  0x0000013dbe9dfdb8: ;   {metadata({method} {0x0000013e18066390} 'mvl' '()Ljava/io/ByteArrayInputStream;' in 'ui/views/waveform/executive/a')}
  0x0000013dbe9dfdb8: 0049 ba88 | 6306 183e | 0100 004c | 8954 2408 | 48c7 0424 | ffff ffff 

  0x0000013dbe9dfdd0: ;   {runtime_call counter_overflow Runtime1 stub}
  0x0000013dbe9dfdd0: e8ab dc50 

  0x0000013dbe9dfdd4: ; ImmutableOopMap {rdx=Oop [296]=Oop }
                      ;*synchronization entry
                      ; - ui.views.waveform.executive.a::mvl@-1 (line 445)
  0x0000013dbe9dfdd4: 07e9 55eb 

  0x0000013dbe9dfdd8: ;   {metadata({method} {0x0000013e16691730} 'gjB' '()J' in 'ui/utils/s/d')}
  0x0000013dbe9dfdd8: ffff 49ba | 2817 6916 | 3e01 0000 | 4c89 5424 | 0848 c704 | 24ff ffff 

  0x0000013dbe9dfdf0: ;   {runtime_call counter_overflow Runtime1 stub}
  0x0000013dbe9dfdf0: ffe8 8adc 

  0x0000013dbe9dfdf4: ; ImmutableOopMap {[296]=Oop }
                      ;*synchronization entry
                      ; - ui.utils.s.d::gjB@-1 (line 380)
                      ; - ui.views.waveform.executive.a::mvl@0 (line 445)
  0x0000013dbe9dfdf4: 5007 e96e 

  0x0000013dbe9dfdf8: ;   {runtime_call new_type_array Runtime1 stub}
  0x0000013dbe9dfdf8: ebff ffe8 

  0x0000013dbe9dfdfc: ; ImmutableOopMap {r11=Oop [296]=Oop }
                      ;*newarray {reexecute=0 rethrow=0 return_oop=0}
                      ; - ui.views.waveform.executive.a::mvl@47 (line 460)
  0x0000013dbe9dfdfc: 809a 5007 | e9b0 ecff 

  0x0000013dbe9dfe04: ;   {runtime_call throw_null_pointer_exception Runtime1 stub}
  0x0000013dbe9dfe04: ffe8 768b 

  0x0000013dbe9dfe08: ; ImmutableOopMap {rdx=Oop rax=Oop r8=Oop [296]=Oop [312]=Oop }
                      ;*arraylength {reexecute=0 rethrow=0 return_oop=0}
                      ; - ui.views.waveform.executive.a::mvl@75 (line 463)
  0x0000013dbe9dfe08: 5007 8b7a | 2048 c1e7 | 0348 83ff | 000f 84d8 | edff ff48 

  0x0000013dbe9dfe1c: ;   {runtime_call g1_pre_barrier_slow}
  0x0000013dbe9dfe1c: 893c 24e8 | 5ce2 5007 | e9ca edff | ff48 83f8 | 000f 84df | edff ff48 

  0x0000013dbe9dfe34: ;   {runtime_call g1_post_barrier_slow}
  0x0000013dbe9dfe34: 8914 24e8 | 44e5 5007 | e9d1 edff 

  0x0000013dbe9dfe40: ;   {metadata({method} {0x0000013e16691730} 'gjB' '()J' in 'ui/utils/s/d')}
  0x0000013dbe9dfe40: ff49 ba28 | 1769 163e | 0100 004c | 8954 2408 | 48c7 0424 | ffff ffff 

  0x0000013dbe9dfe58: ;   {runtime_call counter_overflow Runtime1 stub}
  0x0000013dbe9dfe58: e823 dc50 

  0x0000013dbe9dfe5c: ; ImmutableOopMap {rax=Oop [312]=Oop }
                      ;*synchronization entry
                      ; - ui.utils.s.d::gjB@-1 (line 380)
                      ; - ui.views.waveform.executive.a::mvl@99 (line 469)
  0x0000013dbe9dfe5c: 07e9 eaed 

  0x0000013dbe9dfe60: ;   {metadata({method} {0x0000013dd50aff60} 'linkToTargetMethod' '(JLjava/lang/Object;)Ljava/lang/Object;' in 'java/lang/invoke/Invokers$Holder')}
  0x0000013dbe9dfe60: ffff 49ba | 58ff 0ad5 | 3d01 0000 | 4c89 5424 | 0848 c704 | 24ff ffff 

  0x0000013dbe9dfe78: ;   {runtime_call counter_overflow Runtime1 stub}
  0x0000013dbe9dfe78: ffe8 02dc 

  0x0000013dbe9dfe7c: ; ImmutableOopMap {rsi=Oop [312]=Oop }
                      ;*synchronization entry
                      ; - java.lang.invoke.Invokers$Holder::linkToTargetMethod@-1
                      ; - ui.views.waveform.executive.a::mvl@104 (line 469)
  0x0000013dbe9dfe7c: 5007 e963 

  0x0000013dbe9dfe80: ;   {metadata({method} {0x0000013e19e32348} 'invoke' '(Ljava/lang/Object;J)Ljava/lang/Object;' in 'java/lang/invoke/LambdaForm$MH+0x0000013dd6a65000')}
  0x0000013dbe9dfe80: eeff ff49 | ba40 23e3 | 193e 0100 | 004c 8954 | 2408 48c7 | 0424 ffff 

  0x0000013dbe9dfe98: ;   {runtime_call counter_overflow Runtime1 stub}
  0x0000013dbe9dfe98: ffff e8e1 

  0x0000013dbe9dfe9c: ; ImmutableOopMap {[312]=Oop }
                      ;*synchronization entry
                      ; - java.lang.invoke.LambdaForm$MH/0x0000013dd6a65000::invoke@-1
                      ; - java.lang.invoke.Invokers$Holder::linkToTargetMethod@5
                      ; - ui.views.waveform.executive.a::mvl@104 (line 469)
  0x0000013dbe9dfe9c: db50 07e9 | 96ee ffff 

  0x0000013dbe9dfea4: ;   {metadata({method} {0x0000013e19e31aa0} 'invoke' '(Ljava/lang/Object;J)J' in 'java/lang/invoke/LambdaForm$MH+0x0000013dd6a64c00')}
  0x0000013dbe9dfea4: 49ba 981a | e319 3e01 | 0000 4c89 | 5424 0848 | c704 24ff 

  0x0000013dbe9dfeb8: ;   {runtime_call counter_overflow Runtime1 stub}
  0x0000013dbe9dfeb8: ffff ffe8 

  0x0000013dbe9dfebc: ; ImmutableOopMap {[312]=Oop }
                      ;*synchronization entry
                      ; - java.lang.invoke.LambdaForm$MH/0x0000013dd6a64c00::invoke@-1
                      ; - java.lang.invoke.LambdaForm$MH/0x0000013dd6a65000::invoke@15
                      ; - java.lang.invoke.Invokers$Holder::linkToTargetMethod@5
                      ; - ui.views.waveform.executive.a::mvl@104 (line 469)
  0x0000013dbe9dfebc: c0db 5007 | e9d3 eeff 

  0x0000013dbe9dfec4: ;   {metadata({method} {0x0000013dd50b4ff0} 'invokeStatic' '(Ljava/lang/Object;JJ)J' in 'java/lang/invoke/DirectMethodHandle$Holder')}
  0x0000013dbe9dfec4: ff49 bae8 | 4f0b d53d | 0100 004c | 8954 2408 | 48c7 0424 | ffff ffff 

  0x0000013dbe9dfedc: ;   {runtime_call counter_overflow Runtime1 stub}
  0x0000013dbe9dfedc: e89f db50 

  0x0000013dbe9dfee0: ; ImmutableOopMap {rsi=Oop [312]=Oop }
                      ;*synchronization entry
                      ; - java.lang.invoke.DirectMethodHandle$Holder::invokeStatic@-1
                      ; - java.lang.invoke.LambdaForm$MH/0x0000013dd6a64c00::invoke@23
                      ; - java.lang.invoke.LambdaForm$MH/0x0000013dd6a65000::invoke@15
                      ; - java.lang.invoke.Invokers$Holder::linkToTargetMethod@5
                      ; - ui.views.waveform.executive.a::mvl@104 (line 469)
  0x0000013dbe9dfee0: 07e9 13ef 

  0x0000013dbe9dfee4: ;   {metadata({method} {0x0000013dd50a3038} 'internalMemberName' '(Ljava/lang/Object;)Ljava/lang/Object;' in 'java/lang/invoke/DirectMethodHandle')}
  0x0000013dbe9dfee4: ffff 49ba | 3030 0ad5 | 3d01 0000 | 4c89 5424 | 0848 c704 | 24ff ffff 

  0x0000013dbe9dfefc: ;   {runtime_call counter_overflow Runtime1 stub}
  0x0000013dbe9dfefc: ffe8 7edb 

  0x0000013dbe9dff00: ; ImmutableOopMap {[312]=Oop }
                      ;*synchronization entry
                      ; - java.lang.invoke.DirectMethodHandle::internalMemberName@-1 (line 327)
                      ; - java.lang.invoke.DirectMethodHandle$Holder::invokeStatic@1
                      ; - java.lang.invoke.LambdaForm$MH/0x0000013dd6a64c00::invoke@23
                      ; - java.lang.invoke.LambdaForm$MH/0x0000013dd6a65000::invoke@15
                      ; - java.lang.invoke.Invokers$Holder::linkToTargetMethod@5
                      ; - ui.views.waveform.executive.a::mvl@104 (line 469)
  0x0000013dbe9dff00: 5007 e947 

  0x0000013dbe9dff04: ;   {metadata({method} {0x0000013dd5424ef8} 'mix' '(JJ)J' in 'java/lang/StringConcatHelper')}
  0x0000013dbe9dff04: efff ff49 | baf0 4e42 | d53d 0100 | 004c 8954 | 2408 48c7 | 0424 ffff 

  0x0000013dbe9dff1c: ;   {runtime_call counter_overflow Runtime1 stub}
  0x0000013dbe9dff1c: ffff e85d 

  0x0000013dbe9dff20: ; ImmutableOopMap {[312]=Oop }
                      ;*synchronization entry
                      ; - java.lang.StringConcatHelper::mix@-1 (line 112)
                      ; - java.lang.invoke.DirectMethodHandle$Holder::invokeStatic@13
                      ; - java.lang.invoke.LambdaForm$MH/0x0000013dd6a64c00::invoke@23
                      ; - java.lang.invoke.LambdaForm$MH/0x0000013dd6a65000::invoke@15
                      ; - java.lang.invoke.Invokers$Holder::linkToTargetMethod@5
                      ; - ui.views.waveform.executive.a::mvl@104 (line 469)
  0x0000013dbe9dff20: db50 07e9 | 84ef ffff 

  0x0000013dbe9dff28: ;   {metadata({method} {0x0000013dd5424920} 'checkOverflow' '(J)J' in 'java/lang/StringConcatHelper')}
  0x0000013dbe9dff28: 49ba 1849 | 42d5 3d01 | 0000 4c89 | 5424 0848 | c704 24ff 

  0x0000013dbe9dff3c: ;   {runtime_call counter_overflow Runtime1 stub}
  0x0000013dbe9dff3c: ffff ffe8 

  0x0000013dbe9dff40: ; ImmutableOopMap {[312]=Oop }
                      ;*synchronization entry
                      ; - java.lang.StringConcatHelper::checkOverflow@-1 (line 65)
                      ; - java.lang.StringConcatHelper::mix@7 (line 112)
                      ; - java.lang.invoke.DirectMethodHandle$Holder::invokeStatic@13
                      ; - java.lang.invoke.LambdaForm$MH/0x0000013dd6a64c00::invoke@23
                      ; - java.lang.invoke.LambdaForm$MH/0x0000013dd6a65000::invoke@15
                      ; - java.lang.invoke.Invokers$Holder::linkToTargetMethod@5
                      ; - ui.views.waveform.executive.a::mvl@104 (line 469)
  0x0000013dbe9dff40: 3cdb 5007 | e9e2 efff 

  0x0000013dbe9dff48: ;   {metadata({method} {0x0000013e16470e90} 'invoke' '(Ljava/lang/Object;J)Ljava/lang/Object;' in 'java/lang/invoke/LambdaForm$MH+0x0000013dd6010c00')}
  0x0000013dbe9dff48: ff49 ba88 | 0e47 163e | 0100 004c | 8954 2408 | 48c7 0424 | ffff ffff 

  0x0000013dbe9dff60: ;   {runtime_call counter_overflow Runtime1 stub}
  0x0000013dbe9dff60: e81b db50 

  0x0000013dbe9dff64: ; ImmutableOopMap {[312]=Oop }
                      ;*synchronization entry
                      ; - java.lang.invoke.LambdaForm$MH/0x0000013dd6010c00::invoke@-1
                      ; - java.lang.invoke.LambdaForm$MH/0x0000013dd6a65000::invoke@33
                      ; - java.lang.invoke.Invokers$Holder::linkToTargetMethod@5
                      ; - ui.views.waveform.executive.a::mvl@104 (line 469)
  0x0000013dbe9dff64: 07e9 5ff0 

  0x0000013dbe9dff68: ;   {metadata({method} {0x0000013dd50b4390} 'invokeStatic' '(Ljava/lang/Object;Ljava/lang/Object;J)Ljava/lang/Object;' in 'java/lang/invoke/DirectMethodHandle$Holder')}
  0x0000013dbe9dff68: ffff 49ba | 8843 0bd5 | 3d01 0000 | 4c89 5424 | 0848 c704 | 24ff ffff 

  0x0000013dbe9dff80: ;   {runtime_call counter_overflow Runtime1 stub}
  0x0000013dbe9dff80: ffe8 fada 

  0x0000013dbe9dff84: ; ImmutableOopMap {r8=Oop r9=Oop [312]=Oop }
                      ;*synchronization entry
                      ; - java.lang.invoke.DirectMethodHandle$Holder::invokeStatic@-1
                      ; - java.lang.invoke.LambdaForm$MH/0x0000013dd6010c00::invoke@23
                      ; - java.lang.invoke.LambdaForm$MH/0x0000013dd6a65000::invoke@33
                      ; - java.lang.invoke.Invokers$Holder::linkToTargetMethod@5
                      ; - ui.views.waveform.executive.a::mvl@104 (line 469)
  0x0000013dbe9dff84: 5007 e9d4 

  0x0000013dbe9dff88: ;   {metadata({method} {0x0000013dd50a3038} 'internalMemberName' '(Ljava/lang/Object;)Ljava/lang/Object;' in 'java/lang/invoke/DirectMethodHandle')}
  0x0000013dbe9dff88: f0ff ff49 | ba30 300a | d53d 0100 | 004c 8954 | 2408 48c7 | 0424 ffff 

  0x0000013dbe9dffa0: ;   {runtime_call counter_overflow Runtime1 stub}
  0x0000013dbe9dffa0: ffff e8d9 

  0x0000013dbe9dffa4: ; ImmutableOopMap {r8=Oop [312]=Oop }
                      ;*synchronization entry
                      ; - java.lang.invoke.DirectMethodHandle::internalMemberName@-1 (line 327)
                      ; - java.lang.invoke.DirectMethodHandle$Holder::invokeStatic@1
                      ; - java.lang.invoke.LambdaForm$MH/0x0000013dd6010c00::invoke@23
                      ; - java.lang.invoke.LambdaForm$MH/0x0000013dd6a65000::invoke@33
                      ; - java.lang.invoke.Invokers$Holder::linkToTargetMethod@5
                      ; - ui.views.waveform.executive.a::mvl@104 (line 469)
  0x0000013dbe9dffa4: da50 07e9 | 0df1 ffff 

  0x0000013dbe9dffac: ;   {metadata({method} {0x0000013dd5424818} 'newArrayWithSuffix' '(Ljava/lang/String;J)[B' in 'java/lang/StringConcatHelper')}
  0x0000013dbe9dffac: 49ba 1048 | 42d5 3d01 | 0000 4c89 | 5424 0848 | c704 24ff 

  0x0000013dbe9dffc0: ;   {runtime_call counter_overflow Runtime1 stub}
  0x0000013dbe9dffc0: ffff ffe8 

  0x0000013dbe9dffc4: ; ImmutableOopMap {r8=Oop [312]=Oop }
                      ;*synchronization entry
                      ; - java.lang.StringConcatHelper::newArrayWithSuffix@-1 (line 489)
                      ; - java.lang.invoke.DirectMethodHandle$Holder::invokeStatic@13
                      ; - java.lang.invoke.LambdaForm$MH/0x0000013dd6010c00::invoke@23
                      ; - java.lang.invoke.LambdaForm$MH/0x0000013dd6a65000::invoke@33
                      ; - java.lang.invoke.Invokers$Holder::linkToTargetMethod@5
                      ; - ui.views.waveform.executive.a::mvl@104 (line 469)
  0x0000013dbe9dffc4: b8da 5007 | e96d f1ff 

  0x0000013dbe9dffcc: ;   {metadata({method} {0x0000013dd500eee0} 'length' '()I' in 'java/lang/String')}
  0x0000013dbe9dffcc: ff49 bad8 | ee00 d53d | 0100 004c | 8954 2408 | 48c7 0424 | ffff ffff 

  0x0000013dbe9dffe4: ;   {runtime_call counter_overflow Runtime1 stub}
  0x0000013dbe9dffe4: e897 da50 

  0x0000013dbe9dffe8: ; ImmutableOopMap {r8=Oop [312]=Oop }
                      ;*synchronization entry
                      ; - java.lang.String::length@-1 (line 1519)
                      ; - java.lang.StringConcatHelper::newArrayWithSuffix@2 (line 489)
                      ; - java.lang.invoke.DirectMethodHandle$Holder::invokeStatic@13
                      ; - java.lang.invoke.LambdaForm$MH/0x0000013dd6010c00::invoke@23
                      ; - java.lang.invoke.LambdaForm$MH/0x0000013dd6a65000::invoke@33
                      ; - java.lang.invoke.Invokers$Holder::linkToTargetMethod@5
                      ; - ui.views.waveform.executive.a::mvl@104 (line 469)
  0x0000013dbe9dffe8: 07e9 8ef1 

  0x0000013dbe9dffec: ;   {metadata({method} {0x0000013dd545a188} 'coder' '()B' in 'java/lang/String')}
  0x0000013dbe9dffec: ffff 49ba | 80a1 45d5 | 3d01 0000 | 4c89 5424 | 0848 c704 | 24ff ffff 

  0x0000013dbe9e0004: ;   {runtime_call counter_overflow Runtime1 stub}
  0x0000013dbe9e0004: ffe8 76da 

  0x0000013dbe9e0008: ; ImmutableOopMap {[312]=Oop }
                      ;*synchronization entry
                      ; - java.lang.String::coder@-1 (line 4809)
                      ; - java.lang.String::length@6 (line 1519)
                      ; - java.lang.StringConcatHelper::newArrayWithSuffix@2 (line 489)
                      ; - java.lang.invoke.DirectMethodHandle$Holder::invokeStatic@13
                      ; - java.lang.invoke.LambdaForm$MH/0x0000013dd6010c00::invoke@23
                      ; - java.lang.invoke.LambdaForm$MH/0x0000013dd6a65000::invoke@33
                      ; - java.lang.invoke.Invokers$Holder::linkToTargetMethod@5
                      ; - ui.views.waveform.executive.a::mvl@104 (line 469)
  0x0000013dbe9e0008: 5007 e9ac 

  0x0000013dbe9e000c: ;   {metadata({method} {0x0000013dd5425160} 'newArray' '(J)[B' in 'java/lang/StringConcatHelper')}
  0x0000013dbe9e000c: f1ff ff49 | ba58 5142 | d53d 0100 | 004c 8954 | 2408 48c7 | 0424 ffff 

  0x0000013dbe9e0024: ;   {runtime_call counter_overflow Runtime1 stub}
  0x0000013dbe9e0024: ffff e855 

  0x0000013dbe9e0028: ; ImmutableOopMap {[312]=Oop }
                      ;*synchronization entry
                      ; - java.lang.StringConcatHelper::newArray@-1 (line 506)
                      ; - java.lang.StringConcatHelper::newArrayWithSuffix@7 (line 489)
                      ; - java.lang.invoke.DirectMethodHandle$Holder::invokeStatic@13
                      ; - java.lang.invoke.LambdaForm$MH/0x0000013dd6010c00::invoke@23
                      ; - java.lang.invoke.LambdaForm$MH/0x0000013dd6a65000::invoke@33
                      ; - java.lang.invoke.Invokers$Holder::linkToTargetMethod@5
                      ; - ui.views.waveform.executive.a::mvl@104 (line 469)
  0x0000013dbe9e0028: da50 07e9 | faf1 ffff | 4889 0424 

  0x0000013dbe9e0034: ;   {runtime_call throw_class_cast_exception Runtime1 stub}
  0x0000013dbe9e0034: e847 ad50 

  0x0000013dbe9e0038: ; ImmutableOopMap {[312]=Oop }
                      ;*checkcast {reexecute=0 rethrow=0 return_oop=0}
                      ; - java.lang.StringConcatHelper::newArray@36 (line 511)
                      ; - java.lang.StringConcatHelper::newArrayWithSuffix@7 (line 489)
                      ; - java.lang.invoke.DirectMethodHandle$Holder::invokeStatic@13
                      ; - java.lang.invoke.LambdaForm$MH/0x0000013dd6010c00::invoke@23
                      ; - java.lang.invoke.LambdaForm$MH/0x0000013dd6a65000::invoke@33
                      ; - java.lang.invoke.Invokers$Holder::linkToTargetMethod@5
                      ; - ui.views.waveform.executive.a::mvl@104 (line 469)
                      ;   {metadata({method} {0x0000013e19095a98} 'invoke' '(Ljava/lang/Object;JLjava/lang/Object;J)J' in 'java/lang/invoke/LambdaForm$MH+0x0000013dd6787400')}
  0x0000013dbe9e0038: 0749 ba90 | 5a09 193e | 0100 004c | 8954 2408 | 48c7 0424 | ffff ffff 

  0x0000013dbe9e0050: ;   {runtime_call counter_overflow Runtime1 stub}
  0x0000013dbe9e0050: e82b da50 

  0x0000013dbe9e0054: ; ImmutableOopMap {rsi=Oop [312]=Oop [344]=Oop }
                      ;*synchronization entry
                      ; - java.lang.invoke.LambdaForm$MH/0x0000013dd6787400::invoke@-1
                      ; - java.lang.invoke.LambdaForm$MH/0x0000013dd6a65000::invoke@54
                      ; - java.lang.invoke.Invokers$Holder::linkToTargetMethod@5
                      ; - ui.views.waveform.executive.a::mvl@104 (line 469)
  0x0000013dbe9e0054: 07e9 37f5 

  0x0000013dbe9e0058: ;   {metadata({method} {0x0000013dd50b4ee8} 'invokeStatic' '(Ljava/lang/Object;JLjava/lang/Object;JLjava/lang/Object;)J' in 'java/lang/invoke/DirectMethodHandle$Holder')}
  0x0000013dbe9e0058: ffff 49ba | e04e 0bd5 | 3d01 0000 | 4c89 5424 | 0848 c704 | 24ff ffff 

  0x0000013dbe9e0070: ;   {runtime_call counter_overflow Runtime1 stub}
  0x0000013dbe9e0070: ffe8 0ada 

  0x0000013dbe9e0074: ; ImmutableOopMap {rsi=Oop r8=Oop [312]=Oop [344]=Oop }
                      ;*synchronization entry
                      ; - java.lang.invoke.DirectMethodHandle$Holder::invokeStatic@-1
                      ; - java.lang.invoke.LambdaForm$MH/0x0000013dd6787400::invoke@28
                      ; - java.lang.invoke.LambdaForm$MH/0x0000013dd6a65000::invoke@54
                      ; - java.lang.invoke.Invokers$Holder::linkToTargetMethod@5
                      ; - ui.views.waveform.executive.a::mvl@104 (line 469)
  0x0000013dbe9e0074: 5007 e9a7 

  0x0000013dbe9e0078: ;   {metadata({method} {0x0000013dd50a3038} 'internalMemberName' '(Ljava/lang/Object;)Ljava/lang/Object;' in 'java/lang/invoke/DirectMethodHandle')}
  0x0000013dbe9e0078: f5ff ff49 | ba30 300a | d53d 0100 | 004c 8954 | 2408 48c7 | 0424 ffff 

  0x0000013dbe9e0090: ;   {runtime_call counter_overflow Runtime1 stub}
  0x0000013dbe9e0090: ffff e8e9 

  0x0000013dbe9e0094: ; ImmutableOopMap {rsi=Oop [312]=Oop [344]=Oop }
                      ;*synchronization entry
                      ; - java.lang.invoke.DirectMethodHandle::internalMemberName@-1 (line 327)
                      ; - java.lang.invoke.DirectMethodHandle$Holder::invokeStatic@1
                      ; - java.lang.invoke.LambdaForm$MH/0x0000013dd6787400::invoke@28
                      ; - java.lang.invoke.LambdaForm$MH/0x0000013dd6a65000::invoke@54
                      ; - java.lang.invoke.Invokers$Holder::linkToTargetMethod@5
                      ; - ui.views.waveform.executive.a::mvl@104 (line 469)
  0x0000013dbe9e0094: d950 07e9 | e0f5 ffff 

  0x0000013dbe9e009c: ;   {metadata({method} {0x0000013dd50b4390} 'invokeStatic' '(Ljava/lang/Object;Ljava/lang/Object;J)Ljava/lang/Object;' in 'java/lang/invoke/DirectMethodHandle$Holder')}
  0x0000013dbe9e009c: 49ba 8843 | 0bd5 3d01 | 0000 4c89 | 5424 0848 | c704 24ff 

  0x0000013dbe9e00b0: ;   {runtime_call counter_overflow Runtime1 stub}
  0x0000013dbe9e00b0: ffff ffe8 

  0x0000013dbe9e00b4: ; ImmutableOopMap {rsi=Oop r8=Oop [312]=Oop [344]=Oop }
                      ;*synchronization entry
                      ; - java.lang.invoke.DirectMethodHandle$Holder::invokeStatic@-1
                      ; - java.lang.invoke.LambdaForm$MH/0x0000013dd6a65000::invoke@74
                      ; - java.lang.invoke.Invokers$Holder::linkToTargetMethod@5
                      ; - ui.views.waveform.executive.a::mvl@104 (line 469)
  0x0000013dbe9e00b4: c8d9 5007 | e9f0 f6ff 

  0x0000013dbe9e00bc: ;   {metadata({method} {0x0000013dd50a3038} 'internalMemberName' '(Ljava/lang/Object;)Ljava/lang/Object;' in 'java/lang/invoke/DirectMethodHandle')}
  0x0000013dbe9e00bc: ff49 ba30 | 300a d53d | 0100 004c | 8954 2408 | 48c7 0424 | ffff ffff 

  0x0000013dbe9e00d4: ;   {runtime_call counter_overflow Runtime1 stub}
  0x0000013dbe9e00d4: e8a7 d950 

  0x0000013dbe9e00d8: ; ImmutableOopMap {rsi=Oop [312]=Oop [344]=Oop }
                      ;*synchronization entry
                      ; - java.lang.invoke.DirectMethodHandle::internalMemberName@-1 (line 327)
                      ; - java.lang.invoke.DirectMethodHandle$Holder::invokeStatic@1
                      ; - java.lang.invoke.LambdaForm$MH/0x0000013dd6a65000::invoke@74
                      ; - java.lang.invoke.Invokers$Holder::linkToTargetMethod@5
                      ; - ui.views.waveform.executive.a::mvl@104 (line 469)
  0x0000013dbe9e00d8: 07e9 29f7 

  0x0000013dbe9e00dc: ;   {runtime_call throw_null_pointer_exception Runtime1 stub}
  0x0000013dbe9e00dc: ffff e89d 

  0x0000013dbe9e00e0: ; ImmutableOopMap {rax=Oop [352]=Oop }
                      ;*invokevirtual contains {reexecute=0 rethrow=0 return_oop=0}
                      ; - ui.views.waveform.executive.a::mvl@33 (line 454)
                      ;   {metadata({method} {0x0000013dd5457ed0} 'contains' '(Ljava/lang/CharSequence;)Z' in 'java/lang/String')}
  0x0000013dbe9e00e0: 8850 0749 | bac8 7e45 | d53d 0100 | 004c 8954 | 2408 48c7 | 0424 ffff 

  0x0000013dbe9e00f8: ;   {runtime_call counter_overflow Runtime1 stub}
  0x0000013dbe9e00f8: ffff e881 

  0x0000013dbe9e00fc: ; ImmutableOopMap {rax=Oop [352]=Oop }
                      ;*synchronization entry
                      ; - java.lang.String::contains@-1 (line 2977)
                      ; - ui.views.waveform.executive.a::mvl@33 (line 454)
  0x0000013dbe9e00fc: d950 07e9 | 42f9 ffff 

  0x0000013dbe9e0104: ;   {metadata({method} {0x0000013dd500ebd0} 'toString' '()Ljava/lang/String;' in 'java/lang/String')}
  0x0000013dbe9e0104: 49ba c8eb | 00d5 3d01 | 0000 4c89 | 5424 0848 | c704 24ff 

  0x0000013dbe9e0118: ;   {runtime_call counter_overflow Runtime1 stub}
  0x0000013dbe9e0118: ffff ffe8 

  0x0000013dbe9e011c: ; ImmutableOopMap {rax=Oop r8=Oop [352]=Oop }
                      ;*synchronization entry
                      ; - java.lang.String::toString@-1 (line 4296)
                      ; - java.lang.String::contains@2 (line 2977)
                      ; - ui.views.waveform.executive.a::mvl@33 (line 454)
  0x0000013dbe9e011c: 60d9 5007 | e968 f9ff 

  0x0000013dbe9e0124: ;   {internal_word}
  0x0000013dbe9e0124: ff49 ba5a | fb9d be3d | 0100 004d | 8997 6804 

  0x0000013dbe9e0134: ;   {runtime_call SafepointBlob}
  0x0000013dbe9e0134: 0000 e9c5 

  0x0000013dbe9e0138: ;   {metadata({method} {0x0000013e4008aed0} 'cI' '([B)Ljava/io/ByteArrayInputStream;' in 'ui/views/waveform/h/c')}
  0x0000013dbe9e0138: 5544 0749 | bac8 ae08 | 403e 0100 | 004c 8954 | 2408 48c7 | 0424 ffff 

  0x0000013dbe9e0150: ;   {runtime_call counter_overflow Runtime1 stub}
  0x0000013dbe9e0150: ffff e829 

  0x0000013dbe9e0154: ; ImmutableOopMap {[312]=Oop }
                      ;*synchronization entry
                      ; - ui.views.waveform.h.c::cI@-1 (line 257)
                      ; - ui.views.waveform.executive.a::mvl@114 (line 471)
  0x0000013dbe9e0154: d950 07e9 | 8afa ffff 

  0x0000013dbe9e015c: ;   {internal_word}
  0x0000013dbe9e015c: 49ba 1cfc | 9dbe 3d01 | 0000 4d89 | 9768 0400 

  0x0000013dbe9e016c: ;   {runtime_call SafepointBlob}
  0x0000013dbe9e016c: 00e9 8e55 

  0x0000013dbe9e0170: ;   {internal_word}
  0x0000013dbe9e0170: 4407 49ba | 3cfc 9dbe | 3d01 0000 | 4d89 9768 

  0x0000013dbe9e0180: ;   {runtime_call SafepointBlob}
  0x0000013dbe9e0180: 0400 00e9 | 7855 4407 

  0x0000013dbe9e0188: ;   {internal_word}
  0x0000013dbe9e0188: 49ba 5cfc | 9dbe 3d01 | 0000 4d89 | 9768 0400 

  0x0000013dbe9e0198: ;   {runtime_call SafepointBlob}
  0x0000013dbe9e0198: 00e9 6255 | 4407 488b 

  0x0000013dbe9e01a0: ;   {runtime_call fast_new_instance Runtime1 stub}
  0x0000013dbe9e01a0: d2e8 da90 

  0x0000013dbe9e01a4: ; ImmutableOopMap {[312]=Oop }
                      ;*new {reexecute=0 rethrow=0 return_oop=0}
                      ; - java.lang.StringConcatHelper::newArray@16 (line 509)
                      ; - java.lang.StringConcatHelper::newArrayWithSuffix@7 (line 489)
                      ; - java.lang.invoke.DirectMethodHandle$Holder::invokeStatic@13
                      ; - java.lang.invoke.LambdaForm$MH/0x0000013dd6010c00::invoke@23
                      ; - java.lang.invoke.LambdaForm$MH/0x0000013dd6a65000::invoke@33
                      ; - java.lang.invoke.Invokers$Holder::linkToTargetMethod@5
                      ; - ui.views.waveform.executive.a::mvl@104 (line 469)
  0x0000013dbe9e01a4: 5007 e924 | fbff ff48 

  0x0000013dbe9e01ac: ;   {runtime_call fast_new_instance Runtime1 stub}
  0x0000013dbe9e01ac: 8bd2 e8cd 

  0x0000013dbe9e01b0: ; ImmutableOopMap {[312]=Oop }
                      ;*new {reexecute=0 rethrow=0 return_oop=0}
                      ; - java.lang.StringConcatHelper::checkOverflow@7 (line 68)
                      ; - java.lang.StringConcatHelper::mix@7 (line 112)
                      ; - java.lang.invoke.DirectMethodHandle$Holder::invokeStatic@13
                      ; - java.lang.invoke.LambdaForm$MH/0x0000013dd6a64c00::invoke@23
                      ; - java.lang.invoke.LambdaForm$MH/0x0000013dd6a65000::invoke@15
                      ; - java.lang.invoke.Invokers$Holder::linkToTargetMethod@5
                      ; - ui.views.waveform.executive.a::mvl@104 (line 469)
  0x0000013dbe9e01b0: 9050 07e9 | b9fb ffff | 498b 8700 | 0500 0049 | c787 0005 | 0000 0000 | 0000 49c7 | 8708 0500 
  0x0000013dbe9e01d0: 0000 0000 | 0048 81c4 | 8001 0000 

  0x0000013dbe9e01dc: ;   {runtime_call unwind_exception Runtime1 stub}
  0x0000013dbe9e01dc: 5de9 9e78 | 5007 f4f4 | f4f4 f4f4 
[Stub Code]
  0x0000013dbe9e01e8: ;   {no_reloc}
  0x0000013dbe9e01e8: 0f1f 4400 

  0x0000013dbe9e01ec: ;   {static_stub}
  0x0000013dbe9e01ec: 0048 bb00 | 0000 0000 

  0x0000013dbe9e01f4: ;   {runtime_call}
  0x0000013dbe9e01f4: 0000 00e9 | fbff ffff 

  0x0000013dbe9e01fc: ;   {static_stub}
  0x0000013dbe9e01fc: 48bb 0000 | 0000 0000 

  0x0000013dbe9e0204: ;   {runtime_call}
  0x0000013dbe9e0204: 0000 e9fb 

  0x0000013dbe9e0208: ;   {static_stub}
  0x0000013dbe9e0208: ffff ff48 | bb00 0000 | 0000 0000 

  0x0000013dbe9e0214: ;   {runtime_call}
  0x0000013dbe9e0214: 00e9 fbff 

  0x0000013dbe9e0218: ;   {static_stub}
  0x0000013dbe9e0218: ffff 48bb | 0000 0000 | 0000 0000 

  0x0000013dbe9e0224: ;   {runtime_call}
  0x0000013dbe9e0224: e9fb ffff 

  0x0000013dbe9e0228: ;   {static_stub}
  0x0000013dbe9e0228: ff48 bb00 | 0000 0000 

  0x0000013dbe9e0230: ;   {runtime_call}
  0x0000013dbe9e0230: 0000 00e9 | fbff ffff 

  0x0000013dbe9e0238: ;   {static_stub}
  0x0000013dbe9e0238: 48bb 0000 | 0000 0000 

  0x0000013dbe9e0240: ;   {runtime_call}
  0x0000013dbe9e0240: 0000 e9fb 

  0x0000013dbe9e0244: ;   {static_stub}
  0x0000013dbe9e0244: ffff ff48 | bb00 0000 | 0000 0000 

  0x0000013dbe9e0250: ;   {runtime_call}
  0x0000013dbe9e0250: 00e9 fbff 

  0x0000013dbe9e0254: ;   {static_stub}
  0x0000013dbe9e0254: ffff 48bb | 0000 0000 | 0000 0000 

  0x0000013dbe9e0260: ;   {runtime_call}
  0x0000013dbe9e0260: e9fb ffff 

  0x0000013dbe9e0264: ;   {static_stub}
  0x0000013dbe9e0264: ff48 bb00 | 0000 0000 

  0x0000013dbe9e026c: ;   {runtime_call}
  0x0000013dbe9e026c: 0000 00e9 | fbff ffff 

  0x0000013dbe9e0274: ;   {static_stub}
  0x0000013dbe9e0274: 48bb 0000 | 0000 0000 

  0x0000013dbe9e027c: ;   {runtime_call}
  0x0000013dbe9e027c: 0000 e9fb 

  0x0000013dbe9e0280: ;   {static_stub}
  0x0000013dbe9e0280: ffff ff48 | bb00 0000 | 0000 0000 

  0x0000013dbe9e028c: ;   {runtime_call}
  0x0000013dbe9e028c: 00e9 fbff 

  0x0000013dbe9e0290: ;   {static_stub}
  0x0000013dbe9e0290: ffff 48bb | 0000 0000 | 0000 0000 

  0x0000013dbe9e029c: ;   {runtime_call}
  0x0000013dbe9e029c: e9fb ffff 

  0x0000013dbe9e02a0: ;   {static_stub}
  0x0000013dbe9e02a0: ff48 bb00 | 0000 0000 

  0x0000013dbe9e02a8: ;   {runtime_call}
  0x0000013dbe9e02a8: 0000 00e9 | fbff ffff 
[Exception Handler]
  0x0000013dbe9e02b0: ;   {runtime_call handle_exception_from_callee Runtime1 stub}
  0x0000013dbe9e02b0: e8cb a450 

  0x0000013dbe9e02b4: ;   {external_word}
  0x0000013dbe9e02b4: 0748 b950 | e022 8afa | 7f00 0048 

  0x0000013dbe9e02c0: ;   {runtime_call}
  0x0000013dbe9e02c0: 83e4 f048 | b850 efe5 | 89fa 7f00 | 00ff d0f4 
[Deopt Handler Code]
  0x0000013dbe9e02d0: ;   {section_word}
  0x0000013dbe9e02d0: 49ba d002 | 9ebe 3d01 | 0000 4152 

  0x0000013dbe9e02dc: ;   {runtime_call DeoptimizationBlob}
  0x0000013dbe9e02dc: e9bf 4644 

  0x0000013dbe9e02e0: ;   {section_word}
  0x0000013dbe9e02e0: 0749 bae1 | 029e be3d | 0100 0041 

  0x0000013dbe9e02ec: ;   {runtime_call DeoptimizationBlob}
  0x0000013dbe9e02ec: 52e9 ae46 | 4407 f4f4 | f4f4 f4f4 
[/MachCode]


Compiled method (c1) 24161611 50387       3       ui.views.waveform.c.a::muF (144 bytes)
 total in heap  [0x0000013dbf35c910,0x0000013dbf35f890] = 12160
 relocation     [0x0000013dbf35ca70,0x0000013dbf35cd88] = 792
 main code      [0x0000013dbf35cda0,0x0000013dbf35ec08] = 7784
 stub code      [0x0000013dbf35ec08,0x0000013dbf35ed48] = 320
 oops           [0x0000013dbf35ed48,0x0000013dbf35edc8] = 128
 metadata       [0x0000013dbf35edc8,0x0000013dbf35eeb8] = 240
 scopes data    [0x0000013dbf35eeb8,0x0000013dbf35f428] = 1392
 scopes pcs     [0x0000013dbf35f428,0x0000013dbf35f828] = 1024
 dependencies   [0x0000013dbf35f828,0x0000013dbf35f840] = 24
 nul chk table  [0x0000013dbf35f840,0x0000013dbf35f890] = 80

[Constant Pool (empty)]

[MachCode]
[Entry Point]
  # {method} {0x0000013e4008f998} 'muF' '()V' in 'ui/views/waveform/c/a'
  #           [sp+0x1a0]  (sp of caller)
  0x0000013dbf35cda0: 448b 5208 | 49bb 0000 | 00d5 3d01 | 0000 4d03 | d34c 3bd0 

  0x0000013dbf35cdb4: ;   {runtime_call ic_miss_stub}
  0x0000013dbf35cdb4: 0f85 c619 | ac06 660f | 1f44 0000 
[Verified Entry Point]
  0x0000013dbf35cdc0: 8984 2400 | 80ff ff55 | 4881 ec90 | 0100 0090 | 4181 7f20 | 1401 0000 

  0x0000013dbf35cdd8: ;   {runtime_call StubRoutines (final stubs)}
  0x0000013dbf35cdd8: 7405 e881 | 7faa 0648 | 8994 2430 

  0x0000013dbf35cde4: ;   {metadata(method data for {method} {0x0000013e4008f998} 'muF' '()V' in 'ui/views/waveform/c/a')}
  0x0000013dbf35cde4: 0100 0048 | be00 1ba4 | 403e 0100 | 008b becc | 0000 0083 | c702 89be | cc00 0000 | 81e7 fe07 
  0x0000013dbf35ce04: 0000 83ff | 000f 8432 | 1800 008b | b200 0200 | 0048 c1e6 | 038b b6fc | 0100 0048 | c1e6 0348 
  0x0000013dbf35ce24: 3b06 488b 

  0x0000013dbf35ce28: ;   {metadata(method data for {method} {0x0000013e4008f998} 'muF' '()V' in 'ui/views/waveform/c/a')}
  0x0000013dbf35ce28: fe48 bb00 | 1ba4 403e | 0100 0048 | 8383 1001 | 0000 0148 

  0x0000013dbf35ce3c: ;   {optimized virtual_call}
  0x0000013dbf35ce3c: 8bd6 90e8 

  0x0000013dbf35ce40: ; ImmutableOopMap {[304]=Oop }
                      ;*invokevirtual mvl {reexecute=0 rethrow=0 return_oop=0}
                      ; - ui.views.waveform.c.a::muF@7 (line 465)
  0x0000013dbf35ce40: 9c1a 68ff 

  0x0000013dbf35ce44: ;   {other}
  0x0000013dbf35ce44: 0f1f 8400 | 3405 0000 | 4889 8424 | 3801 0000 | 4883 f800 

  0x0000013dbf35ce58: ;   {metadata(method data for {method} {0x0000013e4008f998} 'muF' '()V' in 'ui/views/waveform/c/a')}
  0x0000013dbf35ce58: 48be 001b | a440 3e01 | 0000 48bf | 5801 0000 | 0000 0000 | 0f84 0a00 | 0000 48bf | 4801 0000 
  0x0000013dbf35ce78: 0000 0000 | 488b 1c3e | 488d 5b01 | 4889 1c3e | 0f84 5c16 

  0x0000013dbf35ce8c: ;   {metadata(method data for {method} {0x0000013e4008f998} 'muF' '()V' in 'ui/views/waveform/c/a')}
  0x0000013dbf35ce8c: 0000 48be | 001b a440 | 3e01 0000 | 4883 8668 | 0100 0001 

  0x0000013dbf35cea0: ;   {metadata(method data for {method} {0x0000013e16691730} 'gjB' '()J' in 'ui/utils/s/d')}
  0x0000013dbf35cea0: 48be b871 | 0718 3e01 | 0000 8bbe | cc00 0000 | 83c7 0289 | becc 0000 | 0081 e7fe | ff1f 0083 
  0x0000013dbf35cec0: ff00 0f84 | a417 0000 

  0x0000013dbf35cec8: ;   {metadata(method data for {method} {0x0000013e16691730} 'gjB' '()J' in 'ui/utils/s/d')}
  0x0000013dbf35cec8: 48be b871 | 0718 3e01 | 0000 4883 | 8610 0100 

  0x0000013dbf35ced8: ;   {runtime_call}
  0x0000013dbf35ced8: 0001 48b8 | 4023 f089 | fa7f 0000 

  0x0000013dbf35cee4: ;   {other}
  0x0000013dbf35cee4: ffd0 0f1f | 8400 0000 | 0000 4889 | 8424 5001 

  0x0000013dbf35cef4: ;   {metadata('java/util/ArrayList')}
  0x0000013dbf35cef4: 0000 48ba | 48ad 0bd5 | 3d01 0000 | 498b 87b8 | 0100 0048 | 8d78 1849 | 3bbf c801 | 0000 0f87 
  0x0000013dbf35cf14: 7517 0000 | 4989 bfb8 | 0100 0048 | c700 0100 | 0000 488b | ca49 ba00 | 0000 d53d | 0100 0049 
  0x0000013dbf35cf34: 2bca 8948 | 0848 33c9 | 8948 0c48 | 33c9 4889 | 4810 488b 

  0x0000013dbf35cf48: ;   {metadata(method data for {method} {0x0000013e4008f998} 'muF' '()V' in 'ui/views/waveform/c/a')}
  0x0000013dbf35cf48: d048 be00 | 1ba4 403e | 0100 0048 | 8386 7801 

  0x0000013dbf35cf58: ;   {metadata(method data for {method} {0x0000013dd50bd390} '<init>' '()V' in 'java/util/ArrayList')}
  0x0000013dbf35cf58: 0000 0148 | ba90 5836 | 163e 0100 | 008b b2cc | 0000 0083 | c602 89b2 | cc00 0000 | 81e6 feff 
  0x0000013dbf35cf78: 1f00 83fe | 000f 8417 | 1700 0048 

  0x0000013dbf35cf84: ;   {metadata(method data for {method} {0x0000013dd50bd390} '<init>' '()V' in 'java/util/ArrayList')}
  0x0000013dbf35cf84: 8bd0 48be | 9058 3616 | 3e01 0000 | 4883 8610 | 0100 0001 

  0x0000013dbf35cf98: ;   {metadata(method data for {method} {0x0000013dd505b948} '<init>' '()V' in 'java/util/AbstractList')}
  0x0000013dbf35cf98: 48ba a082 | 1316 3e01 | 0000 8bb2 | cc00 0000 | 83c6 0289 | b2cc 0000 | 0081 e6fe | ff1f 0083 
  0x0000013dbf35cfb8: fe00 0f84 | fb16 0000 

  0x0000013dbf35cfc0: ;   {metadata(method data for {method} {0x0000013dd505b948} '<init>' '()V' in 'java/util/AbstractList')}
  0x0000013dbf35cfc0: 488b d048 | bea0 8213 | 163e 0100 | 0048 8386 | 1001 0000 

  0x0000013dbf35cfd4: ;   {metadata(method data for {method} {0x0000013dd505acf8} '<init>' '()V' in 'java/util/AbstractCollection')}
  0x0000013dbf35cfd4: 0148 bad8 | 3b01 163e | 0100 008b | b2cc 0000 | 0083 c602 | 89b2 cc00 | 0000 81e6 | feff 1f00 
  0x0000013dbf35cff4: 83fe 000f | 84df 1600 | 0048 8bd0 

  0x0000013dbf35d000: ;   {metadata(method data for {method} {0x0000013dd505acf8} '<init>' '()V' in 'java/util/AbstractCollection')}
  0x0000013dbf35d000: 48be d83b | 0116 3e01 | 0000 4883 | 8610 0100 

  0x0000013dbf35d010: ;   {metadata(method data for {method} {0x0000013dd5479fd0} '<init>' '()V' in 'java/lang/Object')}
  0x0000013dbf35d010: 0001 48ba | 5075 0016 | 3e01 0000 | 8bb2 cc00 | 0000 83c6 | 0289 b2cc | 0000 0081 | e6fe ff1f 
  0x0000013dbf35d030: 0083 fe00 | 0f84 c316 | 0000 410f | be57 4083 | fa00 0f85 | d616 0000 

  0x0000013dbf35d048: ;   {oop(a 'java/lang/Object'[0] {0x00000007028547e0})}
  0x0000013dbf35d048: 49ba e047 | 8502 0700 | 0000 49c1 | ea03 4489 

  0x0000013dbf35d058: ;   {oop(a 'java/lang/Object'[0] {0x00000007028547e0})}
  0x0000013dbf35d058: 5014 48ba | e047 8502 | 0700 0000 | 488b f048 | 33f2 48c1 | ee15 4883 | fe00 0f85 | c516 0000 
  0x0000013dbf35d078: 488b 9424 | 3001 0000 | 8bb2 0402 | 0000 48c1 | e603 4883 

  0x0000013dbf35d08c: ;   {metadata(method data for {method} {0x0000013e4008f998} 'muF' '()V' in 'ui/views/waveform/c/a')}
  0x0000013dbf35d08c: fe00 48bf | 001b a440 | 3e01 0000 | 48b9 8801 | 0000 0000 | 0000 0f85 | 0a00 0000 | 48b9 9801 
  0x0000013dbf35d0ac: 0000 0000 | 0000 4c8b | 040f 4d8d | 4001 4c89 | 040f 0f85 | 4604 0000 | 4889 8424 | 4801 0000 
  0x0000013dbf35d0cc: ;   {metadata('ui/data/r/a')}
  0x0000013dbf35d0cc: 4c8b da48 | baa8 aeb3 | d63d 0100 | 0049 8b87 | b801 0000 | 488d b880 | 0000 0049 | 3bbf c801 
  0x0000013dbf35d0ec: 0000 0f87 | 6116 0000 | 4989 bfb8 | 0100 0048 | c700 0100 | 0000 488b | ca49 ba00 | 0000 d53d 
  0x0000013dbf35d10c: 0100 0049 | 2bca 8948 | 0848 33c9 | 8948 0c48 | 33c9 48bf | 0e00 0000 | 0000 0000 | 4889 4cf8 
  0x0000013dbf35d12c: 0848 ffcf | 75f6 458b | 8300 0200 | 0049 c1e0 | 0349 3b00 

  0x0000013dbf35d140: ;   {metadata(method data for {method} {0x0000013e4008f998} 'muF' '()V' in 'ui/views/waveform/c/a')}
  0x0000013dbf35d140: 4d8b c848 | ba00 1ba4 | 403e 0100 | 0048 8382 | c001 0000 

  0x0000013dbf35d154: ;   {metadata(method data for {method} {0x0000013e18e15490} 'mtj' '()Lui/views/waveform/c/a;' in 'ui/views/waveform/t')}
  0x0000013dbf35d154: 0149 b960 | 20a4 403e | 0100 0041 | 8b91 cc00 | 0000 83c2 | 0241 8991 | cc00 0000 | 81e2 feff 
  0x0000013dbf35d174: 1f00 83fa | 000f 84e8 | 1500 0045 | 8b80 f401 | 0000 49c1 | e003 4983 

  0x0000013dbf35d18c: ;   {metadata(method data for {method} {0x0000013e18e15490} 'mtj' '()Lui/views/waveform/c/a;' in 'ui/views/waveform/t')}
  0x0000013dbf35d18c: f800 49b9 | 6020 a440 | 3e01 0000 | 48ba 1001 | 0000 0000 | 0000 0f85 | 0a00 0000 | 48ba 2001 
  0x0000013dbf35d1ac: 0000 0000 | 0000 498b | 3411 488d | 7601 4989 | 3411 0f85 | 2000 0000 

  0x0000013dbf35d1c4: ;   {metadata(method data for {method} {0x0000013e18e15490} 'mtj' '()Lui/views/waveform/c/a;' in 'ui/views/waveform/t')}
  0x0000013dbf35d1c4: 49b8 6020 | a440 3e01 | 0000 41ff | 8030 0100 

  0x0000013dbf35d1d4: ;   {oop(nullptr)}
  0x0000013dbf35d1d4: 0049 b900 | 0000 0000 | 0000 00e9 | 0e00 0000 

  0x0000013dbf35d1e4: ; implicit exception: dispatches to 0x0000013dbf35e788
  0x0000013dbf35d1e4: 458b 807c | 0100 0049 | c1e0 034d | 8bc8 4c8b 

  0x0000013dbf35d1f4: ;   {metadata(method data for {method} {0x0000013e4008f998} 'muF' '()V' in 'ui/views/waveform/c/a')}
  0x0000013dbf35d1f4: c048 b900 | 1ba4 403e | 0100 0048 | 8381 e001 

  0x0000013dbf35d204: ;   {oop(""{0x0000000702115428})}
  0x0000013dbf35d204: 0000 0149 | b828 5411 | 0207 0000 | 0048 8bd0 | 4889 8424 | 4001 0000 

  0x0000013dbf35d21c: ;   {optimized virtual_call}
  0x0000013dbf35d21c: 6666 90e8 

  0x0000013dbf35d220: ; ImmutableOopMap {[304]=Oop [312]=Oop [320]=Oop [328]=Oop }
                      ;*invokespecial <init> {reexecute=0 rethrow=0 return_oop=0}
                      ; - ui.views.waveform.c.a::muF@50 (line 474)
  0x0000013dbf35d220: a01a 0000 

  0x0000013dbf35d224: ;   {other}
  0x0000013dbf35d224: 0f1f 8400 | 1409 0001 | 450f be47 | 4041 83f8 | 0048 8b94 | 2430 0100 | 000f 854a | 1500 0048 
  0x0000013dbf35d244: 8b84 2440 | 0100 004c | 8bd0 49c1 | ea03 4489 | 9204 0200 | 004c 8bc2 | 4c33 c049 | c1e8 1549 
  0x0000013dbf35d264: 83f8 000f | 8543 1500 | 0045 0fbe | 4740 4183 | f800 0f85 | 4c15 0000 | 488b bc24 | 4801 0000 
  0x0000013dbf35d284: 4c8b d749 | c1ea 0344 | 8950 284c | 8bc0 4c33 | c749 c1e8 | 1549 83f8 | 000f 8545 | 1500 0045 
  0x0000013dbf35d2a4: 0fbe 4740 | 4183 f800 | 0f85 4e15 | 0000 c740 | 4400 0000 | 0045 0fbe | 4740 4183 | f800 0f85 
  0x0000013dbf35d2c4: 5815 0000 | c740 3000 | 0000 004c 

  0x0000013dbf35d2d0: ;   {metadata(method data for {method} {0x0000013e4008f998} 'muF' '()V' in 'ui/views/waveform/c/a')}
  0x0000013dbf35d2d0: 8bc0 48be | 001b a440 | 3e01 0000 | 4883 86f0 | 0100 0001 

  0x0000013dbf35d2e4: ;   {metadata(method data for {method} {0x0000013e40446c90} 'ch' '(Ljava/io/InputStream;)Z' in 'ui/data/r/a')}
  0x0000013dbf35d2e4: 49b8 182c | a440 3e01 | 0000 418b | b0cc 0000 | 0083 c602 | 4189 b0cc | 0000 0081 | e6fe ff1f 
  0x0000013dbf35d304: 0083 fe00 | 0f84 3215 | 0000 488b | 9c24 3801 | 0000 4883 

  0x0000013dbf35d318: ;   {metadata(method data for {method} {0x0000013e40446c90} 'ch' '(Ljava/io/InputStream;)Z' in 'ui/data/r/a')}
  0x0000013dbf35d318: fb00 49b8 | 182c a440 | 3e01 0000 | 48be 1001 | 0000 0000 | 0000 0f85 | 0a00 0000 | 48be 2001 
  0x0000013dbf35d338: 0000 0000 | 0000 498b | 3c30 488d | 7f01 4989 | 3c30 0f85 | 0a00 0000 | be00 0000 | 00e9 3700 
  0x0000013dbf35d358: 0000 4c8b 

  0x0000013dbf35d35c: ;   {metadata(method data for {method} {0x0000013e40446c90} 'ch' '(Ljava/io/InputStream;)Z' in 'ui/data/r/a')}
  0x0000013dbf35d35c: c048 be18 | 2ca4 403e | 0100 0048 | 8386 3001 | 0000 014c | 8bc3 488b 

  0x0000013dbf35d374: ;   {optimized virtual_call}
  0x0000013dbf35d374: d066 90e8 

  0x0000013dbf35d378: ; ImmutableOopMap {[304]=Oop }
                      ;*invokevirtual cj {reexecute=0 rethrow=0 return_oop=0}
                      ; - ui.data.r.a::ch@8 (line 296)
                      ; - ui.views.waveform.c.a::muF@86 (line 481)
  0x0000013dbf35d378: 5719 0000 

  0x0000013dbf35d37c: ;   {other}
  0x0000013dbf35d37c: 0f1f 8400 | 6c0a 0002 | be01 0000 | 0048 8b94 | 2430 0100 | 008b b200 | 0200 0048 | c1e6 0348 
  0x0000013dbf35d39c: 3b06 488b 

  0x0000013dbf35d3a0: ;   {metadata(method data for {method} {0x0000013e4008f998} 'muF' '()V' in 'ui/views/waveform/c/a')}
  0x0000013dbf35d3a0: fe48 bb00 | 1ba4 403e | 0100 0048 | 8383 4002 

  0x0000013dbf35d3b0: ;   {metadata(method data for {method} {0x0000013e18e15490} 'mtj' '()Lui/views/waveform/c/a;' in 'ui/views/waveform/t')}
  0x0000013dbf35d3b0: 0000 0148 | bf60 20a4 | 403e 0100 | 008b 9fcc | 0000 0083 | c302 899f | cc00 0000 | 81e3 feff 
  0x0000013dbf35d3d0: 1f00 83fb | 000f 848b | 1400 008b | b6f4 0100 | 0048 c1e6 | 0348 83fe 

  0x0000013dbf35d3e8: ;   {metadata(method data for {method} {0x0000013e18e15490} 'mtj' '()Lui/views/waveform/c/a;' in 'ui/views/waveform/t')}
  0x0000013dbf35d3e8: 0048 bf60 | 20a4 403e | 0100 0048 | bb10 0100 | 0000 0000 | 000f 850a | 0000 0048 | bb20 0100 
  0x0000013dbf35d408: 0000 0000 | 0048 8b04 | 1f48 8d40 | 0148 8904 | 1f0f 851f 

  0x0000013dbf35d41c: ;   {metadata(method data for {method} {0x0000013e18e15490} 'mtj' '()Lui/views/waveform/c/a;' in 'ui/views/waveform/t')}
  0x0000013dbf35d41c: 0000 0048 | be60 20a4 | 403e 0100 | 00ff 8630 

  0x0000013dbf35d42c: ;   {oop(nullptr)}
  0x0000013dbf35d42c: 0100 0048 | be00 0000 | 0000 0000 | 00e9 0a00 | 0000 8bb6 | 7c01 0000 | 48c1 e603 

  0x0000013dbf35d448: ; implicit exception: dispatches to 0x0000013dbf35e88c
  0x0000013dbf35d448: 483b 0648 

  0x0000013dbf35d44c: ;   {metadata(method data for {method} {0x0000013e4008f998} 'muF' '()V' in 'ui/views/waveform/c/a')}
  0x0000013dbf35d44c: 8bfe 48bb | 001b a440 | 3e01 0000 | 8b7f 0849 | ba00 0000 | d53d 0100 | 0049 03fa | 483b bb70 
  0x0000013dbf35d46c: 0200 0075 | 0d48 8383 | 7802 0000 | 01e9 6000 | 0000 483b | bb80 0200 | 0075 0d48 | 8383 8802 
  0x0000013dbf35d48c: 0000 01e9 | 4a00 0000 | 4883 bb70 | 0200 0000 | 7517 4889 | bb70 0200 | 0048 c783 | 7802 0000 
  0x0000013dbf35d4ac: 0100 0000 | e929 0000 | 0048 83bb | 8002 0000 | 0075 1748 | 89bb 8002 | 0000 48c7 | 8388 0200 
  0x0000013dbf35d4cc: 0001 0000 | 00e9 0800 | 0000 4883 | 8360 0200 | 0001 488b | d666 0f1f 

  0x0000013dbf35d4e4: ;   {optimized virtual_call}
  0x0000013dbf35d4e4: 4400 00e8 

  0x0000013dbf35d4e8: ; ImmutableOopMap {[304]=Oop }
                      ;*invokevirtual revalidate {reexecute=0 rethrow=0 return_oop=0}
                      ; - ui.views.waveform.c.a::muF@97 (line 482)
  0x0000013dbf35d4e8: f4e1 e307 

  0x0000013dbf35d4ec: ;   {other}
  0x0000013dbf35d4ec: 0f1f 8400 | dc0b 0003 

  0x0000013dbf35d4f4: ;   {metadata(method data for {method} {0x0000013e4008f998} 'muF' '()V' in 'ui/views/waveform/c/a')}
  0x0000013dbf35d4f4: 49b8 001b | a440 3e01 | 0000 41ff | 8098 0200 | 00e9 6200 | 0000 488b | f848 8b9c | 2438 0100 
  0x0000013dbf35d514: 0045 0fbe | 4740 4183 | f800 0f85 | 6d13 0000 | 4c8b d749 | c1ea 0344 | 8956 284c | 8bc6 4c33 
  0x0000013dbf35d534: c749 c1e8 | 1549 83f8 | 000f 8573 | 1300 004c 

  0x0000013dbf35d544: ;   {metadata(method data for {method} {0x0000013e4008f998} 'muF' '()V' in 'ui/views/waveform/c/a')}
  0x0000013dbf35d544: 8bc6 48ba | 001b a440 | 3e01 0000 | 4883 82b0 | 0200 0001 | 4c8b c348 

  0x0000013dbf35d55c: ;   {optimized virtual_call}
  0x0000013dbf35d55c: 8bd6 90e8 

  0x0000013dbf35d560: ; ImmutableOopMap {[304]=Oop }
                      ;*invokevirtual ci {reexecute=0 rethrow=0 return_oop=0}
                      ; - ui.views.waveform.c.a::muF@117 (line 486)
  0x0000013dbf35d560: 5cc5 d8ff 

  0x0000013dbf35d564: ;   {other}
  0x0000013dbf35d564: 0f1f 8400 | 540c 0004 | 488b 9424 | 3001 0000 

  0x0000013dbf35d574: ;   {metadata(method data for {method} {0x0000013e4008f998} 'muF' '()V' in 'ui/views/waveform/c/a')}
  0x0000013dbf35d574: 4c8b c248 | be00 1ba4 | 403e 0100 | 0048 8386 | e802 0000 | 0141 b800 | 0000 0048 | 8bf2 488b 
  0x0000013dbf35d594: ;   {optimized virtual_call}
  0x0000013dbf35d594: d666 90e8 

  0x0000013dbf35d598: ; ImmutableOopMap {[304]=Oop }
                      ;*invokespecial zU {reexecute=0 rethrow=0 return_oop=0}
                      ; - ui.views.waveform.c.a::muF@123 (line 489)
  0x0000013dbf35d598: c493 86ff 

  0x0000013dbf35d59c: ;   {other}
  0x0000013dbf35d59c: 0f1f 8400 | 8c0c 0005 | 488b 9424 | 3001 0000 

  0x0000013dbf35d5ac: ;   {metadata(method data for {method} {0x0000013e4008f998} 'muF' '()V' in 'ui/views/waveform/c/a')}
  0x0000013dbf35d5ac: 48be 001b | a440 3e01 | 0000 8b52 | 0849 ba00 | 0000 d53d | 0100 0049 | 03d2 483b | 9608 0300 
  0x0000013dbf35d5cc: 0075 0d48 | 8386 1003 | 0000 01e9 | 6000 0000 | 483b 9618 | 0300 0075 | 0d48 8386 | 2003 0000 
  0x0000013dbf35d5ec: 01e9 4a00 | 0000 4883 | be08 0300 | 0000 7517 | 4889 9608 | 0300 0048 | c786 1003 | 0000 0100 
  0x0000013dbf35d60c: 0000 e929 | 0000 0048 | 83be 1803 | 0000 0075 | 1748 8996 | 1803 0000 | 48c7 8620 | 0300 0001 
  0x0000013dbf35d62c: 0000 00e9 | 0800 0000 | 4883 86f8 | 0200 0001 

  0x0000013dbf35d63c: ;   {metadata(method data for {method} {0x0000013e16fd3c20} 'iOP' '()V' in 'ui/frmwork/b/b')}
  0x0000013dbf35d63c: 48ba 4031 | a440 3e01 | 0000 8bb2 | cc00 0000 | 83c6 0289 | b2cc 0000 | 0081 e6fe | ff1f 0083 
  0x0000013dbf35d65c: fe00 0f84 | 6a12 0000 | 488b 9424 | 3001 0000 

  0x0000013dbf35d66c: ;   {metadata(method data for {method} {0x0000013e16fd3c20} 'iOP' '()V' in 'ui/frmwork/b/b')}
  0x0000013dbf35d66c: 48be 4031 | a440 3e01 | 0000 8b52 | 0849 ba00 | 0000 d53d | 0100 0049 | 03d2 483b | 9620 0100 
  0x0000013dbf35d68c: 0075 0d48 | 8386 2801 | 0000 01e9 | 6000 0000 | 483b 9630 | 0100 0075 | 0d48 8386 | 3801 0000 
  0x0000013dbf35d6ac: 01e9 4a00 | 0000 4883 | be20 0100 | 0000 7517 | 4889 9620 | 0100 0048 | c786 2801 | 0000 0100 
  0x0000013dbf35d6cc: 0000 e929 | 0000 0048 | 83be 3001 | 0000 0075 | 1748 8996 | 3001 0000 | 48c7 8638 | 0100 0001 
  0x0000013dbf35d6ec: 0000 00e9 | 0800 0000 | 4883 8610 | 0100 0001 | 488b 9424 | 3001 0000 

  0x0000013dbf35d704: ;   {optimized virtual_call}
  0x0000013dbf35d704: 6666 90e8 

  0x0000013dbf35d708: ; ImmutableOopMap {[304]=Oop }
                      ;*invokevirtual ifd {reexecute=0 rethrow=0 return_oop=0}
                      ; - ui.frmwork.b.b::iOP@2 (line 1202)
                      ; - ui.views.waveform.c.a::muF@127 (line 490)
  0x0000013dbf35d708: 34ab 2e07 

  0x0000013dbf35d70c: ;   {other}
  0x0000013dbf35d70c: 0f1f 8400 | fc0d 0006 | 488b 9424 | 3001 0000 

  0x0000013dbf35d71c: ;   {metadata(method data for {method} {0x0000013e16fd3c20} 'iOP' '()V' in 'ui/frmwork/b/b')}
  0x0000013dbf35d71c: 49b8 4031 | a440 3e01 | 0000 4983 | 8048 0100 | 0001 4c8b | c048 8b94 | 2430 0100 | 0066 0f1f 
  0x0000013dbf35d73c: ;   {optimized virtual_call}
  0x0000013dbf35d73c: 4400 00e8 

  0x0000013dbf35d740: ; ImmutableOopMap {[304]=Oop }
                      ;*invokevirtual J {reexecute=0 rethrow=0 return_oop=0}
                      ; - ui.frmwork.b.b::iOP@5 (line 1202)
                      ; - ui.views.waveform.c.a::muF@127 (line 490)
  0x0000013dbf35d740: 5c67 64ff 

  0x0000013dbf35d744: ;   {other}
  0x0000013dbf35d744: 0f1f 8400 | 340e 0007 | 488b 9424 | 3001 0000 

  0x0000013dbf35d754: ;   {metadata(method data for {method} {0x0000013e16fd3c20} 'iOP' '()V' in 'ui/frmwork/b/b')}
  0x0000013dbf35d754: 48be 4031 | a440 3e01 | 0000 4883 | 8680 0100 | 0001 488b | 9424 3001 

  0x0000013dbf35d76c: ;   {optimized virtual_call}
  0x0000013dbf35d76c: 0000 90e8 

  0x0000013dbf35d770: ; ImmutableOopMap {}
                      ;*invokespecial repaint {reexecute=0 rethrow=0 return_oop=0}
                      ; - ui.frmwork.b.b::iOP@10 (line 1203)
                      ; - ui.views.waveform.c.a::muF@127 (line 490)
  0x0000013dbf35d770: 4c9f 4d07 

  0x0000013dbf35d774: ;   {other}
  0x0000013dbf35d774: 0f1f 8400 | 640e 0008 

  0x0000013dbf35d77c: ;   {metadata(method data for {method} {0x0000013e4008f998} 'muF' '()V' in 'ui/views/waveform/c/a')}
  0x0000013dbf35d77c: 48be 001b | a440 3e01 | 0000 4883 | 8630 0300 

  0x0000013dbf35d78c: ;   {metadata(method data for {method} {0x0000013e16691730} 'gjB' '()J' in 'ui/utils/s/d')}
  0x0000013dbf35d78c: 0001 48be | b871 0718 | 3e01 0000 | 8bbe cc00 | 0000 83c7 | 0289 becc | 0000 0081 | e7fe ff1f 
  0x0000013dbf35d7ac: 0083 ff00 | 0f84 3911 

  0x0000013dbf35d7b4: ;   {metadata(method data for {method} {0x0000013e16691730} 'gjB' '()J' in 'ui/utils/s/d')}
  0x0000013dbf35d7b4: 0000 48be | b871 0718 | 3e01 0000 | 4883 8610 | 0100 0001 

  0x0000013dbf35d7c8: ;   {runtime_call}
  0x0000013dbf35d7c8: 48b8 4023 | f089 fa7f | 0000 ffd0 

  0x0000013dbf35d7d4: ;   {other}
  0x0000013dbf35d7d4: 0f1f 8400 | 0000 0000 | 488b 9424 | 5001 0000 | 482b c248 | 8984 2458 

  0x0000013dbf35d7ec: ;   {metadata(method data for {method} {0x0000013dd50aff60} 'linkToTargetMethod' '(JLjava/lang/Object;)Ljava/lang/Object;' in 'java/lang/invoke/Invokers$Holder')}
  0x0000013dbf35d7ec: 0100 0048 | ba20 a656 | 403e 0100 | 0048 8d92 | f801 0000 

  0x0000013dbf35d800: ;   {oop(a 'java/lang/invoke/BoundMethodHandle$Species_LLLL'{0x000000070484dc40})}
  0x0000013dbf35d800: 48be 40dc | 8404 0700 | 0000 488b | fe48 85ff | 7504 4883 

  0x0000013dbf35d814: ;   {metadata(method data for {method} {0x0000013e4008f998} 'muF' '()V' in 'ui/views/waveform/c/a')}
  0x0000013dbf35d814: 0a01 48ba | 001b a440 | 3e01 0000 | 4883 8240 | 0300 0001 

  0x0000013dbf35d828: ;   {metadata(method data for {method} {0x0000013dd50aff60} 'linkToTargetMethod' '(JLjava/lang/Object;)Ljava/lang/Object;' in 'java/lang/invoke/Invokers$Holder')}
  0x0000013dbf35d828: 48ba 20a6 | 5640 3e01 | 0000 8bba | cc00 0000 | 83c7 0289 | bacc 0000 | 0081 e7fe | ff1f 0083 
  0x0000013dbf35d848: ff00 0f84 | c010 0000 

  0x0000013dbf35d850: ;   {metadata(method data for {method} {0x0000013e19e32348} 'invoke' '(Ljava/lang/Object;J)Ljava/lang/Object;' in 'java/lang/invoke/LambdaForm$MH+0x0000013dd6a65000')}
  0x0000013dbf35d850: 48ba 00f4 | 7540 3e01 | 0000 488d | 92b8 0300 | 0048 85f6 | 7504 4883 

  0x0000013dbf35d868: ;   {metadata(method data for {method} {0x0000013dd50aff60} 'linkToTargetMethod' '(JLjava/lang/Object;)Ljava/lang/Object;' in 'java/lang/invoke/Invokers$Holder')}
  0x0000013dbf35d868: 0a01 48ba | 20a6 5640 | 3e01 0000 | 4883 8248 | 0100 0001 

  0x0000013dbf35d87c: ;   {metadata(method data for {method} {0x0000013e19e32348} 'invoke' '(Ljava/lang/Object;J)Ljava/lang/Object;' in 'java/lang/invoke/LambdaForm$MH+0x0000013dd6a65000')}
  0x0000013dbf35d87c: 48ba 00f4 | 7540 3e01 | 0000 8bb2 | cc00 0000 | 83c6 0289 | b2cc 0000 | 0081 e6fe | ff1f 0083 
  0x0000013dbf35d89c: fe00 0f84 | 8d10 0000 

  0x0000013dbf35d8a4: ;   {metadata(method data for {method} {0x0000013e19e31aa0} 'invoke' '(Ljava/lang/Object;J)J' in 'java/lang/invoke/LambdaForm$MH+0x0000013dd6a64c00')}
  0x0000013dbf35d8a4: 48ba 001d | e319 3e01 | 0000 488d | 9220 0200 

  0x0000013dbf35d8b4: ;   {oop(a 'java/lang/invoke/BoundMethodHandle$Species_LJ'{0x000000070484dd30})}
  0x0000013dbf35d8b4: 0048 be30 | dd84 0407 | 0000 0048 | 85f6 7504 | 4883 0a01 

  0x0000013dbf35d8c8: ;   {metadata(method data for {method} {0x0000013e19e32348} 'invoke' '(Ljava/lang/Object;J)Ljava/lang/Object;' in 'java/lang/invoke/LambdaForm$MH+0x0000013dd6a65000')}
  0x0000013dbf35d8c8: 48ba 00f4 | 7540 3e01 | 0000 4883 | 8280 0100 

  0x0000013dbf35d8d8: ;   {metadata(method data for {method} {0x0000013e19e31aa0} 'invoke' '(Ljava/lang/Object;J)J' in 'java/lang/invoke/LambdaForm$MH+0x0000013dd6a64c00')}
  0x0000013dbf35d8d8: 0001 48ba | 001d e319 | 3e01 0000 | 8bb2 cc00 | 0000 83c6 | 0289 b2cc | 0000 0081 | e6fe ff1f 
  0x0000013dbf35d8f8: 0083 fe00 | 0f84 5010 

  0x0000013dbf35d900: ;   {metadata(method data for {method} {0x0000013dd50b4ff0} 'invokeStatic' '(Ljava/lang/Object;JJ)J' in 'java/lang/invoke/DirectMethodHandle$Holder')}
  0x0000013dbf35d900: 0000 48ba | e099 5640 | 3e01 0000 | 488d 9218 

  0x0000013dbf35d910: ;   {oop(a 'java/lang/invoke/DirectMethodHandle'{0x0000000703d31ed8})}
  0x0000013dbf35d910: 0200 0048 | bed8 1ed3 | 0307 0000 | 0048 8bfe | 4885 ff75 | 0448 830a 

  0x0000013dbf35d928: ;   {metadata(method data for {method} {0x0000013e19e31aa0} 'invoke' '(Ljava/lang/Object;J)J' in 'java/lang/invoke/LambdaForm$MH+0x0000013dd6a64c00')}
  0x0000013dbf35d928: 0148 ba00 | 1de3 193e | 0100 0048 | 8382 8001 

  0x0000013dbf35d938: ;   {metadata(method data for {method} {0x0000013dd50b4ff0} 'invokeStatic' '(Ljava/lang/Object;JJ)J' in 'java/lang/invoke/DirectMethodHandle$Holder')}
  0x0000013dbf35d938: 0000 0148 | bae0 9956 | 403e 0100 | 008b bacc | 0000 0083 | c702 89ba | cc00 0000 | 81e7 feff 
  0x0000013dbf35d958: 1f00 83ff | 000f 8410 

  0x0000013dbf35d960: ;   {metadata(method data for {method} {0x0000013dd50b4ff0} 'invokeStatic' '(Ljava/lang/Object;JJ)J' in 'java/lang/invoke/DirectMethodHandle$Holder')}
  0x0000013dbf35d960: 1000 0048 | bae0 9956 | 403e 0100 | 0048 8d92 | 2001 0000 | 4885 f675 | 0548 834a 

  0x0000013dbf35d97c: ;   {metadata(method data for {method} {0x0000013dd50b4ff0} 'invokeStatic' '(Ljava/lang/Object;JJ)J' in 'java/lang/invoke/DirectMethodHandle$Holder')}
  0x0000013dbf35d97c: 0801 48ba | e099 5640 | 3e01 0000 | 4883 8210 | 0100 0001 

  0x0000013dbf35d990: ;   {metadata(method data for {method} {0x0000013dd50a3038} 'internalMemberName' '(Ljava/lang/Object;)Ljava/lang/Object;' in 'java/lang/invoke/DirectMethodHandle')}
  0x0000013dbf35d990: 48ba 608f | 2416 3e01 | 0000 8bb2 | cc00 0000 | 83c6 0289 | b2cc 0000 | 0081 e6fe | ff1f 0083 
  0x0000013dbf35d9b0: fe00 0f84 | dc0f 0000 

  0x0000013dbf35d9b8: ;   {metadata(method data for {method} {0x0000013dd50b4ff0} 'invokeStatic' '(Ljava/lang/Object;JJ)J' in 'java/lang/invoke/DirectMethodHandle$Holder')}
  0x0000013dbf35d9b8: 48ba e099 | 5640 3e01 | 0000 488d | 9230 0100 

  0x0000013dbf35d9c8: ;   {oop(a 'java/lang/invoke/MemberName'{0x0000000703d31f00} = {method} {0x0000013dd5424ef8} 'mix' '(JJ)J' in 'java/lang/StringConcatHelper')}
  0x0000013dbf35d9c8: 0048 be00 | 1fd3 0307 | 0000 0048 | 85f6 7504 | 4883 0a01 

  0x0000013dbf35d9dc: ;   {metadata(method data for {method} {0x0000013dd50b4ff0} 'invokeStatic' '(Ljava/lang/Object;JJ)J' in 'java/lang/invoke/DirectMethodHandle$Holder')}
  0x0000013dbf35d9dc: 48ba e099 | 5640 3e01 | 0000 4883 | 8278 0100 

  0x0000013dbf35d9ec: ;   {metadata(method data for {method} {0x0000013dd5424ef8} 'mix' '(JJ)J' in 'java/lang/StringConcatHelper')}
  0x0000013dbf35d9ec: 0001 48ba | 009c 5640 | 3e01 0000 | 8bb2 cc00 | 0000 83c6 | 0289 b2cc | 0000 0081 | e6fe ff1f 
  0x0000013dbf35da0c: 0083 fe00 | 0f84 9f0f 

  0x0000013dbf35da14: ;   {metadata(method data for {method} {0x0000013dd5424ef8} 'mix' '(JJ)J' in 'java/lang/StringConcatHelper')}
  0x0000013dbf35da14: 0000 48ba | 009c 5640 | 3e01 0000 | 4883 8210 | 0100 0001 | 488b d00f 

  0x0000013dbf35da2c: ;   {static_call}
  0x0000013dbf35da2c: 1f40 00e8 

  0x0000013dbf35da30: ; ImmutableOopMap {}
                      ;*invokestatic stringSize {reexecute=0 rethrow=0 return_oop=0}
                      ; - java.lang.StringConcatHelper::mix@2 (line 112)
                      ; - java.lang.invoke.DirectMethodHandle$Holder::invokeStatic@13
                      ; - java.lang.invoke.LambdaForm$MH/0x0000013dd6a64c00::invoke@23
                      ; - java.lang.invoke.LambdaForm$MH/0x0000013dd6a65000::invoke@15
                      ; - java.lang.invoke.Invokers$Holder::linkToTargetMethod@5
                      ; - ui.views.waveform.c.a::muF@135 (line 492)
  0x0000013dbf35da30: ec94 4707 

  0x0000013dbf35da34: ;   {other}
  0x0000013dbf35da34: 0f1f 8400 | 2411 0009 | 4863 c048 | b916 0000 | 0000 0000 | 0048 03c1 | 4889 8424 | 6001 0000 
  0x0000013dbf35da54: ;   {metadata(method data for {method} {0x0000013dd5424ef8} 'mix' '(JJ)J' in 'java/lang/StringConcatHelper')}
  0x0000013dbf35da54: 48b9 009c | 5640 3e01 | 0000 4883 | 8120 0100 

  0x0000013dbf35da64: ;   {metadata(method data for {method} {0x0000013dd5424920} 'checkOverflow' '(J)J' in 'java/lang/StringConcatHelper')}
  0x0000013dbf35da64: 0001 48b9 | 20e1 0616 | 3e01 0000 | 448b 81cc | 0000 0041 | 83c0 0244 | 8981 cc00 | 0000 4181 
  0x0000013dbf35da84: e0fe ff1f | 0041 83f8 | 000f 8443 | 0f00 008b | f083 fe00 

  0x0000013dbf35da98: ;   {metadata(method data for {method} {0x0000013dd5424920} 'checkOverflow' '(J)J' in 'java/lang/StringConcatHelper')}
  0x0000013dbf35da98: 48b9 20e1 | 0616 3e01 | 0000 49b8 | 1001 0000 | 0000 0000 | 0f8c 0a00 | 0000 49b8 | 2001 0000 
  0x0000013dbf35dab8: 0000 0000 | 4e8b 0c01 | 4d8d 4901 | 4e89 0c01 | 0f8c d30a 

  0x0000013dbf35dacc: ;   {metadata(method data for {method} {0x0000013e16470e90} 'invoke' '(Ljava/lang/Object;J)Ljava/lang/Object;' in 'java/lang/invoke/LambdaForm$MH+0x0000013dd6010c00')}
  0x0000013dbf35dacc: 0000 48b9 | 0811 4716 | 3e01 0000 | 488d 8940 

  0x0000013dbf35dadc: ;   {oop(a 'java/lang/invoke/BoundMethodHandle$Species_LL'{0x000000070484dcd8})}
  0x0000013dbf35dadc: 0200 0049 | b8d8 dc84 | 0407 0000 | 004d 85c0 | 7504 4883 

  0x0000013dbf35daf0: ;   {metadata(method data for {method} {0x0000013e19e32348} 'invoke' '(Ljava/lang/Object;J)Ljava/lang/Object;' in 'java/lang/invoke/LambdaForm$MH+0x0000013dd6a65000')}
  0x0000013dbf35daf0: 0901 48b9 | 00f4 7540 | 3e01 0000 | 4883 81f0 | 0100 0001 

  0x0000013dbf35db04: ;   {metadata(method data for {method} {0x0000013e16470e90} 'invoke' '(Ljava/lang/Object;J)Ljava/lang/Object;' in 'java/lang/invoke/LambdaForm$MH+0x0000013dd6010c00')}
  0x0000013dbf35db04: 48b9 0811 | 4716 3e01 | 0000 448b | 81cc 0000 | 0041 83c0 | 0244 8981 | cc00 0000 | 4181 e0fe 
  0x0000013dbf35db24: ff1f 0041 | 83f8 000f | 84c6 0e00 

  0x0000013dbf35db30: ;   {metadata(method data for {method} {0x0000013e16470e90} 'invoke' '(Ljava/lang/Object;J)Ljava/lang/Object;' in 'java/lang/invoke/LambdaForm$MH+0x0000013dd6010c00')}
  0x0000013dbf35db30: 0048 b908 | 1147 163e | 0100 0048 | 8d89 b801 

  0x0000013dbf35db40: ;   {oop(" ms"{0x000000070484dd00})}
  0x0000013dbf35db40: 0000 49b8 | 00dd 8404 | 0700 0000 | 4d8b c84d | 85c9 7505 | 4883 4908 

  0x0000013dbf35db58: ;   {metadata(method data for {method} {0x0000013dd50b4390} 'invokeStatic' '(Ljava/lang/Object;Ljava/lang/Object;J)Ljava/lang/Object;' in 'java/lang/invoke/DirectMethodHandle$Holder')}
  0x0000013dbf35db58: 0148 b9d8 | b597 163e | 0100 0048 | 8d89 2802 

  0x0000013dbf35db68: ;   {oop(a 'java/lang/invoke/DirectMethodHandle'{0x00000007028d1558})}
  0x0000013dbf35db68: 0000 49b9 | 5815 8d02 | 0700 0000 | 498b d148 | 85d2 7504 | 4883 0901 | 498b d048 | 85d2 7505 
  0x0000013dbf35db88: 4883 4910 

  0x0000013dbf35db8c: ;   {metadata(method data for {method} {0x0000013e16470e90} 'invoke' '(Ljava/lang/Object;J)Ljava/lang/Object;' in 'java/lang/invoke/LambdaForm$MH+0x0000013dd6010c00')}
  0x0000013dbf35db8c: 0148 b908 | 1147 163e | 0100 0048 | 8381 8001 

  0x0000013dbf35db9c: ;   {metadata(method data for {method} {0x0000013dd50b4390} 'invokeStatic' '(Ljava/lang/Object;Ljava/lang/Object;J)Ljava/lang/Object;' in 'java/lang/invoke/DirectMethodHandle$Holder')}
  0x0000013dbf35db9c: 0000 0148 | b9d8 b597 | 163e 0100 | 008b 91cc | 0000 0083 | c202 8991 | cc00 0000 | 81e2 feff 
  0x0000013dbf35dbbc: 1f00 83fa | 000f 8451 

  0x0000013dbf35dbc4: ;   {metadata(method data for {method} {0x0000013dd50b4390} 'invokeStatic' '(Ljava/lang/Object;Ljava/lang/Object;J)Ljava/lang/Object;' in 'java/lang/invoke/DirectMethodHandle$Holder')}
  0x0000013dbf35dbc4: 0e00 0048 | b9d8 b597 | 163e 0100 | 0048 8d89 | 2001 0000 | 4d85 c975 | 0548 8349 

  0x0000013dbf35dbe0: ;   {metadata(method data for {method} {0x0000013dd50b4390} 'invokeStatic' '(Ljava/lang/Object;Ljava/lang/Object;J)Ljava/lang/Object;' in 'java/lang/invoke/DirectMethodHandle$Holder')}
  0x0000013dbf35dbe0: 0801 48b9 | d8b5 9716 | 3e01 0000 | 4883 8110 | 0100 0001 

  0x0000013dbf35dbf4: ;   {metadata(method data for {method} {0x0000013dd50a3038} 'internalMemberName' '(Ljava/lang/Object;)Ljava/lang/Object;' in 'java/lang/invoke/DirectMethodHandle')}
  0x0000013dbf35dbf4: 48b9 608f | 2416 3e01 | 0000 448b | 89cc 0000 | 0041 83c1 | 0244 8989 | cc00 0000 | 4181 e1fe 
  0x0000013dbf35dc14: ff1f 0041 | 83f9 000f | 8418 0e00 

  0x0000013dbf35dc20: ;   {metadata(method data for {method} {0x0000013dd50b4390} 'invokeStatic' '(Ljava/lang/Object;Ljava/lang/Object;J)Ljava/lang/Object;' in 'java/lang/invoke/DirectMethodHandle$Holder')}
  0x0000013dbf35dc20: 0048 b9d8 | b597 163e | 0100 0048 | 8d89 3001 

  0x0000013dbf35dc30: ;   {oop(a 'java/lang/invoke/MemberName'{0x00000007028d1580} = {method} {0x0000013dd5424818} 'newArrayWithSuffix' '(Ljava/lang/String;J)[B' in 'java/lang/StringConcatHelper')}
  0x0000013dbf35dc30: 0000 49b9 | 8015 8d02 | 0700 0000 | 4d85 c975 | 0448 8309 

  0x0000013dbf35dc44: ;   {metadata(method data for {method} {0x0000013dd50b4390} 'invokeStatic' '(Ljava/lang/Object;Ljava/lang/Object;J)Ljava/lang/Object;' in 'java/lang/invoke/DirectMethodHandle$Holder')}
  0x0000013dbf35dc44: 0148 b9d8 | b597 163e | 0100 0048 | 8d89 8801 | 0000 4d8b | c84d 85c9 | 7505 4883 

  0x0000013dbf35dc60: ;   {metadata(method data for {method} {0x0000013dd50b4390} 'invokeStatic' '(Ljava/lang/Object;Ljava/lang/Object;J)Ljava/lang/Object;' in 'java/lang/invoke/DirectMethodHandle$Holder')}
  0x0000013dbf35dc60: 4908 0148 | b9d8 b597 | 163e 0100 | 0048 8381 | 7801 0000 

  0x0000013dbf35dc74: ;   {metadata(method data for {method} {0x0000013dd5424818} 'newArrayWithSuffix' '(Ljava/lang/String;J)[B' in 'java/lang/StringConcatHelper')}
  0x0000013dbf35dc74: 0148 b9b8 | 852c 183e | 0100 0044 | 8b89 cc00 | 0000 4183 | c102 4489 | 89cc 0000 | 0041 81e1 
  0x0000013dbf35dc94: feff 1f00 | 4183 f900 | 0f84 b80d | 0000 498b 

  0x0000013dbf35dca4: ;   {metadata(method data for {method} {0x0000013dd5424818} 'newArrayWithSuffix' '(Ljava/lang/String;J)[B' in 'java/lang/StringConcatHelper')}
  0x0000013dbf35dca4: c849 b9b8 | 852c 183e | 0100 0049 | 8381 1001 

  0x0000013dbf35dcb4: ;   {metadata(method data for {method} {0x0000013dd500eee0} 'length' '()I' in 'java/lang/String')}
  0x0000013dbf35dcb4: 0000 0148 | b9e8 fa00 | 163e 0100 | 0044 8b89 | cc00 0000 | 4183 c102 | 4489 89cc | 0000 0041 
  0x0000013dbf35dcd4: 81e1 feff | 1f00 4183 | f900 0f84 | 970d 0000 

  0x0000013dbf35dce4: ;   {metadata(method data for {method} {0x0000013dd500eee0} 'length' '()I' in 'java/lang/String')}
  0x0000013dbf35dce4: 48b9 e8fa | 0016 3e01 | 0000 4883 | 8110 0100 

  0x0000013dbf35dcf4: ;   {metadata(method data for {method} {0x0000013dd545a188} 'coder' '()B' in 'java/lang/String')}
  0x0000013dbf35dcf4: 0001 48b9 | b0cf 0016 | 3e01 0000 | 448b 81cc | 0000 0041 | 83c0 0244 | 8981 cc00 | 0000 4181 
  0x0000013dbf35dd14: e0fe ff1f | 0041 83f8 | 000f 8479 

  0x0000013dbf35dd20: ;   {metadata(method data for {method} {0x0000013dd545a188} 'coder' '()B' in 'java/lang/String')}
  0x0000013dbf35dd20: 0d00 0048 | b9b0 cf00 | 163e 0100 | 00ff 8120 

  0x0000013dbf35dd30: ;   {metadata(method data for {method} {0x0000013dd545a188} 'coder' '()B' in 'java/lang/String')}
  0x0000013dbf35dd30: 0100 0048 | b9b0 cf00 | 163e 0100 | 00ff 8130 | 0100 004c | 8bc0 49ba | 0300 0000 | 0000 0000 
  0x0000013dbf35dd50: ;   {metadata(method data for {method} {0x0000013dd5424818} 'newArrayWithSuffix' '(Ljava/lang/String;J)[B' in 'java/lang/StringConcatHelper')}
  0x0000013dbf35dd50: 4d03 c248 | b9b8 852c | 183e 0100 | 0048 8381 | 4801 0000 

  0x0000013dbf35dd64: ;   {metadata(method data for {method} {0x0000013dd5425160} 'newArray' '(J)[B' in 'java/lang/StringConcatHelper')}
  0x0000013dbf35dd64: 0148 b990 | 6f04 163e | 0100 0044 | 8b89 cc00 | 0000 4183 | c102 4489 | 89cc 0000 | 0041 81e1 
  0x0000013dbf35dd84: feff 1f00 | 4183 f900 | 0f84 2b0d | 0000 b920 | 0000 004d | 8bc8 49d3 | f945 8bc9 | 450f bec9 
  0x0000013dbf35dda4: 458b c049 | 8bc9 4d8b | c841 d3e1 | 4183 f900 

  0x0000013dbf35ddb4: ;   {metadata(method data for {method} {0x0000013dd5425160} 'newArray' '(J)[B' in 'java/lang/StringConcatHelper')}
  0x0000013dbf35ddb4: 49b8 906f | 0416 3e01 | 0000 48ba | 2001 0000 | 0000 0000 | 0f8c 0a00 | 0000 48ba | 1001 0000 
  0x0000013dbf35ddd4: 0000 0000 | 498b 3c10 | 488d 7f01 | 4989 3c10 | 0f8c 1607 | 0000 89b4 | 2468 0100 

  0x0000013dbf35ddf0: ;   {oop(a 'jdk/internal/misc/Unsafe'{0x0000000702112cb0})}
  0x0000013dbf35ddf0: 0048 bab0 | 2c11 0207 | 0000 004c 

  0x0000013dbf35ddfc: ;   {metadata(method data for {method} {0x0000013dd5425160} 'newArray' '(J)[B' in 'java/lang/StringConcatHelper')}
  0x0000013dbf35ddfc: 8bc2 48bf | 906f 0416 | 3e01 0000 | 4883 8740 | 0100 0001 

  0x0000013dbf35de10: ;   {oop(a 'java/lang/Class'{0x0000000702113410} = byte)}
  0x0000013dbf35de10: 49b8 1034 | 1102 0700 | 0000 0f1f 

  0x0000013dbf35de1c: ;   {optimized virtual_call}
  0x0000013dbf35de1c: 4400 00e8 

  0x0000013dbf35de20: ; ImmutableOopMap {}
                      ;*invokevirtual allocateUninitializedArray {reexecute=0 rethrow=0 return_oop=0}
                      ; - java.lang.StringConcatHelper::newArray@33 (line 511)
                      ; - java.lang.StringConcatHelper::newArrayWithSuffix@7 (line 489)
                      ; - java.lang.invoke.DirectMethodHandle$Holder::invokeStatic@13
                      ; - java.lang.invoke.LambdaForm$MH/0x0000013dd6010c00::invoke@23
                      ; - java.lang.invoke.LambdaForm$MH/0x0000013dd6a65000::invoke@33
                      ; - java.lang.invoke.Invokers$Holder::linkToTargetMethod@5
                      ; - ui.views.waveform.c.a::muF@135 (line 492)
  0x0000013dbf35de20: 9c23 2d07 

  0x0000013dbf35de24: ;   {other}
  0x0000013dbf35de24: 0f1f 8400 | 1415 000a | 4883 f800 

  0x0000013dbf35de30: ;   {metadata(method data for {method} {0x0000013dd5425160} 'newArray' '(J)[B' in 'java/lang/StringConcatHelper')}
  0x0000013dbf35de30: 7517 49b9 | 906f 0416 | 3e01 0000 | 4180 8971 | 0100 0001 | e9ce 0000 

  0x0000013dbf35de48: ;   {metadata({type array byte})}
  0x0000013dbf35de48: 0048 bfc0 | 2200 d53d | 0100 0044 | 8b48 0849 | ba00 0000 | d53d 0100 | 004d 03ca | 493b 7938 
  0x0000013dbf35de68: 0f85 8d00 

  0x0000013dbf35de6c: ;   {metadata(method data for {method} {0x0000013dd5425160} 'newArray' '(J)[B' in 'java/lang/StringConcatHelper')}
  0x0000013dbf35de6c: 0000 49b9 | 906f 0416 | 3e01 0000 | 8b78 0849 | ba00 0000 | d53d 0100 | 0049 03fa | 493b b988 
  0x0000013dbf35de8c: 0100 0075 | 0d49 8381 | 9001 0000 | 01e9 7900 | 0000 493b | b998 0100 | 0075 0d49 | 8381 a001 
  0x0000013dbf35deac: 0000 01e9 | 6300 0000 | 4983 b988 | 0100 0000 | 7517 4989 | b988 0100 | 0049 c781 | 9001 0000 
  0x0000013dbf35decc: 0100 0000 | e942 0000 | 0049 83b9 | 9801 0000 | 0075 1749 | 89b9 9801 | 0000 49c7 | 81a0 0100 
  0x0000013dbf35deec: 0001 0000 | 00e9 2100 | 0000 e91c 

  0x0000013dbf35def8: ;   {metadata(method data for {method} {0x0000013dd5425160} 'newArray' '(J)[B' in 'java/lang/StringConcatHelper')}
  0x0000013dbf35def8: 0000 0049 | b990 6f04 | 163e 0100 | 0049 83a9 | 7801 0000 | 01e9 cc0b | 0000 e900 | 0000 0048 
  0x0000013dbf35df18: 8bf0 4889 | b424 7001 | 0000 488b | 8424 6001 | 0000 49b8 | 0000 0000 | 0100 0000 

  0x0000013dbf35df34: ;   {metadata(method data for {method} {0x0000013dd5424818} 'newArrayWithSuffix' '(Ljava/lang/String;J)[B' in 'java/lang/StringConcatHelper')}
  0x0000013dbf35df34: 493b c049 | b8b8 852c | 183e 0100 | 0049 b958 | 0100 0000 | 0000 000f | 8d0a 0000 | 0049 b968 
  0x0000013dbf35df54: 0100 0000 | 0000 004b | 8b3c 0848 | 8d7f 014b | 893c 080f | 8d55 0000 

  0x0000013dbf35df6c: ;   {oop(" ms"{0x000000070484dd00})}
  0x0000013dbf35df6c: 0048 ba00 | dd84 0407 | 0000 004c 

  0x0000013dbf35df78: ;   {metadata(method data for {method} {0x0000013dd5424818} 'newArrayWithSuffix' '(Ljava/lang/String;J)[B' in 'java/lang/StringConcatHelper')}
  0x0000013dbf35df78: 8bc2 49b9 | b885 2c18 | 3e01 0000 | 4983 8178 | 0100 0001 | 4c8b c644 | 8b8c 2468 | 0100 00bf 
  0x0000013dbf35df98: 0000 0000 

  0x0000013dbf35df9c: ;   {optimized virtual_call}
  0x0000013dbf35df9c: 6666 90e8 

  0x0000013dbf35dfa0: ; ImmutableOopMap {[368]=Oop }
                      ;*invokevirtual getBytes {reexecute=0 rethrow=0 return_oop=0}
                      ; - java.lang.StringConcatHelper::newArrayWithSuffix@24 (line 491)
                      ; - java.lang.invoke.DirectMethodHandle$Holder::invokeStatic@13
                      ; - java.lang.invoke.LambdaForm$MH/0x0000013dd6010c00::invoke@23
                      ; - java.lang.invoke.LambdaForm$MH/0x0000013dd6a65000::invoke@33
                      ; - java.lang.invoke.Invokers$Holder::linkToTargetMethod@5
                      ; - ui.views.waveform.c.a::muF@135 (line 492)
  0x0000013dbf35dfa0: 1cbb 3f07 

  0x0000013dbf35dfa4: ;   {other}
  0x0000013dbf35dfa4: 0f1f 8400 | 9416 000b 

  0x0000013dbf35dfac: ;   {metadata(method data for {method} {0x0000013dd5424818} 'newArrayWithSuffix' '(Ljava/lang/String;J)[B' in 'java/lang/StringConcatHelper')}
  0x0000013dbf35dfac: 49b8 b885 | 2c18 3e01 | 0000 41ff | 80b0 0100 | 00e9 4a00 | 0000 8bb4 | 2468 0100 

  0x0000013dbf35dfc8: ;   {oop(" ms"{0x000000070484dd00})}
  0x0000013dbf35dfc8: 0048 ba00 | dd84 0407 | 0000 004c 

  0x0000013dbf35dfd4: ;   {metadata(method data for {method} {0x0000013dd5424818} 'newArrayWithSuffix' '(Ljava/lang/String;J)[B' in 'java/lang/StringConcatHelper')}
  0x0000013dbf35dfd4: 8bc2 49b9 | b885 2c18 | 3e01 0000 | 4983 81c8 | 0100 0001 | 4c8b 8424 | 7001 0000 | 4c8b cebf 
  0x0000013dbf35dff4: 0100 0000 | 0f1f 8000 

  0x0000013dbf35dffc: ;   {optimized virtual_call}
  0x0000013dbf35dffc: 0000 00e8 

  0x0000013dbf35e000: ; ImmutableOopMap {[368]=Oop }
                      ;*invokevirtual getBytes {reexecute=0 rethrow=0 return_oop=0}
                      ; - java.lang.StringConcatHelper::newArrayWithSuffix@35 (line 493)
                      ; - java.lang.invoke.DirectMethodHandle$Holder::invokeStatic@13
                      ; - java.lang.invoke.LambdaForm$MH/0x0000013dd6010c00::invoke@23
                      ; - java.lang.invoke.LambdaForm$MH/0x0000013dd6a65000::invoke@33
                      ; - java.lang.invoke.Invokers$Holder::linkToTargetMethod@5
                      ; - ui.views.waveform.c.a::muF@135 (line 492)
  0x0000013dbf35e000: 7c0a ac06 

  0x0000013dbf35e004: ;   {other}
  0x0000013dbf35e004: 0f1f 8400 | f416 000c | 488b b424 | 7001 0000 

  0x0000013dbf35e014: ;   {metadata(method data for {method} {0x0000013dd50b4390} 'invokeStatic' '(Ljava/lang/Object;Ljava/lang/Object;J)Ljava/lang/Object;' in 'java/lang/invoke/DirectMethodHandle$Holder')}
  0x0000013dbf35e014: 48ba d8b5 | 9716 3e01 | 0000 488d | 92a8 0100 | 004c 8bc6 | 4d85 c075 | 0448 830a 

  0x0000013dbf35e030: ;   {metadata(method data for {method} {0x0000013e16470e90} 'invoke' '(Ljava/lang/Object;J)Ljava/lang/Object;' in 'java/lang/invoke/LambdaForm$MH+0x0000013dd6010c00')}
  0x0000013dbf35e030: 0148 ba08 | 1147 163e | 0100 0048 | 8d92 c801 | 0000 4c8b | c64d 85c0 | 7504 4883 

  0x0000013dbf35e04c: ;   {metadata(method data for {method} {0x0000013e19e32348} 'invoke' '(Ljava/lang/Object;J)Ljava/lang/Object;' in 'java/lang/invoke/LambdaForm$MH+0x0000013dd6a65000')}
  0x0000013dbf35e04c: 0a01 48ba | 00f4 7540 | 3e01 0000 | 488d 9228 | 0200 004c | 8bc6 4d85 | c075 0448 

  0x0000013dbf35e068: ;   {metadata(method data for {method} {0x0000013e19e32348} 'invoke' '(Ljava/lang/Object;J)Ljava/lang/Object;' in 'java/lang/invoke/LambdaForm$MH+0x0000013dd6a65000')}
  0x0000013dbf35e068: 830a 0148 | ba00 f475 | 403e 0100 | 0048 8d92 | a802 0000 | 4c8b c64d | 85c0 7505 | 4883 4a08 
  0x0000013dbf35e088: ;   {metadata(method data for {method} {0x0000013e19095a98} 'invoke' '(Ljava/lang/Object;JLjava/lang/Object;J)J' in 'java/lang/invoke/LambdaForm$MH+0x0000013dd6787400')}
  0x0000013dbf35e088: 0148 baf8 | 5c09 193e | 0100 0048 | 8d92 6002 

  0x0000013dbf35e098: ;   {oop(a 'java/lang/invoke/BoundMethodHandle$Species_LL'{0x000000070484dc70})}
  0x0000013dbf35e098: 0000 49b8 | 70dc 8404 | 0700 0000 | 4d85 c075 | 0448 830a | 014c 8bc6 | 4d85 c075 | 0548 834a 
  0x0000013dbf35e0b8: ;   {metadata(method data for {method} {0x0000013e19e32348} 'invoke' '(Ljava/lang/Object;J)Ljava/lang/Object;' in 'java/lang/invoke/LambdaForm$MH+0x0000013dd6a65000')}
  0x0000013dbf35e0b8: 1001 48ba | 00f4 7540 | 3e01 0000 | 4883 8270 | 0200 0001 

  0x0000013dbf35e0cc: ;   {metadata(method data for {method} {0x0000013e19095a98} 'invoke' '(Ljava/lang/Object;JLjava/lang/Object;J)J' in 'java/lang/invoke/LambdaForm$MH+0x0000013dd6787400')}
  0x0000013dbf35e0cc: 48ba f85c | 0919 3e01 | 0000 448b | 82cc 0000 | 0041 83c0 | 0244 8982 | cc00 0000 | 4181 e0fe 
  0x0000013dbf35e0ec: ff1f 0041 | 83f8 000f | 84ee 0900 

  0x0000013dbf35e0f8: ;   {metadata(method data for {method} {0x0000013e19095a98} 'invoke' '(Ljava/lang/Object;JLjava/lang/Object;J)J' in 'java/lang/invoke/LambdaForm$MH+0x0000013dd6787400')}
  0x0000013dbf35e0f8: 0048 baf8 | 5c09 193e | 0100 0048 | 8d92 b801 | 0000 4c8b | c64d 85c0 | 7505 4883 

  0x0000013dbf35e114: ;   {metadata(method data for {method} {0x0000013dd50b4ee8} 'invokeStatic' '(Ljava/lang/Object;JLjava/lang/Object;JLjava/lang/Object;)J' in 'java/lang/invoke/DirectMethodHandle$Holder')}
  0x0000013dbf35e114: 4a08 0148 | ba88 9d56 | 403e 0100 | 0048 8d92 | 3802 0000 

  0x0000013dbf35e128: ;   {oop(a 'java/lang/invoke/DirectMethodHandle'{0x0000000703d430f8})}
  0x0000013dbf35e128: 49b8 f830 | d403 0700 | 0000 4d8b | c84d 85c9 | 7504 4883 | 0a01 4c8b | ce4d 85c9 | 7505 4883 
  0x0000013dbf35e148: ;   {metadata(method data for {method} {0x0000013e19095a98} 'invoke' '(Ljava/lang/Object;JLjava/lang/Object;J)J' in 'java/lang/invoke/LambdaForm$MH+0x0000013dd6787400')}
  0x0000013dbf35e148: 4a10 0148 | baf8 5c09 | 193e 0100 | 0048 8382 | 8001 0000 

  0x0000013dbf35e15c: ;   {metadata(method data for {method} {0x0000013dd50b4ee8} 'invokeStatic' '(Ljava/lang/Object;JLjava/lang/Object;JLjava/lang/Object;)J' in 'java/lang/invoke/DirectMethodHandle$Holder')}
  0x0000013dbf35e15c: 0148 ba88 | 9d56 403e | 0100 0044 | 8b8a cc00 | 0000 4183 | c102 4489 | 8acc 0000 | 0041 81e1 
  0x0000013dbf35e17c: feff 1f00 | 4183 f900 | 0f84 7e09 

  0x0000013dbf35e188: ;   {metadata(method data for {method} {0x0000013dd50b4ee8} 'invokeStatic' '(Ljava/lang/Object;JLjava/lang/Object;JLjava/lang/Object;)J' in 'java/lang/invoke/DirectMethodHandle$Holder')}
  0x0000013dbf35e188: 0000 48ba | 889d 5640 | 3e01 0000 | 488d 9220 | 0100 004d | 85c0 7505 | 4883 4a08 

  0x0000013dbf35e1a4: ;   {metadata(method data for {method} {0x0000013dd50b4ee8} 'invokeStatic' '(Ljava/lang/Object;JLjava/lang/Object;JLjava/lang/Object;)J' in 'java/lang/invoke/DirectMethodHandle$Holder')}
  0x0000013dbf35e1a4: 0148 ba88 | 9d56 403e | 0100 0048 | 8382 1001 

  0x0000013dbf35e1b4: ;   {metadata(method data for {method} {0x0000013dd50a3038} 'internalMemberName' '(Ljava/lang/Object;)Ljava/lang/Object;' in 'java/lang/invoke/DirectMethodHandle')}
  0x0000013dbf35e1b4: 0000 0148 | ba60 8f24 | 163e 0100 | 0044 8b82 | cc00 0000 | 4183 c002 | 4489 82cc | 0000 0041 
  0x0000013dbf35e1d4: 81e0 feff | 1f00 4183 | f800 0f84 | 4509 0000 

  0x0000013dbf35e1e4: ;   {metadata(method data for {method} {0x0000013dd50b4ee8} 'invokeStatic' '(Ljava/lang/Object;JLjava/lang/Object;JLjava/lang/Object;)J' in 'java/lang/invoke/DirectMethodHandle$Holder')}
  0x0000013dbf35e1e4: 48ba 889d | 5640 3e01 | 0000 488d | 9230 0100 

  0x0000013dbf35e1f4: ;   {oop(a 'java/lang/invoke/MemberName'{0x0000000703d43168} = {method} {0x0000013dd5424d98} 'prepend' '(J[BJLjava/lang/String;)J' in 'java/lang/StringConcatHelper')}
  0x0000013dbf35e1f4: 0048 bb68 | 31d4 0307 | 0000 004c | 8bc3 4d85 | c075 0448 

  0x0000013dbf35e208: ;   {metadata(method data for {method} {0x0000013dd50b4ee8} 'invokeStatic' '(Ljava/lang/Object;JLjava/lang/Object;JLjava/lang/Object;)J' in 'java/lang/invoke/DirectMethodHandle$Holder')}
  0x0000013dbf35e208: 830a 0148 | ba88 9d56 | 403e 0100 | 0048 8d92 | 8801 0000 | 4c8b c64d | 85c0 7505 | 4883 4a08 
  0x0000013dbf35e228: ;   {oop("Update Graphics Data: "{0x000000070484dc98})}
  0x0000013dbf35e228: 0148 bf98 | dc84 0407 | 0000 004c | 8bc7 4d85 | c075 0548 | 834a 1801 

  0x0000013dbf35e240: ;   {metadata(method data for {method} {0x0000013dd50b4ee8} 'invokeStatic' '(Ljava/lang/Object;JLjava/lang/Object;JLjava/lang/Object;)J' in 'java/lang/invoke/DirectMethodHandle$Holder')}
  0x0000013dbf35e240: 48ba 889d | 5640 3e01 | 0000 4883 | 8278 0100 | 0001 488b | 9424 6001 | 0000 4c8b | c64c 8b8c 
  0x0000013dbf35e260: 2458 0100 | 0048 8bf3 | 0f1f 8000 

  0x0000013dbf35e26c: ;   {static_call}
  0x0000013dbf35e26c: 0000 00e8 

  0x0000013dbf35e270: ; ImmutableOopMap {[368]=Oop }
                      ;*invokestatic linkToStatic {reexecute=0 rethrow=0 return_oop=0}
                      ; - java.lang.invoke.DirectMethodHandle$Holder::invokeStatic@17
                      ; - java.lang.invoke.LambdaForm$MH/0x0000013dd6787400::invoke@28
                      ; - java.lang.invoke.LambdaForm$MH/0x0000013dd6a65000::invoke@54
                      ; - java.lang.invoke.Invokers$Holder::linkToTargetMethod@5
                      ; - ui.views.waveform.c.a::muF@135 (line 492)
  0x0000013dbf35e270: 0cf7 8e07 

  0x0000013dbf35e274: ;   {other}
  0x0000013dbf35e274: 0f1f 8400 | 6419 000d 

  0x0000013dbf35e27c: ;   {metadata(method data for {method} {0x0000013e19e32348} 'invoke' '(Ljava/lang/Object;J)Ljava/lang/Object;' in 'java/lang/invoke/LambdaForm$MH+0x0000013dd6a65000')}
  0x0000013dbf35e27c: 48ba 00f4 | 7540 3e01 | 0000 488d | 9230 0300 | 0048 8bb4 | 2470 0100 | 004c 8bc6 | 4d85 c075 
  0x0000013dbf35e29c: 0548 834a 

  0x0000013dbf35e2a0: ;   {metadata(method data for {method} {0x0000013dd50b4390} 'invokeStatic' '(Ljava/lang/Object;Ljava/lang/Object;J)Ljava/lang/Object;' in 'java/lang/invoke/DirectMethodHandle$Holder')}
  0x0000013dbf35e2a0: 0801 48ba | d8b5 9716 | 3e01 0000 | 488d 9228 

  0x0000013dbf35e2b0: ;   {oop(a 'java/lang/invoke/DirectMethodHandle'{0x00000007028d0ce0})}
  0x0000013dbf35e2b0: 0200 0049 | b8e0 0c8d | 0207 0000 | 004d 8bc8 | 4d85 c975 | 0448 830a | 014c 8bce | 4d85 c975 
  0x0000013dbf35e2d0: 0548 834a 

  0x0000013dbf35e2d4: ;   {metadata(method data for {method} {0x0000013e19e32348} 'invoke' '(Ljava/lang/Object;J)Ljava/lang/Object;' in 'java/lang/invoke/LambdaForm$MH+0x0000013dd6a65000')}
  0x0000013dbf35e2d4: 1001 48ba | 00f4 7540 | 3e01 0000 | 4883 82f8 | 0200 0001 

  0x0000013dbf35e2e8: ;   {metadata(method data for {method} {0x0000013dd50b4390} 'invokeStatic' '(Ljava/lang/Object;Ljava/lang/Object;J)Ljava/lang/Object;' in 'java/lang/invoke/DirectMethodHandle$Holder')}
  0x0000013dbf35e2e8: 48ba d8b5 | 9716 3e01 | 0000 448b | 8acc 0000 | 0041 83c1 | 0244 898a | cc00 0000 | 4181 e1fe 
  0x0000013dbf35e308: ff1f 0041 | 83f9 000f | 8435 0800 

  0x0000013dbf35e314: ;   {metadata(method data for {method} {0x0000013dd50b4390} 'invokeStatic' '(Ljava/lang/Object;Ljava/lang/Object;J)Ljava/lang/Object;' in 'java/lang/invoke/DirectMethodHandle$Holder')}
  0x0000013dbf35e314: 0048 bad8 | b597 163e | 0100 0048 | 8d92 2001 | 0000 4d85 | c075 0548 | 834a 0801 

  0x0000013dbf35e330: ;   {metadata(method data for {method} {0x0000013dd50b4390} 'invokeStatic' '(Ljava/lang/Object;Ljava/lang/Object;J)Ljava/lang/Object;' in 'java/lang/invoke/DirectMethodHandle$Holder')}
  0x0000013dbf35e330: 48ba d8b5 | 9716 3e01 | 0000 4883 | 8210 0100 

  0x0000013dbf35e340: ;   {metadata(method data for {method} {0x0000013dd50a3038} 'internalMemberName' '(Ljava/lang/Object;)Ljava/lang/Object;' in 'java/lang/invoke/DirectMethodHandle')}
  0x0000013dbf35e340: 0001 48ba | 608f 2416 | 3e01 0000 | 448b 82cc | 0000 0041 | 83c0 0244 | 8982 cc00 | 0000 4181 
  0x0000013dbf35e360: e0fe ff1f | 0041 83f8 | 000f 84fc 

  0x0000013dbf35e36c: ;   {metadata(method data for {method} {0x0000013dd50b4390} 'invokeStatic' '(Ljava/lang/Object;Ljava/lang/Object;J)Ljava/lang/Object;' in 'java/lang/invoke/DirectMethodHandle$Holder')}
  0x0000013dbf35e36c: 0700 0048 | bad8 b597 | 163e 0100 | 0048 8d92 | 3001 0000 

  0x0000013dbf35e380: ;   {oop(a 'java/lang/invoke/MemberName'{0x00000007028d0d08} = {method} {0x0000013dd54250b0} 'newString' '([BJ)Ljava/lang/String;' in 'java/lang/StringConcatHelper')}
  0x0000013dbf35e380: 49b9 080d | 8d02 0700 | 0000 4d8b | c14d 85c0 | 7504 4883 

  0x0000013dbf35e394: ;   {metadata(method data for {method} {0x0000013dd50b4390} 'invokeStatic' '(Ljava/lang/Object;Ljava/lang/Object;J)Ljava/lang/Object;' in 'java/lang/invoke/DirectMethodHandle$Holder')}
  0x0000013dbf35e394: 0a01 48ba | d8b5 9716 | 3e01 0000 | 488d 9288 | 0100 004c | 8bc6 4d85 | c075 0548 | 834a 0801 
  0x0000013dbf35e3b4: 4d8b c14d | 85c0 7505 | 4883 4a18 

  0x0000013dbf35e3c0: ;   {metadata(method data for {method} {0x0000013dd50b4390} 'invokeStatic' '(Ljava/lang/Object;Ljava/lang/Object;J)Ljava/lang/Object;' in 'java/lang/invoke/DirectMethodHandle$Holder')}
  0x0000013dbf35e3c0: 0148 bad8 | b597 163e | 0100 0048 | 8382 7801 | 0000 0148 | 8bd6 4c8b | c066 0f1f 

  0x0000013dbf35e3dc: ;   {static_call}
  0x0000013dbf35e3dc: 4400 00e8 

  0x0000013dbf35e3e0: ; ImmutableOopMap {}
                      ;*invokestatic linkToStatic {reexecute=0 rethrow=0 return_oop=0}
                      ; - java.lang.invoke.DirectMethodHandle$Holder::invokeStatic@13
                      ; - java.lang.invoke.LambdaForm$MH/0x0000013dd6a65000::invoke@74
                      ; - java.lang.invoke.Invokers$Holder::linkToTargetMethod@5
                      ; - ui.views.waveform.c.a::muF@135 (line 492)
  0x0000013dbf35e3e0: 1c0e 1e07 

  0x0000013dbf35e3e4: ;   {other}
  0x0000013dbf35e3e4: 0f1f 8400 | d41a 000e 

  0x0000013dbf35e3ec: ;   {metadata(method data for {method} {0x0000013dd50b4390} 'invokeStatic' '(Ljava/lang/Object;Ljava/lang/Object;J)Ljava/lang/Object;' in 'java/lang/invoke/DirectMethodHandle$Holder')}
  0x0000013dbf35e3ec: 48ba d8b5 | 9716 3e01 | 0000 488d | 92a8 0100 | 0048 8bf0 | 4885 f675 | 0448 830a 

  0x0000013dbf35e408: ;   {metadata(method data for {method} {0x0000013e19e32348} 'invoke' '(Ljava/lang/Object;J)Ljava/lang/Object;' in 'java/lang/invoke/LambdaForm$MH+0x0000013dd6a65000')}
  0x0000013dbf35e408: 0148 ba00 | f475 403e | 0100 0048 | 8d92 4003 | 0000 488b | f048 85f6 | 7506 4883 | 0a01 eb26 
  0x0000013dbf35e428: 8b76 0849 | ba00 0000 | d53d 0100 | 0049 03f2 | 4833 3248 | f7c6 fcff | ffff 740a | 40f6 c602 
  0x0000013dbf35e448: 7504 4883 

  0x0000013dbf35e44c: ;   {metadata(method data for {method} {0x0000013dd50aff60} 'linkToTargetMethod' '(JLjava/lang/Object;)Ljava/lang/Object;' in 'java/lang/invoke/Invokers$Holder')}
  0x0000013dbf35e44c: 0a02 48ba | 20a6 5640 | 3e01 0000 | 488d 9280 | 0100 0048 | 8bf0 4885 | f675 0648 | 830a 01eb 
  0x0000013dbf35e46c: 268b 7608 | 49ba 0000 | 00d5 3d01 | 0000 4903 | f248 3332 | 48f7 c6fc | ffff ff74 | 0a40 f6c6 
  0x0000013dbf35e48c: 0275 0448 

  0x0000013dbf35e490: ;   {metadata(method data for {method} {0x0000013e4008f998} 'muF' '()V' in 'ui/views/waveform/c/a')}
  0x0000013dbf35e490: 830a 0248 | ba00 1ba4 | 403e 0100 | 0048 8d92 | 5003 0000 | 488b f048 | 85f6 7504 | 4883 0a01 
  0x0000013dbf35e4b0: ;   {metadata(method data for {method} {0x0000013e4008f998} 'muF' '()V' in 'ui/views/waveform/c/a')}
  0x0000013dbf35e4b0: 48ba 001b | a440 3e01 | 0000 4883 | 8260 0300 | 0001 488b 

  0x0000013dbf35e4c4: ;   {static_call}
  0x0000013dbf35e4c4: d066 90e8 

  0x0000013dbf35e4c8: ; ImmutableOopMap {}
                      ;*invokestatic debug {reexecute=0 rethrow=0 return_oop=0}
                      ; - ui.views.waveform.c.a::muF@140 (line 492)
  0x0000013dbf35e4c8: 5480 1408 

  0x0000013dbf35e4cc: ;   {other}
  0x0000013dbf35e4cc: 0f1f 8400 | bc1b 000f | 4881 c490 | 0100 005d 

  0x0000013dbf35e4dc: ;   {poll_return}
  0x0000013dbf35e4dc: 493b a750 | 0400 000f | 87a3 0600 | 00c3 4881 | c490 0100 

  0x0000013dbf35e4f0: ;   {poll_return}
  0x0000013dbf35e4f0: 005d 493b | a750 0400 | 000f 87a3 | 0600 00c3 

  0x0000013dbf35e500: ;   {metadata('java/lang/OutOfMemoryError')}
  0x0000013dbf35e500: 48ba 4834 | 02d5 3d01 | 0000 498b | 87b8 0100 | 0048 8d78 | 2849 3bbf | c801 0000 | 0f87 9606 
  0x0000013dbf35e520: 0000 4989 | bfb8 0100 | 0048 c700 | 0100 0000 | 488b ca49 | ba00 0000 | d53d 0100 | 0049 2bca 
  0x0000013dbf35e540: 8948 0848 | 33c9 8948 | 0c48 33c9 | 4889 4810 | 4889 4818 | 4889 4820 

  0x0000013dbf35e558: ;   {metadata(method data for {method} {0x0000013dd5425160} 'newArray' '(J)[B' in 'java/lang/StringConcatHelper')}
  0x0000013dbf35e558: 4c8b c048 | ba90 6f04 | 163e 0100 | 0048 8382 | 3001 0000 

  0x0000013dbf35e56c: ;   {oop("Overflow: String length out of range"{0x0000000701c60370})}
  0x0000013dbf35e56c: 0149 b870 | 03c6 0107 | 0000 0048 | 8bd0 4889 | 8424 7801 | 0000 0f1f 

  0x0000013dbf35e584: ;   {optimized virtual_call}
  0x0000013dbf35e584: 4400 00e8 

  0x0000013dbf35e588: ; ImmutableOopMap {[376]=Oop }
                      ;*invokespecial <init> {reexecute=0 rethrow=0 return_oop=0}
                      ; - java.lang.StringConcatHelper::newArray@22 (line 509)
                      ; - java.lang.StringConcatHelper::newArrayWithSuffix@7 (line 489)
                      ; - java.lang.invoke.DirectMethodHandle$Holder::invokeStatic@13
                      ; - java.lang.invoke.LambdaForm$MH/0x0000013dd6010c00::invoke@23
                      ; - java.lang.invoke.LambdaForm$MH/0x0000013dd6a65000::invoke@33
                      ; - java.lang.invoke.Invokers$Holder::linkToTargetMethod@5
                      ; - ui.views.waveform.c.a::muF@135 (line 492)
  0x0000013dbf35e588: f404 ac06 

  0x0000013dbf35e58c: ;   {other}
  0x0000013dbf35e58c: 0f1f 8400 | 7c1c 0010 | 488b 8424 | 7801 0000 | e953 0600 

  0x0000013dbf35e5a0: ;   {metadata('java/lang/OutOfMemoryError')}
  0x0000013dbf35e5a0: 0048 ba48 | 3402 d53d | 0100 0049 | 8b87 b801 | 0000 488d | 7828 493b | bfc8 0100 | 000f 8702 
  0x0000013dbf35e5c0: 0600 0049 | 89bf b801 | 0000 48c7 | 0001 0000 | 0048 8bca | 49ba 0000 | 00d5 3d01 | 0000 492b 
  0x0000013dbf35e5e0: ca89 4808 | 4833 c989 | 480c 4833 | c948 8948 | 1048 8948 | 1848 8948 | 204c 8bc0 

  0x0000013dbf35e5fc: ;   {metadata(method data for {method} {0x0000013dd5424920} 'checkOverflow' '(J)J' in 'java/lang/StringConcatHelper')}
  0x0000013dbf35e5fc: 48ba 20e1 | 0616 3e01 | 0000 4883 | 8230 0100 

  0x0000013dbf35e60c: ;   {oop("Overflow: String length out of range"{0x0000000701c60370})}
  0x0000013dbf35e60c: 0001 49b8 | 7003 c601 | 0700 0000 | 488b d048 | 8984 2480 | 0100 000f 

  0x0000013dbf35e624: ;   {optimized virtual_call}
  0x0000013dbf35e624: 1f40 00e8 

  0x0000013dbf35e628: ; ImmutableOopMap {[384]=Oop }
                      ;*invokespecial <init> {reexecute=0 rethrow=0 return_oop=0}
                      ; - java.lang.StringConcatHelper::checkOverflow@13 (line 68)
                      ; - java.lang.StringConcatHelper::mix@7 (line 112)
                      ; - java.lang.invoke.DirectMethodHandle$Holder::invokeStatic@13
                      ; - java.lang.invoke.LambdaForm$MH/0x0000013dd6a64c00::invoke@23
                      ; - java.lang.invoke.LambdaForm$MH/0x0000013dd6a65000::invoke@15
                      ; - java.lang.invoke.Invokers$Holder::linkToTargetMethod@5
                      ; - ui.views.waveform.c.a::muF@135 (line 492)
  0x0000013dbf35e628: 5404 ac06 

  0x0000013dbf35e62c: ;   {other}
  0x0000013dbf35e62c: 0f1f 8400 | 1c1d 0011 | 488b 8424 | 8001 0000 | e9b3 0500 

  0x0000013dbf35e640: ;   {metadata({method} {0x0000013e4008f998} 'muF' '()V' in 'ui/views/waveform/c/a')}
  0x0000013dbf35e640: 0049 ba90 | f908 403e | 0100 004c | 8954 2408 | 48c7 0424 | ffff ffff 

  0x0000013dbf35e658: ;   {runtime_call counter_overflow Runtime1 stub}
  0x0000013dbf35e658: e823 f4b8 

  0x0000013dbf35e65c: ; ImmutableOopMap {rdx=Oop [304]=Oop }
                      ;*synchronization entry
                      ; - ui.views.waveform.c.a::muF@-1 (line 465)
  0x0000013dbf35e65c: 06e9 ade7 

  0x0000013dbf35e660: ;   {runtime_call throw_null_pointer_exception Runtime1 stub}
  0x0000013dbf35e660: ffff e819 

  0x0000013dbf35e664: ; ImmutableOopMap {rdx=Oop [304]=Oop }
                      ;*getfield zqn {reexecute=1 rethrow=0 return_oop=0}
                      ; - (reexecute) ui.views.waveform.c.a::muF@4 (line 465)
                      ;   {runtime_call throw_null_pointer_exception Runtime1 stub}
  0x0000013dbf35e664: a3b8 06e8 

  0x0000013dbf35e668: ; ImmutableOopMap {rdx=Oop rsi=Oop [304]=Oop }
                      ;*invokevirtual mvl {reexecute=0 rethrow=0 return_oop=0}
                      ; - ui.views.waveform.c.a::muF@7 (line 465)
  0x0000013dbf35e668: 14a3 b806 

  0x0000013dbf35e66c: ;   {metadata({method} {0x0000013e16691730} 'gjB' '()J' in 'ui/utils/s/d')}
  0x0000013dbf35e66c: 49ba 2817 | 6916 3e01 | 0000 4c89 | 5424 0848 | c704 24ff 

  0x0000013dbf35e680: ;   {runtime_call counter_overflow Runtime1 stub}
  0x0000013dbf35e680: ffff ffe8 

  0x0000013dbf35e684: ; ImmutableOopMap {[304]=Oop [312]=Oop }
                      ;*synchronization entry
                      ; - ui.utils.s.d::gjB@-1 (line 380)
                      ; - ui.views.waveform.c.a::muF@16 (line 469)
  0x0000013dbf35e684: f8f3 b806 | e93b e8ff | ff48 8bd2 

  0x0000013dbf35e690: ;   {runtime_call fast_new_instance Runtime1 stub}
  0x0000013dbf35e690: e8eb abb8 

  0x0000013dbf35e694: ; ImmutableOopMap {[304]=Oop [312]=Oop }
                      ;*new {reexecute=0 rethrow=0 return_oop=0}
                      ; - ui.views.waveform.c.a::muF@20 (line 471)
  0x0000013dbf35e694: 06e9 ace8 

  0x0000013dbf35e698: ;   {metadata({method} {0x0000013dd50bd390} '<init>' '()V' in 'java/util/ArrayList')}
  0x0000013dbf35e698: ffff 49ba | 88d3 0bd5 | 3d01 0000 | 4c89 5424 | 0848 c704 | 24ff ffff 

  0x0000013dbf35e6b0: ;   {runtime_call counter_overflow Runtime1 stub}
  0x0000013dbf35e6b0: ffe8 caf3 

  0x0000013dbf35e6b4: ; ImmutableOopMap {rax=Oop [304]=Oop [312]=Oop }
                      ;*synchronization entry
                      ; - java.util.ArrayList::<init>@-1 (line 168)
                      ; - ui.views.waveform.c.a::muF@24 (line 471)
  0x0000013dbf35e6b4: b806 e9c8 

  0x0000013dbf35e6b8: ;   {metadata({method} {0x0000013dd505b948} '<init>' '()V' in 'java/util/AbstractList')}
  0x0000013dbf35e6b8: e8ff ff49 | ba40 b905 | d53d 0100 | 004c 8954 | 2408 48c7 | 0424 ffff 

  0x0000013dbf35e6d0: ;   {runtime_call counter_overflow Runtime1 stub}
  0x0000013dbf35e6d0: ffff e8a9 

  0x0000013dbf35e6d4: ; ImmutableOopMap {rax=Oop [304]=Oop [312]=Oop }
                      ;*synchronization entry
                      ; - java.util.AbstractList::<init>@-1 (line 80)
                      ; - java.util.ArrayList::<init>@1 (line 168)
                      ; - ui.views.waveform.c.a::muF@24 (line 471)
  0x0000013dbf35e6d4: f3b8 06e9 | e4e8 ffff 

  0x0000013dbf35e6dc: ;   {metadata({method} {0x0000013dd505acf8} '<init>' '()V' in 'java/util/AbstractCollection')}
  0x0000013dbf35e6dc: 49ba f0ac | 05d5 3d01 | 0000 4c89 | 5424 0848 | c704 24ff 

  0x0000013dbf35e6f0: ;   {runtime_call counter_overflow Runtime1 stub}
  0x0000013dbf35e6f0: ffff ffe8 

  0x0000013dbf35e6f4: ; ImmutableOopMap {rax=Oop [304]=Oop [312]=Oop }
                      ;*synchronization entry
                      ; - java.util.AbstractCollection::<init>@-1 (line 70)
                      ; - java.util.AbstractList::<init>@1 (line 80)
                      ; - java.util.ArrayList::<init>@1 (line 168)
                      ; - ui.views.waveform.c.a::muF@24 (line 471)
  0x0000013dbf35e6f4: 88f3 b806 | e900 e9ff 

  0x0000013dbf35e6fc: ;   {metadata({method} {0x0000013dd5479fd0} '<init>' '()V' in 'java/lang/Object')}
  0x0000013dbf35e6fc: ff49 bac8 | 9f47 d53d | 0100 004c | 8954 2408 | 48c7 0424 | ffff ffff 

  0x0000013dbf35e714: ;   {runtime_call counter_overflow Runtime1 stub}
  0x0000013dbf35e714: e867 f3b8 

  0x0000013dbf35e718: ; ImmutableOopMap {rax=Oop [304]=Oop [312]=Oop }
                      ;*synchronization entry
                      ; - java.lang.Object::<init>@-1 (line 45)
                      ; - java.util.AbstractCollection::<init>@1 (line 70)
                      ; - java.util.AbstractList::<init>@1 (line 80)
                      ; - java.util.ArrayList::<init>@1 (line 168)
                      ; - ui.views.waveform.c.a::muF@24 (line 471)
  0x0000013dbf35e718: 06e9 1ce9 | ffff 8b50 | 1448 c1e2 | 0348 83fa | 000f 8419 | e9ff ff48 

  0x0000013dbf35e730: ;   {runtime_call g1_pre_barrier_slow}
  0x0000013dbf35e730: 8914 24e8 | 48f9 b806 | e90b e9ff | ff48 83fa | 000f 8431 | e9ff ff48 

  0x0000013dbf35e748: ;   {runtime_call g1_post_barrier_slow}
  0x0000013dbf35e748: 8904 24e8 | 30fc b806 | e923 e9ff | ff48 8bd2 

  0x0000013dbf35e758: ;   {runtime_call fast_new_instance Runtime1 stub}
  0x0000013dbf35e758: e823 abb8 

  0x0000013dbf35e75c: ; ImmutableOopMap {r11=Oop [304]=Oop [312]=Oop [328]=Oop }
                      ;*new {reexecute=0 rethrow=0 return_oop=0}
                      ; - ui.views.waveform.c.a::muF@37 (line 474)
  0x0000013dbf35e75c: 06e9 d0e9 

  0x0000013dbf35e760: ;   {runtime_call throw_null_pointer_exception Runtime1 stub}
  0x0000013dbf35e760: ffff e819 

  0x0000013dbf35e764: ; ImmutableOopMap {r11=Oop rax=Oop r8=Oop [304]=Oop [312]=Oop [328]=Oop }
                      ;*invokevirtual mtj {reexecute=0 rethrow=0 return_oop=0}
                      ; - ui.views.waveform.c.a::muF@47 (line 474)
                      ;   {metadata({method} {0x0000013e18e15490} 'mtj' '()Lui/views/waveform/c/a;' in 'ui/views/waveform/t')}
  0x0000013dbf35e764: a2b8 0649 | ba88 54e1 | 183e 0100 | 004c 8954 | 2408 48c7 | 0424 ffff 

  0x0000013dbf35e77c: ;   {runtime_call counter_overflow Runtime1 stub}
  0x0000013dbf35e77c: ffff e8fd 

  0x0000013dbf35e780: ; ImmutableOopMap {r11=Oop rax=Oop r8=Oop [304]=Oop [312]=Oop [328]=Oop }
                      ;*synchronization entry
                      ; - ui.views.waveform.t::mtj@-1 (line 599)
                      ; - ui.views.waveform.c.a::muF@47 (line 474)
  0x0000013dbf35e780: f2b8 06e9 | f7e9 ffff 

  0x0000013dbf35e788: ;   {runtime_call throw_null_pointer_exception Runtime1 stub}
  0x0000013dbf35e788: e8f3 a1b8 

  0x0000013dbf35e78c: ; ImmutableOopMap {r11=Oop rax=Oop [304]=Oop [312]=Oop [328]=Oop }
                      ;*getfield zpk {reexecute=1 rethrow=0 return_oop=0}
                      ; - (reexecute) ui.views.waveform.t::mtj@15 (line 599)
                      ; - ui.views.waveform.c.a::muF@47 (line 474)
  0x0000013dbf35e78c: 0644 8b82 | 0402 0000 | 49c1 e003 | 4983 f800 | 0f84 a1ea | ffff 4c89 

  0x0000013dbf35e7a4: ;   {runtime_call g1_pre_barrier_slow}
  0x0000013dbf35e7a4: 0424 e8d5 | f8b8 06e9 | 93ea ffff | 4883 f800 | 0f84 b3ea | ffff 4889 

  0x0000013dbf35e7bc: ;   {runtime_call g1_post_barrier_slow}
  0x0000013dbf35e7bc: 1424 e8bd | fbb8 06e9 | a5ea ffff | 448b 4028 | 49c1 e003 | 4983 f800 | 0f84 a2ea | ffff 4c89 
  0x0000013dbf35e7dc: ;   {runtime_call g1_pre_barrier_slow}
  0x0000013dbf35e7dc: 0424 e89d | f8b8 06e9 | 94ea ffff | 4883 ff00 | 0f84 b1ea | ffff 4889 

  0x0000013dbf35e7f4: ;   {runtime_call g1_post_barrier_slow}
  0x0000013dbf35e7f4: 0424 e885 | fbb8 06e9 | a3ea ffff | 448b 4044 | 49c1 e003 | 4983 f800 | 0f84 a0ea | ffff 4c89 
  0x0000013dbf35e814: ;   {runtime_call g1_pre_barrier_slow}
  0x0000013dbf35e814: 0424 e865 | f8b8 06e9 | 92ea ffff | 448b 4030 | 49c1 e003 | 4983 f800 | 0f84 96ea | ffff 4c89 
  0x0000013dbf35e834: ;   {runtime_call g1_pre_barrier_slow}
  0x0000013dbf35e834: 0424 e845 | f8b8 06e9 | 88ea ffff 

  0x0000013dbf35e840: ;   {metadata({method} {0x0000013e40446c90} 'ch' '(Ljava/io/InputStream;)Z' in 'ui/data/r/a')}
  0x0000013dbf35e840: 49ba 886c | 4440 3e01 | 0000 4c89 | 5424 0848 | c704 24ff 

  0x0000013dbf35e854: ;   {runtime_call counter_overflow Runtime1 stub}
  0x0000013dbf35e854: ffff ffe8 

  0x0000013dbf35e858: ; ImmutableOopMap {rdx=Oop rax=Oop [304]=Oop [312]=Oop }
                      ;*synchronization entry
                      ; - ui.data.r.a::ch@-1 (line 293)
                      ; - ui.views.waveform.c.a::muF@86 (line 481)
  0x0000013dbf35e858: 24f2 b806 | e9ad eaff 

  0x0000013dbf35e860: ;   {runtime_call throw_null_pointer_exception Runtime1 stub}
  0x0000013dbf35e860: ffe8 1aa1 

  0x0000013dbf35e864: ; ImmutableOopMap {rdx=Oop rsi=Oop [304]=Oop }
                      ;*invokevirtual mtj {reexecute=0 rethrow=0 return_oop=0}
                      ; - ui.views.waveform.c.a::muF@94 (line 482)
                      ;   {metadata({method} {0x0000013e18e15490} 'mtj' '()Lui/views/waveform/c/a;' in 'ui/views/waveform/t')}
  0x0000013dbf35e864: b806 49ba | 8854 e118 | 3e01 0000 | 4c89 5424 | 0848 c704 | 24ff ffff 

  0x0000013dbf35e87c: ;   {runtime_call counter_overflow Runtime1 stub}
  0x0000013dbf35e87c: ffe8 fef1 

  0x0000013dbf35e880: ; ImmutableOopMap {rdx=Oop rsi=Oop [304]=Oop }
                      ;*synchronization entry
                      ; - ui.views.waveform.t::mtj@-1 (line 599)
                      ; - ui.views.waveform.c.a::muF@94 (line 482)
  0x0000013dbf35e880: b806 e954 

  0x0000013dbf35e884: ;   {runtime_call throw_null_pointer_exception Runtime1 stub}
  0x0000013dbf35e884: ebff ffe8 

  0x0000013dbf35e888: ; ImmutableOopMap {rdx=Oop [304]=Oop }
                      ;*getfield zpk {reexecute=1 rethrow=0 return_oop=0}
                      ; - (reexecute) ui.views.waveform.t::mtj@15 (line 599)
                      ; - ui.views.waveform.c.a::muF@94 (line 482)
  0x0000013dbf35e888: f4a0 b806 

  0x0000013dbf35e88c: ;   {runtime_call throw_null_pointer_exception Runtime1 stub}
  0x0000013dbf35e88c: e8ef a0b8 

  0x0000013dbf35e890: ; ImmutableOopMap {rsi=Oop [304]=Oop }
                      ;*invokevirtual revalidate {reexecute=0 rethrow=0 return_oop=0}
                      ; - ui.views.waveform.c.a::muF@97 (line 482)
  0x0000013dbf35e890: 0644 8b46 | 2849 c1e0 | 0349 83f8 | 000f 8481 | ecff ff4c 

  0x0000013dbf35e8a4: ;   {runtime_call g1_pre_barrier_slow}
  0x0000013dbf35e8a4: 8904 24e8 | d4f7 b806 | e973 ecff 

  0x0000013dbf35e8b0: ;   {runtime_call throw_null_pointer_exception Runtime1 stub}
  0x0000013dbf35e8b0: ffe8 caa0 

  0x0000013dbf35e8b4: ; ImmutableOopMap {rsi=Oop rdi=Oop rbx=Oop [304]=Oop [312]=Oop }
                      ;*putfield iIw {reexecute=1 rethrow=0 return_oop=0}
                      ; - (reexecute) ui.views.waveform.c.a::muF@109 (line 485)
  0x0000013dbf35e8b4: b806 4883 | ff00 0f84 | 83ec ffff | 4889 3424 

  0x0000013dbf35e8c4: ;   {runtime_call g1_post_barrier_slow}
  0x0000013dbf35e8c4: e8b7 fab8 | 06e9 75ec 

  0x0000013dbf35e8cc: ;   {metadata({method} {0x0000013e16fd3c20} 'iOP' '()V' in 'ui/frmwork/b/b')}
  0x0000013dbf35e8cc: ffff 49ba | 183c fd16 | 3e01 0000 | 4c89 5424 | 0848 c704 | 24ff ffff 

  0x0000013dbf35e8e4: ;   {runtime_call counter_overflow Runtime1 stub}
  0x0000013dbf35e8e4: ffe8 96f1 

  0x0000013dbf35e8e8: ; ImmutableOopMap {[304]=Oop }
                      ;*synchronization entry
                      ; - ui.frmwork.b.b::iOP@-1 (line 1202)
                      ; - ui.views.waveform.c.a::muF@127 (line 490)
  0x0000013dbf35e8e8: b806 e975 

  0x0000013dbf35e8ec: ;   {metadata({method} {0x0000013e16691730} 'gjB' '()J' in 'ui/utils/s/d')}
  0x0000013dbf35e8ec: edff ff49 | ba28 1769 | 163e 0100 | 004c 8954 | 2408 48c7 | 0424 ffff 

  0x0000013dbf35e904: ;   {runtime_call counter_overflow Runtime1 stub}
  0x0000013dbf35e904: ffff e875 

  0x0000013dbf35e908: ; ImmutableOopMap {}
                      ;*synchronization entry
                      ; - ui.utils.s.d::gjB@-1 (line 380)
                      ; - ui.views.waveform.c.a::muF@130 (line 492)
  0x0000013dbf35e908: f1b8 06e9 | a6ee ffff 

  0x0000013dbf35e910: ;   {metadata({method} {0x0000013dd50aff60} 'linkToTargetMethod' '(JLjava/lang/Object;)Ljava/lang/Object;' in 'java/lang/invoke/Invokers$Holder')}
  0x0000013dbf35e910: 49ba 58ff | 0ad5 3d01 | 0000 4c89 | 5424 0848 | c704 24ff 

  0x0000013dbf35e924: ;   {runtime_call counter_overflow Runtime1 stub}
  0x0000013dbf35e924: ffff ffe8 

  0x0000013dbf35e928: ; ImmutableOopMap {rsi=Oop }
                      ;*synchronization entry
                      ; - java.lang.invoke.Invokers$Holder::linkToTargetMethod@-1
                      ; - ui.views.waveform.c.a::muF@135 (line 492)
  0x0000013dbf35e928: 54f1 b806 | e91f efff 

  0x0000013dbf35e930: ;   {metadata({method} {0x0000013e19e32348} 'invoke' '(Ljava/lang/Object;J)Ljava/lang/Object;' in 'java/lang/invoke/LambdaForm$MH+0x0000013dd6a65000')}
  0x0000013dbf35e930: ff49 ba40 | 23e3 193e | 0100 004c | 8954 2408 | 48c7 0424 | ffff ffff 

  0x0000013dbf35e948: ;   {runtime_call counter_overflow Runtime1 stub}
  0x0000013dbf35e948: e833 f1b8 

  0x0000013dbf35e94c: ; ImmutableOopMap {}
                      ;*synchronization entry
                      ; - java.lang.invoke.LambdaForm$MH/0x0000013dd6a65000::invoke@-1
                      ; - java.lang.invoke.Invokers$Holder::linkToTargetMethod@5
                      ; - ui.views.waveform.c.a::muF@135 (line 492)
  0x0000013dbf35e94c: 06e9 52ef 

  0x0000013dbf35e950: ;   {metadata({method} {0x0000013e19e31aa0} 'invoke' '(Ljava/lang/Object;J)J' in 'java/lang/invoke/LambdaForm$MH+0x0000013dd6a64c00')}
  0x0000013dbf35e950: ffff 49ba | 981a e319 | 3e01 0000 | 4c89 5424 | 0848 c704 | 24ff ffff 

  0x0000013dbf35e968: ;   {runtime_call counter_overflow Runtime1 stub}
  0x0000013dbf35e968: ffe8 12f1 

  0x0000013dbf35e96c: ; ImmutableOopMap {}
                      ;*synchronization entry
                      ; - java.lang.invoke.LambdaForm$MH/0x0000013dd6a64c00::invoke@-1
                      ; - java.lang.invoke.LambdaForm$MH/0x0000013dd6a65000::invoke@15
                      ; - java.lang.invoke.Invokers$Holder::linkToTargetMethod@5
                      ; - ui.views.waveform.c.a::muF@135 (line 492)
  0x0000013dbf35e96c: b806 e98f 

  0x0000013dbf35e970: ;   {metadata({method} {0x0000013dd50b4ff0} 'invokeStatic' '(Ljava/lang/Object;JJ)J' in 'java/lang/invoke/DirectMethodHandle$Holder')}
  0x0000013dbf35e970: efff ff49 | bae8 4f0b | d53d 0100 | 004c 8954 | 2408 48c7 | 0424 ffff 

  0x0000013dbf35e988: ;   {runtime_call counter_overflow Runtime1 stub}
  0x0000013dbf35e988: ffff e8f1 

  0x0000013dbf35e98c: ; ImmutableOopMap {rsi=Oop }
                      ;*synchronization entry
                      ; - java.lang.invoke.DirectMethodHandle$Holder::invokeStatic@-1
                      ; - java.lang.invoke.LambdaForm$MH/0x0000013dd6a64c00::invoke@23
                      ; - java.lang.invoke.LambdaForm$MH/0x0000013dd6a65000::invoke@15
                      ; - java.lang.invoke.Invokers$Holder::linkToTargetMethod@5
                      ; - ui.views.waveform.c.a::muF@135 (line 492)
  0x0000013dbf35e98c: f0b8 06e9 | cfef ffff 

  0x0000013dbf35e994: ;   {metadata({method} {0x0000013dd50a3038} 'internalMemberName' '(Ljava/lang/Object;)Ljava/lang/Object;' in 'java/lang/invoke/DirectMethodHandle')}
  0x0000013dbf35e994: 49ba 3030 | 0ad5 3d01 | 0000 4c89 | 5424 0848 | c704 24ff 

  0x0000013dbf35e9a8: ;   {runtime_call counter_overflow Runtime1 stub}
  0x0000013dbf35e9a8: ffff ffe8 

  0x0000013dbf35e9ac: ; ImmutableOopMap {}
                      ;*synchronization entry
                      ; - java.lang.invoke.DirectMethodHandle::internalMemberName@-1 (line 327)
                      ; - java.lang.invoke.DirectMethodHandle$Holder::invokeStatic@1
                      ; - java.lang.invoke.LambdaForm$MH/0x0000013dd6a64c00::invoke@23
                      ; - java.lang.invoke.LambdaForm$MH/0x0000013dd6a65000::invoke@15
                      ; - java.lang.invoke.Invokers$Holder::linkToTargetMethod@5
                      ; - ui.views.waveform.c.a::muF@135 (line 492)
  0x0000013dbf35e9ac: d0f0 b806 | e903 f0ff 

  0x0000013dbf35e9b4: ;   {metadata({method} {0x0000013dd5424ef8} 'mix' '(JJ)J' in 'java/lang/StringConcatHelper')}
  0x0000013dbf35e9b4: ff49 baf0 | 4e42 d53d | 0100 004c | 8954 2408 | 48c7 0424 | ffff ffff 

  0x0000013dbf35e9cc: ;   {runtime_call counter_overflow Runtime1 stub}
  0x0000013dbf35e9cc: e8af f0b8 

  0x0000013dbf35e9d0: ; ImmutableOopMap {}
                      ;*synchronization entry
                      ; - java.lang.StringConcatHelper::mix@-1 (line 112)
                      ; - java.lang.invoke.DirectMethodHandle$Holder::invokeStatic@13
                      ; - java.lang.invoke.LambdaForm$MH/0x0000013dd6a64c00::invoke@23
                      ; - java.lang.invoke.LambdaForm$MH/0x0000013dd6a65000::invoke@15
                      ; - java.lang.invoke.Invokers$Holder::linkToTargetMethod@5
                      ; - ui.views.waveform.c.a::muF@135 (line 492)
  0x0000013dbf35e9d0: 06e9 40f0 

  0x0000013dbf35e9d4: ;   {metadata({method} {0x0000013dd5424920} 'checkOverflow' '(J)J' in 'java/lang/StringConcatHelper')}
  0x0000013dbf35e9d4: ffff 49ba | 1849 42d5 | 3d01 0000 | 4c89 5424 | 0848 c704 | 24ff ffff 

  0x0000013dbf35e9ec: ;   {runtime_call counter_overflow Runtime1 stub}
  0x0000013dbf35e9ec: ffe8 8ef0 

  0x0000013dbf35e9f0: ; ImmutableOopMap {}
                      ;*synchronization entry
                      ; - java.lang.StringConcatHelper::checkOverflow@-1 (line 65)
                      ; - java.lang.StringConcatHelper::mix@7 (line 112)
                      ; - java.lang.invoke.DirectMethodHandle$Holder::invokeStatic@13
                      ; - java.lang.invoke.LambdaForm$MH/0x0000013dd6a64c00::invoke@23
                      ; - java.lang.invoke.LambdaForm$MH/0x0000013dd6a65000::invoke@15
                      ; - java.lang.invoke.Invokers$Holder::linkToTargetMethod@5
                      ; - ui.views.waveform.c.a::muF@135 (line 492)
  0x0000013dbf35e9f0: b806 e99c 

  0x0000013dbf35e9f4: ;   {metadata({method} {0x0000013e16470e90} 'invoke' '(Ljava/lang/Object;J)Ljava/lang/Object;' in 'java/lang/invoke/LambdaForm$MH+0x0000013dd6010c00')}
  0x0000013dbf35e9f4: f0ff ff49 | ba88 0e47 | 163e 0100 | 004c 8954 | 2408 48c7 | 0424 ffff 

  0x0000013dbf35ea0c: ;   {runtime_call counter_overflow Runtime1 stub}
  0x0000013dbf35ea0c: ffff e86d 

  0x0000013dbf35ea10: ; ImmutableOopMap {}
                      ;*synchronization entry
                      ; - java.lang.invoke.LambdaForm$MH/0x0000013dd6010c00::invoke@-1
                      ; - java.lang.invoke.LambdaForm$MH/0x0000013dd6a65000::invoke@33
                      ; - java.lang.invoke.Invokers$Holder::linkToTargetMethod@5
                      ; - ui.views.waveform.c.a::muF@135 (line 492)
  0x0000013dbf35ea10: f0b8 06e9 | 19f1 ffff 

  0x0000013dbf35ea18: ;   {metadata({method} {0x0000013dd50b4390} 'invokeStatic' '(Ljava/lang/Object;Ljava/lang/Object;J)Ljava/lang/Object;' in 'java/lang/invoke/DirectMethodHandle$Holder')}
  0x0000013dbf35ea18: 49ba 8843 | 0bd5 3d01 | 0000 4c89 | 5424 0848 | c704 24ff 

  0x0000013dbf35ea2c: ;   {runtime_call counter_overflow Runtime1 stub}
  0x0000013dbf35ea2c: ffff ffe8 

  0x0000013dbf35ea30: ; ImmutableOopMap {r8=Oop r9=Oop }
                      ;*synchronization entry
                      ; - java.lang.invoke.DirectMethodHandle$Holder::invokeStatic@-1
                      ; - java.lang.invoke.LambdaForm$MH/0x0000013dd6010c00::invoke@23
                      ; - java.lang.invoke.LambdaForm$MH/0x0000013dd6a65000::invoke@33
                      ; - java.lang.invoke.Invokers$Holder::linkToTargetMethod@5
                      ; - ui.views.waveform.c.a::muF@135 (line 492)
  0x0000013dbf35ea30: 4cf0 b806 | e98e f1ff 

  0x0000013dbf35ea38: ;   {metadata({method} {0x0000013dd50a3038} 'internalMemberName' '(Ljava/lang/Object;)Ljava/lang/Object;' in 'java/lang/invoke/DirectMethodHandle')}
  0x0000013dbf35ea38: ff49 ba30 | 300a d53d | 0100 004c | 8954 2408 | 48c7 0424 | ffff ffff 

  0x0000013dbf35ea50: ;   {runtime_call counter_overflow Runtime1 stub}
  0x0000013dbf35ea50: e82b f0b8 

  0x0000013dbf35ea54: ; ImmutableOopMap {r8=Oop }
                      ;*synchronization entry
                      ; - java.lang.invoke.DirectMethodHandle::internalMemberName@-1 (line 327)
                      ; - java.lang.invoke.DirectMethodHandle$Holder::invokeStatic@1
                      ; - java.lang.invoke.LambdaForm$MH/0x0000013dd6010c00::invoke@23
                      ; - java.lang.invoke.LambdaForm$MH/0x0000013dd6a65000::invoke@33
                      ; - java.lang.invoke.Invokers$Holder::linkToTargetMethod@5
                      ; - ui.views.waveform.c.a::muF@135 (line 492)
  0x0000013dbf35ea54: 06e9 c7f1 

  0x0000013dbf35ea58: ;   {metadata({method} {0x0000013dd5424818} 'newArrayWithSuffix' '(Ljava/lang/String;J)[B' in 'java/lang/StringConcatHelper')}
  0x0000013dbf35ea58: ffff 49ba | 1048 42d5 | 3d01 0000 | 4c89 5424 | 0848 c704 | 24ff ffff 

  0x0000013dbf35ea70: ;   {runtime_call counter_overflow Runtime1 stub}
  0x0000013dbf35ea70: ffe8 0af0 

  0x0000013dbf35ea74: ; ImmutableOopMap {r8=Oop }
                      ;*synchronization entry
                      ; - java.lang.StringConcatHelper::newArrayWithSuffix@-1 (line 489)
                      ; - java.lang.invoke.DirectMethodHandle$Holder::invokeStatic@13
                      ; - java.lang.invoke.LambdaForm$MH/0x0000013dd6010c00::invoke@23
                      ; - java.lang.invoke.LambdaForm$MH/0x0000013dd6a65000::invoke@33
                      ; - java.lang.invoke.Invokers$Holder::linkToTargetMethod@5
                      ; - ui.views.waveform.c.a::muF@135 (line 492)
  0x0000013dbf35ea74: b806 e927 

  0x0000013dbf35ea78: ;   {metadata({method} {0x0000013dd500eee0} 'length' '()I' in 'java/lang/String')}
  0x0000013dbf35ea78: f2ff ff49 | bad8 ee00 | d53d 0100 | 004c 8954 | 2408 48c7 | 0424 ffff 

  0x0000013dbf35ea90: ;   {runtime_call counter_overflow Runtime1 stub}
  0x0000013dbf35ea90: ffff e8e9 

  0x0000013dbf35ea94: ; ImmutableOopMap {r8=Oop }
                      ;*synchronization entry
                      ; - java.lang.String::length@-1 (line 1519)
                      ; - java.lang.StringConcatHelper::newArrayWithSuffix@2 (line 489)
                      ; - java.lang.invoke.DirectMethodHandle$Holder::invokeStatic@13
                      ; - java.lang.invoke.LambdaForm$MH/0x0000013dd6010c00::invoke@23
                      ; - java.lang.invoke.LambdaForm$MH/0x0000013dd6a65000::invoke@33
                      ; - java.lang.invoke.Invokers$Holder::linkToTargetMethod@5
                      ; - ui.views.waveform.c.a::muF@135 (line 492)
  0x0000013dbf35ea94: efb8 06e9 | 48f2 ffff 

  0x0000013dbf35ea9c: ;   {metadata({method} {0x0000013dd545a188} 'coder' '()B' in 'java/lang/String')}
  0x0000013dbf35ea9c: 49ba 80a1 | 45d5 3d01 | 0000 4c89 | 5424 0848 | c704 24ff 

  0x0000013dbf35eab0: ;   {runtime_call counter_overflow Runtime1 stub}
  0x0000013dbf35eab0: ffff ffe8 

  0x0000013dbf35eab4: ; ImmutableOopMap {}
                      ;*synchronization entry
                      ; - java.lang.String::coder@-1 (line 4809)
                      ; - java.lang.String::length@6 (line 1519)
                      ; - java.lang.StringConcatHelper::newArrayWithSuffix@2 (line 489)
                      ; - java.lang.invoke.DirectMethodHandle$Holder::invokeStatic@13
                      ; - java.lang.invoke.LambdaForm$MH/0x0000013dd6010c00::invoke@23
                      ; - java.lang.invoke.LambdaForm$MH/0x0000013dd6a65000::invoke@33
                      ; - java.lang.invoke.Invokers$Holder::linkToTargetMethod@5
                      ; - ui.views.waveform.c.a::muF@135 (line 492)
  0x0000013dbf35eab4: c8ef b806 | e966 f2ff 

  0x0000013dbf35eabc: ;   {metadata({method} {0x0000013dd5425160} 'newArray' '(J)[B' in 'java/lang/StringConcatHelper')}
  0x0000013dbf35eabc: ff49 ba58 | 5142 d53d | 0100 004c | 8954 2408 | 48c7 0424 | ffff ffff 

  0x0000013dbf35ead4: ;   {runtime_call counter_overflow Runtime1 stub}
  0x0000013dbf35ead4: e8a7 efb8 

  0x0000013dbf35ead8: ; ImmutableOopMap {}
                      ;*synchronization entry
                      ; - java.lang.StringConcatHelper::newArray@-1 (line 506)
                      ; - java.lang.StringConcatHelper::newArrayWithSuffix@7 (line 489)
                      ; - java.lang.invoke.DirectMethodHandle$Holder::invokeStatic@13
                      ; - java.lang.invoke.LambdaForm$MH/0x0000013dd6010c00::invoke@23
                      ; - java.lang.invoke.LambdaForm$MH/0x0000013dd6a65000::invoke@33
                      ; - java.lang.invoke.Invokers$Holder::linkToTargetMethod@5
                      ; - ui.views.waveform.c.a::muF@135 (line 492)
  0x0000013dbf35ead8: 06e9 b4f2 | ffff 4889 

  0x0000013dbf35eae0: ;   {runtime_call throw_class_cast_exception Runtime1 stub}
  0x0000013dbf35eae0: 0424 e899 

  0x0000013dbf35eae4: ; ImmutableOopMap {}
                      ;*checkcast {reexecute=0 rethrow=0 return_oop=0}
                      ; - java.lang.StringConcatHelper::newArray@36 (line 511)
                      ; - java.lang.StringConcatHelper::newArrayWithSuffix@7 (line 489)
                      ; - java.lang.invoke.DirectMethodHandle$Holder::invokeStatic@13
                      ; - java.lang.invoke.LambdaForm$MH/0x0000013dd6010c00::invoke@23
                      ; - java.lang.invoke.LambdaForm$MH/0x0000013dd6a65000::invoke@33
                      ; - java.lang.invoke.Invokers$Holder::linkToTargetMethod@5
                      ; - ui.views.waveform.c.a::muF@135 (line 492)
                      ;   {metadata({method} {0x0000013e19095a98} 'invoke' '(Ljava/lang/Object;JLjava/lang/Object;J)J' in 'java/lang/invoke/LambdaForm$MH+0x0000013dd6787400')}
  0x0000013dbf35eae4: c2b8 0649 | ba90 5a09 | 193e 0100 | 004c 8954 | 2408 48c7 | 0424 ffff 

  0x0000013dbf35eafc: ;   {runtime_call counter_overflow Runtime1 stub}
  0x0000013dbf35eafc: ffff e87d 

  0x0000013dbf35eb00: ; ImmutableOopMap {rsi=Oop [368]=Oop }
                      ;*synchronization entry
                      ; - java.lang.invoke.LambdaForm$MH/0x0000013dd6787400::invoke@-1
                      ; - java.lang.invoke.LambdaForm$MH/0x0000013dd6a65000::invoke@54
                      ; - java.lang.invoke.Invokers$Holder::linkToTargetMethod@5
                      ; - ui.views.waveform.c.a::muF@135 (line 492)
  0x0000013dbf35eb00: efb8 06e9 | f1f5 ffff 

  0x0000013dbf35eb08: ;   {metadata({method} {0x0000013dd50b4ee8} 'invokeStatic' '(Ljava/lang/Object;JLjava/lang/Object;JLjava/lang/Object;)J' in 'java/lang/invoke/DirectMethodHandle$Holder')}
  0x0000013dbf35eb08: 49ba e04e | 0bd5 3d01 | 0000 4c89 | 5424 0848 | c704 24ff 

  0x0000013dbf35eb1c: ;   {runtime_call counter_overflow Runtime1 stub}
  0x0000013dbf35eb1c: ffff ffe8 

  0x0000013dbf35eb20: ; ImmutableOopMap {rsi=Oop r8=Oop [368]=Oop }
                      ;*synchronization entry
                      ; - java.lang.invoke.DirectMethodHandle$Holder::invokeStatic@-1
                      ; - java.lang.invoke.LambdaForm$MH/0x0000013dd6787400::invoke@28
                      ; - java.lang.invoke.LambdaForm$MH/0x0000013dd6a65000::invoke@54
                      ; - java.lang.invoke.Invokers$Holder::linkToTargetMethod@5
                      ; - ui.views.waveform.c.a::muF@135 (line 492)
  0x0000013dbf35eb20: 5cef b806 | e961 f6ff 

  0x0000013dbf35eb28: ;   {metadata({method} {0x0000013dd50a3038} 'internalMemberName' '(Ljava/lang/Object;)Ljava/lang/Object;' in 'java/lang/invoke/DirectMethodHandle')}
  0x0000013dbf35eb28: ff49 ba30 | 300a d53d | 0100 004c | 8954 2408 | 48c7 0424 | ffff ffff 

  0x0000013dbf35eb40: ;   {runtime_call counter_overflow Runtime1 stub}
  0x0000013dbf35eb40: e83b efb8 

  0x0000013dbf35eb44: ; ImmutableOopMap {rsi=Oop [368]=Oop }
                      ;*synchronization entry
                      ; - java.lang.invoke.DirectMethodHandle::internalMemberName@-1 (line 327)
                      ; - java.lang.invoke.DirectMethodHandle$Holder::invokeStatic@1
                      ; - java.lang.invoke.LambdaForm$MH/0x0000013dd6787400::invoke@28
                      ; - java.lang.invoke.LambdaForm$MH/0x0000013dd6a65000::invoke@54
                      ; - java.lang.invoke.Invokers$Holder::linkToTargetMethod@5
                      ; - ui.views.waveform.c.a::muF@135 (line 492)
  0x0000013dbf35eb44: 06e9 9af6 

  0x0000013dbf35eb48: ;   {metadata({method} {0x0000013dd50b4390} 'invokeStatic' '(Ljava/lang/Object;Ljava/lang/Object;J)Ljava/lang/Object;' in 'java/lang/invoke/DirectMethodHandle$Holder')}
  0x0000013dbf35eb48: ffff 49ba | 8843 0bd5 | 3d01 0000 | 4c89 5424 | 0848 c704 | 24ff ffff 

  0x0000013dbf35eb60: ;   {runtime_call counter_overflow Runtime1 stub}
  0x0000013dbf35eb60: ffe8 1aef 

  0x0000013dbf35eb64: ; ImmutableOopMap {rsi=Oop r8=Oop [368]=Oop }
                      ;*synchronization entry
                      ; - java.lang.invoke.DirectMethodHandle$Holder::invokeStatic@-1
                      ; - java.lang.invoke.LambdaForm$MH/0x0000013dd6a65000::invoke@74
                      ; - java.lang.invoke.Invokers$Holder::linkToTargetMethod@5
                      ; - ui.views.waveform.c.a::muF@135 (line 492)
  0x0000013dbf35eb64: b806 e9aa 

  0x0000013dbf35eb68: ;   {metadata({method} {0x0000013dd50a3038} 'internalMemberName' '(Ljava/lang/Object;)Ljava/lang/Object;' in 'java/lang/invoke/DirectMethodHandle')}
  0x0000013dbf35eb68: f7ff ff49 | ba30 300a | d53d 0100 | 004c 8954 | 2408 48c7 | 0424 ffff 

  0x0000013dbf35eb80: ;   {runtime_call counter_overflow Runtime1 stub}
  0x0000013dbf35eb80: ffff e8f9 

  0x0000013dbf35eb84: ; ImmutableOopMap {rsi=Oop [368]=Oop }
                      ;*synchronization entry
                      ; - java.lang.invoke.DirectMethodHandle::internalMemberName@-1 (line 327)
                      ; - java.lang.invoke.DirectMethodHandle$Holder::invokeStatic@1
                      ; - java.lang.invoke.LambdaForm$MH/0x0000013dd6a65000::invoke@74
                      ; - java.lang.invoke.Invokers$Holder::linkToTargetMethod@5
                      ; - ui.views.waveform.c.a::muF@135 (line 492)
  0x0000013dbf35eb84: eeb8 06e9 | e3f7 ffff 

  0x0000013dbf35eb8c: ;   {internal_word}
  0x0000013dbf35eb8c: 49ba dce4 | 35bf 3d01 | 0000 4d89 | 9768 0400 

  0x0000013dbf35eb9c: ;   {runtime_call SafepointBlob}
  0x0000013dbf35eb9c: 00e9 5e6b 

  0x0000013dbf35eba0: ;   {internal_word}
  0x0000013dbf35eba0: ac06 49ba | f2e4 35bf | 3d01 0000 | 4d89 9768 

  0x0000013dbf35ebb0: ;   {runtime_call SafepointBlob}
  0x0000013dbf35ebb0: 0400 00e9 | 486b ac06 

  0x0000013dbf35ebb8: ;   {runtime_call fast_new_instance Runtime1 stub}
  0x0000013dbf35ebb8: 488b d2e8 

  0x0000013dbf35ebbc: ; ImmutableOopMap {}
                      ;*new {reexecute=0 rethrow=0 return_oop=0}
                      ; - java.lang.StringConcatHelper::newArray@16 (line 509)
                      ; - java.lang.StringConcatHelper::newArrayWithSuffix@7 (line 489)
                      ; - java.lang.invoke.DirectMethodHandle$Holder::invokeStatic@13
                      ; - java.lang.invoke.LambdaForm$MH/0x0000013dd6010c00::invoke@23
                      ; - java.lang.invoke.LambdaForm$MH/0x0000013dd6a65000::invoke@33
                      ; - java.lang.invoke.Invokers$Holder::linkToTargetMethod@5
                      ; - ui.views.waveform.c.a::muF@135 (line 492)
  0x0000013dbf35ebbc: c0a6 b806 | e993 f9ff | ff48 8bd2 

  0x0000013dbf35ebc8: ;   {runtime_call fast_new_instance Runtime1 stub}
  0x0000013dbf35ebc8: e8b3 a6b8 

  0x0000013dbf35ebcc: ; ImmutableOopMap {}
                      ;*new {reexecute=0 rethrow=0 return_oop=0}
                      ; - java.lang.StringConcatHelper::checkOverflow@7 (line 68)
                      ; - java.lang.StringConcatHelper::mix@7 (line 112)
                      ; - java.lang.invoke.DirectMethodHandle$Holder::invokeStatic@13
                      ; - java.lang.invoke.LambdaForm$MH/0x0000013dd6a64c00::invoke@23
                      ; - java.lang.invoke.LambdaForm$MH/0x0000013dd6a65000::invoke@15
                      ; - java.lang.invoke.Invokers$Holder::linkToTargetMethod@5
                      ; - ui.views.waveform.c.a::muF@135 (line 492)
  0x0000013dbf35ebcc: 06e9 27fa 

  0x0000013dbf35ebd0: ;   {runtime_call throw_null_pointer_exception Runtime1 stub}
  0x0000013dbf35ebd0: ffff e8a9 

  0x0000013dbf35ebd4: ; ImmutableOopMap {rsi=Oop rdi=Oop rbx=Oop [304]=Oop [312]=Oop }
                      ;*putfield iIw {reexecute=1 rethrow=0 return_oop=0}
                      ; - (reexecute) ui.views.waveform.c.a::muF@109 (line 485)
  0x0000013dbf35ebd4: 9db8 0649 | 8b87 0005 | 0000 49c7 | 8700 0500 | 0000 0000 | 0049 c787 | 0805 0000 | 0000 0000 
  0x0000013dbf35ebf4: 4881 c490 | 0100 005d 

  0x0000013dbf35ebfc: ;   {runtime_call unwind_exception Runtime1 stub}
  0x0000013dbf35ebfc: e97f 8eb8 | 06f4 f4f4 | f4f4 f4f4 
[Stub Code]
  0x0000013dbf35ec08: ;   {no_reloc}
  0x0000013dbf35ec08: 0f1f 4400 

  0x0000013dbf35ec0c: ;   {static_stub}
  0x0000013dbf35ec0c: 0048 bb00 | 0000 0000 

  0x0000013dbf35ec14: ;   {runtime_call}
  0x0000013dbf35ec14: 0000 00e9 | fbff ffff 

  0x0000013dbf35ec1c: ;   {static_stub}
  0x0000013dbf35ec1c: 9048 bb00 | 0000 0000 

  0x0000013dbf35ec24: ;   {runtime_call}
  0x0000013dbf35ec24: 0000 00e9 | fbff ffff 

  0x0000013dbf35ec2c: ;   {static_stub}
  0x0000013dbf35ec2c: 9048 bb00 | 0000 0000 

  0x0000013dbf35ec34: ;   {runtime_call}
  0x0000013dbf35ec34: 0000 00e9 | fbff ffff 

  0x0000013dbf35ec3c: ;   {static_stub}
  0x0000013dbf35ec3c: 9048 bb00 | 0000 0000 

  0x0000013dbf35ec44: ;   {runtime_call}
  0x0000013dbf35ec44: 0000 00e9 | fbff ffff 

  0x0000013dbf35ec4c: ;   {static_stub}
  0x0000013dbf35ec4c: 48bb 0000 | 0000 0000 

  0x0000013dbf35ec54: ;   {runtime_call}
  0x0000013dbf35ec54: 0000 e9fb 

  0x0000013dbf35ec58: ;   {static_stub}
  0x0000013dbf35ec58: ffff ff48 | bb00 0000 | 0000 0000 

  0x0000013dbf35ec64: ;   {runtime_call}
  0x0000013dbf35ec64: 00e9 fbff 

  0x0000013dbf35ec68: ;   {static_stub}
  0x0000013dbf35ec68: ffff 48bb | 0000 0000 | 0000 0000 

  0x0000013dbf35ec74: ;   {runtime_call}
  0x0000013dbf35ec74: e9fb ffff 

  0x0000013dbf35ec78: ;   {static_stub}
  0x0000013dbf35ec78: ff48 bb00 | 0000 0000 

  0x0000013dbf35ec80: ;   {runtime_call}
  0x0000013dbf35ec80: 0000 00e9 | fbff ffff 

  0x0000013dbf35ec88: ;   {static_stub}
  0x0000013dbf35ec88: 48bb 0000 | 0000 0000 

  0x0000013dbf35ec90: ;   {runtime_call}
  0x0000013dbf35ec90: 0000 e9fb 

  0x0000013dbf35ec94: ;   {static_stub}
  0x0000013dbf35ec94: ffff ff48 | bb00 0000 | 0000 0000 

  0x0000013dbf35eca0: ;   {runtime_call}
  0x0000013dbf35eca0: 00e9 fbff 

  0x0000013dbf35eca4: ;   {static_stub}
  0x0000013dbf35eca4: ffff 48bb | 0000 0000 | 0000 0000 

  0x0000013dbf35ecb0: ;   {runtime_call}
  0x0000013dbf35ecb0: e9fb ffff 

  0x0000013dbf35ecb4: ;   {static_stub}
  0x0000013dbf35ecb4: ff48 bb00 | 0000 0000 

  0x0000013dbf35ecbc: ;   {runtime_call}
  0x0000013dbf35ecbc: 0000 00e9 | fbff ffff 

  0x0000013dbf35ecc4: ;   {static_stub}
  0x0000013dbf35ecc4: 48bb f0bc | 4340 3e01 

  0x0000013dbf35eccc: ;   {runtime_call I2C/C2I adapters}
  0x0000013dbf35eccc: 0000 e998 

  0x0000013dbf35ecd0: ;   {static_stub}
  0x0000013dbf35ecd0: c0ab 0648 | bbb8 7744 | 403e 0100 

  0x0000013dbf35ecdc: ;   {runtime_call I2C/C2I adapters}
  0x0000013dbf35ecdc: 00e9 0555 

  0x0000013dbf35ece0: ;   {static_stub}
  0x0000013dbf35ece0: ac06 48bb | 0000 0000 | 0000 0000 

  0x0000013dbf35ecec: ;   {runtime_call}
  0x0000013dbf35ecec: e9fb ffff 

  0x0000013dbf35ecf0: ;   {static_stub}
  0x0000013dbf35ecf0: ff48 bb00 | 0000 0000 

  0x0000013dbf35ecf8: ;   {runtime_call}
  0x0000013dbf35ecf8: 0000 00e9 | fbff ffff 
[Exception Handler]
  0x0000013dbf35ed00: ;   {runtime_call handle_exception_from_callee Runtime1 stub}
  0x0000013dbf35ed00: e87b bab8 

  0x0000013dbf35ed04: ;   {external_word}
  0x0000013dbf35ed04: 0648 b950 | e022 8afa | 7f00 0048 

  0x0000013dbf35ed10: ;   {runtime_call}
  0x0000013dbf35ed10: 83e4 f048 | b850 efe5 | 89fa 7f00 | 00ff d0f4 
[Deopt Handler Code]
  0x0000013dbf35ed20: ;   {section_word}
  0x0000013dbf35ed20: 49ba 20ed | 35bf 3d01 | 0000 4152 

  0x0000013dbf35ed2c: ;   {runtime_call DeoptimizationBlob}
  0x0000013dbf35ed2c: e96f 5cac 

  0x0000013dbf35ed30: ;   {section_word}
  0x0000013dbf35ed30: 0649 ba31 | ed35 bf3d | 0100 0041 

  0x0000013dbf35ed3c: ;   {runtime_call DeoptimizationBlob}
  0x0000013dbf35ed3c: 52e9 5e5c | ac06 f4f4 | f4f4 f4f4 
[/MachCode]


---------------  P R O C E S S  ---------------

Threads class SMR info:
_java_thread_list=0x0000013e3d54a3c0, length=76, elements={
0x0000013daef2e860, 0x0000013db5f1d220, 0x0000013db3a58460, 0x0000013db5f312a0,
0x0000013db5f34110, 0x0000013db5f34b70, 0x0000013db5f355d0, 0x0000013db5f3d620,
0x0000013db5f3fef0, 0x0000013db5f46150, 0x0000013db6121c60, 0x0000013db6148b10,
0x0000013e1a9a30c0, 0x0000013e1a545b20, 0x0000013e1a850a50, 0x0000013e1aa39120,
0x0000013e1af0d500, 0x0000013e1e0ad330, 0x0000013e1e0ad9c0, 0x0000013e1e0ac610,
0x0000013e1e0ae6e0, 0x0000013e2d6d2ff0, 0x0000013e2d6d0f20, 0x0000013e2d6ccd80,
0x0000013e2d6cd410, 0x0000013e1e0ab260, 0x0000013e3192c2d0, 0x0000013e31927aa0,
0x0000013e3192d680, 0x0000013e319287c0, 0x0000013e31928e50, 0x0000013e31929b70,
0x0000013e3192c960, 0x0000013e3192cff0, 0x0000013e309567d0, 0x0000013e3095a2e0,
0x0000013e3cc058a0, 0x0000013e2d6d0890, 0x0000013e2d6d2960, 0x0000013e3cc03140,
0x0000013e2d6ce130, 0x0000013e38710ff0, 0x0000013e3cc03e60, 0x0000013e3870c7c0,
0x0000013e2d6cc6f0, 0x0000013e2d6d1c40, 0x0000013e3cc02420, 0x0000013e2abad6f0,
0x0000013e2abae410, 0x0000013e2abafe50, 0x0000013e2abaeaa0, 0x0000013e3870a060,
0x0000013e30956e60, 0x0000013e2abb04e0, 0x0000013e329615c0, 0x0000013e3295c700,
0x0000013e387102d0, 0x0000013e3870baa0, 0x0000013e3cc05f30, 0x0000013e3cc08690,
0x0000013e3cc044f0, 0x0000013e3cc04b80, 0x0000013e3295fb80, 0x0000013e38711680,
0x0000013e38710960, 0x0000013e31928130, 0x0000013e3192bc40, 0x0000013e32962970,
0x0000013e3870a6f0, 0x0000013e329622e0, 0x0000013e3870fc40, 0x0000013e2d6cf4e0,
0x0000013e32960f30, 0x0000013e45813b00, 0x0000013e45810d10, 0x0000013e45814190
}

Java Threads: ( => current thread )
  0x0000013daef2e860 JavaThread "main"                              [_thread_blocked, id=17320, stack(0x0000001e20000000,0x0000001e20100000) (1024K)]
  0x0000013db5f1d220 JavaThread "Reference Handler"          daemon [_thread_blocked, id=33300, stack(0x0000001e22300000,0x0000001e22d00000) (10240K)]
  0x0000013db3a58460 JavaThread "Finalizer"                  daemon [_thread_blocked, id=6432, stack(0x0000001e22d00000,0x0000001e23700000) (10240K)]
  0x0000013db5f312a0 JavaThread "Signal Dispatcher"          daemon [_thread_blocked, id=29292, stack(0x0000001e23700000,0x0000001e24100000) (10240K)]
  0x0000013db5f34110 JavaThread "Attach Listener"            daemon [_thread_blocked, id=9984, stack(0x0000001e24100000,0x0000001e24b00000) (10240K)]
  0x0000013db5f34b70 JavaThread "Service Thread"             daemon [_thread_blocked, id=24112, stack(0x0000001e24b00000,0x0000001e25500000) (10240K)]
  0x0000013db5f355d0 JavaThread "Monitor Deflation Thread"   daemon [_thread_blocked, id=4972, stack(0x0000001e25500000,0x0000001e25f00000) (10240K)]
  0x0000013db5f3d620 JavaThread "C2 CompilerThread0"         daemon [_thread_blocked, id=22932, stack(0x0000001e25f00000,0x0000001e26000000) (1024K)]
  0x0000013db5f3fef0 JavaThread "C1 CompilerThread0"         daemon [_thread_blocked, id=30672, stack(0x0000001e26000000,0x0000001e26100000) (1024K)]
  0x0000013db5f46150 JavaThread "StringDedupThread"          daemon [_thread_blocked, id=20860, stack(0x0000001e26100000,0x0000001e26b00000) (10240K)]
  0x0000013db6121c60 JavaThread "Common-Cleaner"             daemon [_thread_blocked, id=31432, stack(0x0000001e27000000,0x0000001e27a00000) (10240K)]
  0x0000013db6148b10 JavaThread "Notification Thread"        daemon [_thread_blocked, id=26208, stack(0x0000001e27a00000,0x0000001e28400000) (10240K)]
  0x0000013e1a9a30c0 JavaThread "Java2D Disposer"            daemon [_thread_blocked, id=28384, stack(0x0000001e28400000,0x0000001e28e00000) (10240K)]
  0x0000013e1a545b20 JavaThread "AWT-Shutdown"                      [_thread_blocked, id=6440, stack(0x0000001e28e00000,0x0000001e29800000) (10240K)]
  0x0000013e1a850a50 JavaThread "AWT-Windows"                daemon [_thread_in_native, id=32504, stack(0x0000001e29800000,0x0000001e2a200000) (10240K)]
  0x0000013e1aa39120 JavaThread "TimerQueue"                 daemon [_thread_blocked, id=27488, stack(0x0000001e2a200000,0x0000001e2ac00000) (10240K)]
=>0x0000013e1af0d500 JavaThread "AWT-EventQueue-0"                  [_thread_in_native, id=16752, stack(0x0000001e2b600000,0x0000001e2c000000) (10240K)]
  0x0000013e1e0ad330 JavaThread "Thread-1"                          [_thread_in_native, id=27568, stack(0x0000001e20300000,0x0000001e21700000) (20480K)]
  0x0000013e1e0ad9c0 JavaThread "Process Messages Thread"           [_thread_blocked, id=7768, stack(0x0000001e2d200000,0x0000001e2dc00000) (10240K)]
  0x0000013e1e0ac610 JavaThread "Batik CleanerThread"        daemon [_thread_blocked, id=15280, stack(0x0000001e2dc00000,0x0000001e2e600000) (10240K)]
  0x0000013e1e0ae6e0 JavaThread "SyntheticaCleanerThread"    daemon [_thread_blocked, id=5448, stack(0x0000001e2e600000,0x0000001e2f000000) (10240K)]
  0x0000013e2d6d2ff0 JavaThread "Timer-0"                           [_thread_blocked, id=2552, stack(0x0000001e2fa00000,0x0000001e30400000) (10240K)]
  0x0000013e2d6d0f20 JavaThread "Monitor File Timestamp Swing Worker Thread"        [_thread_blocked, id=33132, stack(0x0000001e30400000,0x0000001e30e00000) (10240K)]
  0x0000013e2d6ccd80 JavaThread "Monitor HEventQueue for Sluggish Gui Thread"        [_thread_blocked, id=35756, stack(0x0000001e30e00000,0x0000001e31800000) (10240K)]
  0x0000013e2d6cd410 JavaThread "SyntheticaAnimation 50"     daemon [_thread_blocked, id=25924, stack(0x0000001e31800000,0x0000001e32200000) (10240K)]
  0x0000013e1e0ab260 JavaThread "SyntheticaAnimation 25"     daemon [_thread_blocked, id=35368, stack(0x0000001e32300000,0x0000001e32d00000) (10240K)]
  0x0000013e3192c2d0 JavaThread "SyntheticaAnimation 70"     daemon [_thread_blocked, id=20628, stack(0x0000001e32d00000,0x0000001e33700000) (10240K)]
  0x0000013e31927aa0 JavaThread "Refresh Filesets Swing Worker Thread"        [_thread_blocked, id=10400, stack(0x0000001e33700000,0x0000001e34100000) (10240K)]
  0x0000013e3192d680 JavaThread "hw_ila_monitor"                    [_thread_blocked, id=11480, stack(0x0000001e34100000,0x0000001e34b00000) (10240K)]
  0x0000013e319287c0 JavaThread "pool-1-thread-1"                   [_thread_blocked, id=28284, stack(0x0000001e35500000,0x0000001e35f00000) (10240K)]
  0x0000013e31928e50 JavaThread "Timer-1"                           [_thread_blocked, id=10124, stack(0x0000001e35f00000,0x0000001e36900000) (10240K)]
  0x0000013e31929b70 JavaThread "pool-2-thread-1"                   [_thread_blocked, id=17164, stack(0x0000001e36900000,0x0000001e37300000) (10240K)]
  0x0000013e3192c960 JavaThread "Timer-2"                           [_thread_blocked, id=7676, stack(0x0000001e37300000,0x0000001e37d00000) (10240K)]
  0x0000013e3192cff0 JavaThread "pool-3-thread-1"                   [_thread_blocked, id=20644, stack(0x0000001e37d00000,0x0000001e38700000) (10240K)]
  0x0000013e309567d0 JavaThread "Timer-3"                           [_thread_blocked, id=23432, stack(0x0000001e38700000,0x0000001e39100000) (10240K)]
  0x0000013e3095a2e0 JavaThread "Update Runs Swing Worker Thread"        [_thread_blocked, id=23904, stack(0x0000001e39100000,0x0000001e39b00000) (10240K)]
  0x0000013e3cc058a0 JavaThread "Image Animator 2"           daemon [_thread_blocked, id=19444, stack(0x0000001e34b00000,0x0000001e35500000) (10240K)]
  0x0000013e2d6d0890 JavaThread "Timer-4"                           [_thread_blocked, id=28912, stack(0x0000001e39b00000,0x0000001e3a500000) (10240K)]
  0x0000013e2d6d2960 JavaThread "Monitor File Timestamp Swing Worker Thread"        [_thread_blocked, id=13088, stack(0x0000001e3ab00000,0x0000001e3b500000) (10240K)]
  0x0000013e3cc03140 JavaThread "SyntheticaAnimation 50"     daemon [_thread_blocked, id=25644, stack(0x0000001e3c900000,0x0000001e3d300000) (10240K)]
  0x0000013e2d6ce130 JavaThread "Timer-8"                           [_thread_blocked, id=26312, stack(0x0000001e2c100000,0x0000001e2cb00000) (10240K)]
  0x0000013e38710ff0 JavaThread "Timer-12"                          [_thread_blocked, id=34032, stack(0x0000001e3f100000,0x0000001e3fb00000) (10240K)]
  0x0000013e3cc03e60 JavaThread "Timer-17"                          [_thread_blocked, id=10500, stack(0x0000001e41900000,0x0000001e42300000) (10240K)]
  0x0000013e3870c7c0 JavaThread "Swing-Shell"                daemon [_thread_blocked, id=13104, stack(0x0000001e2f000000,0x0000001e2fa00000) (10240K)]
  0x0000013e2d6cc6f0 JavaThread "Timer-21"                          [_thread_blocked, id=33412, stack(0x0000001e3d300000,0x0000001e3dd00000) (10240K)]
  0x0000013e2d6d1c40 JavaThread "Monitor File Timestamp Swing Worker Thread"        [_thread_blocked, id=15724, stack(0x0000001e3dd00000,0x0000001e3e700000) (10240K)]
  0x0000013e3cc02420 JavaThread "Timer-23"                          [_thread_blocked, id=31312, stack(0x0000001e40500000,0x0000001e40f00000) (10240K)]
  0x0000013e2abad6f0 JavaThread "Timer-25"                          [_thread_blocked, id=33348, stack(0x0000001e44100000,0x0000001e44b00000) (10240K)]
  0x0000013e2abae410 JavaThread "Monitor File Timestamp Swing Worker Thread"        [_thread_blocked, id=34232, stack(0x0000001e44b00000,0x0000001e45500000) (10240K)]
  0x0000013e2abafe50 JavaThread "Timer-28"                          [_thread_blocked, id=18708, stack(0x0000001e42300000,0x0000001e42d00000) (10240K)]
  0x0000013e2abaeaa0 JavaThread "Monitor File Timestamp Swing Worker Thread"        [_thread_blocked, id=28512, stack(0x0000001e46900000,0x0000001e47300000) (10240K)]
  0x0000013e3870a060 JavaThread "Thread-13824"                      [_thread_in_native, id=20272, stack(0x0000001e1fe00000,0x0000001e1ff00000) (1024K)]
  0x0000013e30956e60 JavaThread "Thread-13825"                      [_thread_in_native, id=4452, stack(0x0000001e1fd00000,0x0000001e1fe00000) (1024K)]
  0x0000013e2abb04e0 JavaThread "SyntheticaAnimation 50"     daemon [_thread_blocked, id=31216, stack(0x0000001e3e700000,0x0000001e3f100000) (10240K)]
  0x0000013e329615c0 JavaThread "Timer-32"                          [_thread_blocked, id=5680, stack(0x0000001e45500000,0x0000001e45f00000) (10240K)]
  0x0000013e3295c700 JavaThread "Timer-38"                          [_thread_blocked, id=20872, stack(0x0000001e45f00000,0x0000001e46900000) (10240K)]
  0x0000013e387102d0 JavaThread "Timer-45"                          [_thread_blocked, id=35680, stack(0x0000001e3b500000,0x0000001e3bf00000) (10240K)]
  0x0000013e3870baa0 JavaThread "Monitor File Timestamp Swing Worker Thread"        [_thread_blocked, id=28108, stack(0x0000001e3bf00000,0x0000001e3c900000) (10240K)]
  0x0000013e3cc05f30 JavaThread "Timer-51"                          [_thread_blocked, id=18632, stack(0x0000001e3fb00000,0x0000001e40500000) (10240K)]
  0x0000013e3cc08690 JavaThread "Monitor File Timestamp Swing Worker Thread"        [_thread_blocked, id=21376, stack(0x0000001e42d00000,0x0000001e43700000) (10240K)]
  0x0000013e3cc044f0 JavaThread "Timer-52"                          [_thread_blocked, id=18092, stack(0x0000001e48700000,0x0000001e49100000) (10240K)]
  0x0000013e3cc04b80 JavaThread "Monitor File Timestamp Swing Worker Thread"        [_thread_blocked, id=20956, stack(0x0000001e49100000,0x0000001e49b00000) (10240K)]
  0x0000013e3295fb80 JavaThread "Timer-53"                          [_thread_blocked, id=35276, stack(0x0000001e49b00000,0x0000001e4a500000) (10240K)]
  0x0000013e38711680 JavaThread "Timer-71"                          [_thread_blocked, id=28024, stack(0x0000001e2ac00000,0x0000001e2b600000) (10240K)]
  0x0000013e38710960 JavaThread "Monitor File Timestamp Swing Worker Thread"        [_thread_blocked, id=1276, stack(0x0000001e40f00000,0x0000001e41900000) (10240K)]
  0x0000013e31928130 JavaThread "Timer-76"                          [_thread_blocked, id=8516, stack(0x0000001e43700000,0x0000001e44100000) (10240K)]
  0x0000013e3192bc40 JavaThread "Monitor File Timestamp Swing Worker Thread"        [_thread_blocked, id=31028, stack(0x0000001e47300000,0x0000001e47d00000) (10240K)]
  0x0000013e32962970 JavaThread "Timer-79"                          [_thread_blocked, id=29804, stack(0x0000001e4af00000,0x0000001e4b900000) (10240K)]
  0x0000013e3870a6f0 JavaThread "Timer-81"                          [_thread_blocked, id=25892, stack(0x0000001e4eb00000,0x0000001e4f500000) (10240K)]
  0x0000013e329622e0 JavaThread "Timer-83"                          [_thread_blocked, id=15620, stack(0x0000001e4e100000,0x0000001e4eb00000) (10240K)]
  0x0000013e3870fc40 JavaThread "Timer-90"                          [_thread_blocked, id=10844, stack(0x0000001e4b900000,0x0000001e4c300000) (10240K)]
  0x0000013e2d6cf4e0 JavaThread "Timer-92"                          [_thread_blocked, id=34992, stack(0x0000001e4ff00000,0x0000001e50900000) (10240K)]
  0x0000013e32960f30 JavaThread "Timer-95"                          [_thread_blocked, id=10736, stack(0x0000001e4c300000,0x0000001e4cd00000) (10240K)]
  0x0000013e45813b00 JavaThread "Timer-100"                         [_thread_blocked, id=12372, stack(0x0000001e47d00000,0x0000001e48700000) (10240K)]
  0x0000013e45810d10 JavaThread "Monitor File Timestamp Swing Worker Thread"        [_thread_blocked, id=29656, stack(0x0000001e4d700000,0x0000001e4e100000) (10240K)]
  0x0000013e45814190 JavaThread "Relaunch Simulation Thread"        [_thread_blocked, id=33644, stack(0x0000001e4a500000,0x0000001e4af00000) (10240K)]
Total: 76

Other Threads:
  0x0000013db49929c0 VMThread "VM Thread"                           [id=18912, stack(0x0000001e22200000,0x0000001e22300000) (1024K)]
  0x0000013db5ef1190 WatcherThread "VM Periodic Task Thread"        [id=28940, stack(0x0000001e22100000,0x0000001e22200000) (1024K)]
  0x0000013db2eaca70 WorkerThread "GC Thread#0"                     [id=30052, stack(0x0000001e21c00000,0x0000001e21d00000) (1024K)]
  0x0000013db5fd4340 WorkerThread "GC Thread#1"                     [id=35600, stack(0x0000001e26e00000,0x0000001e26f00000) (1024K)]
  0x0000013db5fd46e0 WorkerThread "GC Thread#2"                     [id=27252, stack(0x0000001e26f00000,0x0000001e27000000) (1024K)]
  0x0000013db5fd1b60 WorkerThread "GC Thread#3"                     [id=468, stack(0x0000001e2c000000,0x0000001e2c100000) (1024K)]
  0x0000013db42f7c40 ConcurrentGCThread "G1 Main Marker"            [id=13176, stack(0x0000001e21d00000,0x0000001e21e00000) (1024K)]
  0x0000013db2eab110 WorkerThread "G1 Conc#0"                       [id=19032, stack(0x0000001e21e00000,0x0000001e21f00000) (1024K)]
  0x0000013db5e386a0 ConcurrentGCThread "G1 Refine#0"               [id=12588, stack(0x0000001e21f00000,0x0000001e22000000) (1024K)]
  0x0000013db3e68da0 ConcurrentGCThread "G1 Service"                [id=34948, stack(0x0000001e22000000,0x0000001e22100000) (1024K)]
Total: 10

Threads with active compile tasks:
Total: 0

VM state: not at safepoint (normal execution)

VM Mutex/Monitor currently owned by a thread: None

Heap address: 0x0000000701800000, size: 4072 MB, Compressed Oops mode: Zero based, Oop shift amount: 3

CDS archive(s) mapped at: [0x0000013dd5000000-0x0000013dd5c90000-0x0000013dd5c90000), size 13172736, SharedBaseAddress: 0x0000013dd5000000, ArchiveRelocationMode: 1.
Compressed class space mapped at: 0x0000013dd6000000-0x0000013e16000000, reserved size: 1073741824
Narrow klass base: 0x0000013dd5000000, Narrow klass shift: 0, Narrow klass range: 0x100000000

GC Precious Log:
 CardTable entry size: 512
 Card Set container configuration: InlinePtr #cards 4 size 8 Array Of Cards #cards 16 size 48 Howl #buckets 8 coarsen threshold 3686 Howl Bitmap #cards 512 size 80 coarsen threshold 460 Card regions per heap region 1 cards per card region 4096
 CPUs: 24 total, 24 available
 Memory: 65321M
 Large Page Support: Disabled
 NUMA Support: Disabled
 Compressed Oops: Enabled (Zero based)
 Heap Region Size: 2M
 Heap Min Capacity: 512M
 Heap Initial Capacity: 512M
 Heap Max Capacity: 4072M
 Pre-touch: Disabled
 Parallel Workers: 4
 Concurrent Workers: 1
 Concurrent Refinement Workers: 4
 Periodic GC: Disabled
 String Deduplication is enabled

Heap:
 garbage-first heap   total 524288K, used 198597K [0x0000000701800000, 0x0000000800000000)
  region size 2048K, 7 young (14336K), 1 survivors (2048K)
 Metaspace       used 96533K, committed 97216K, reserved 1179648K
  class space    used 12664K, committed 13056K, reserved 1048576K

Heap Regions: E=young(eden), S=young(survivor), O=old, HS=humongous(starts), HC=humongous(continues), CS=collection set, F=free, TAMS=top-at-mark-start, PB=parsable bottom
|   0|0x0000000701800000, 0x0000000701a00000, 0x0000000701a00000|100%|HS|  |TAMS 0x0000000701800000| PB 0x0000000701800000| Untracked 
|   1|0x0000000701a00000, 0x0000000701c00000, 0x0000000701c00000|100%| O|  |TAMS 0x0000000701a00000| PB 0x0000000701a00000| Untracked 
|   2|0x0000000701c00000, 0x0000000701dfffe0, 0x0000000701e00000| 99%| O|  |TAMS 0x0000000701c00000| PB 0x0000000701c00000| Untracked 
|   3|0x0000000701e00000, 0x0000000701fffff0, 0x0000000702000000| 99%| O|  |TAMS 0x0000000701e00000| PB 0x0000000701e00000| Untracked 
|   4|0x0000000702000000, 0x00000007021fff50, 0x0000000702200000| 99%| O|  |TAMS 0x0000000702000000| PB 0x0000000702000000| Untracked 
|   5|0x0000000702200000, 0x0000000702400000, 0x0000000702400000|100%| O|  |TAMS 0x0000000702200000| PB 0x0000000702200000| Untracked 
|   6|0x0000000702400000, 0x00000007025ebf00, 0x0000000702600000| 96%| O|  |TAMS 0x0000000702400000| PB 0x0000000702400000| Untracked 
|   7|0x0000000702600000, 0x00000007027fffe8, 0x0000000702800000| 99%| O|  |TAMS 0x0000000702600000| PB 0x0000000702600000| Untracked 
|   8|0x0000000702800000, 0x00000007029fffe8, 0x0000000702a00000| 99%| O|  |TAMS 0x0000000702800000| PB 0x0000000702800000| Untracked 
|   9|0x0000000702a00000, 0x0000000702bffff8, 0x0000000702c00000| 99%| O|  |TAMS 0x0000000702a00000| PB 0x0000000702a00000| Untracked 
|  10|0x0000000702c00000, 0x0000000702e00000, 0x0000000702e00000|100%| O|  |TAMS 0x0000000702c00000| PB 0x0000000702c00000| Untracked 
|  11|0x0000000702e00000, 0x0000000703000000, 0x0000000703000000|100%| O|  |TAMS 0x0000000702e00000| PB 0x0000000702e00000| Untracked 
|  12|0x0000000703000000, 0x0000000703200000, 0x0000000703200000|100%| O|  |TAMS 0x0000000703000000| PB 0x0000000703000000| Untracked 
|  13|0x0000000703200000, 0x00000007033ffff8, 0x0000000703400000| 99%| O|  |TAMS 0x0000000703200000| PB 0x0000000703200000| Untracked 
|  14|0x0000000703400000, 0x00000007035fffe8, 0x0000000703600000| 99%| O|  |TAMS 0x0000000703400000| PB 0x0000000703400000| Untracked 
|  15|0x0000000703600000, 0x00000007037ffff8, 0x0000000703800000| 99%| O|  |TAMS 0x0000000703600000| PB 0x0000000703600000| Untracked 
|  16|0x0000000703800000, 0x00000007039fff38, 0x0000000703a00000| 99%| O|  |TAMS 0x0000000703800000| PB 0x0000000703800000| Untracked 
|  17|0x0000000703a00000, 0x0000000703bffd30, 0x0000000703c00000| 99%| O|  |TAMS 0x0000000703a00000| PB 0x0000000703a00000| Untracked 
|  18|0x0000000703c00000, 0x0000000703dfe610, 0x0000000703e00000| 99%| O|  |TAMS 0x0000000703c00000| PB 0x0000000703c00000| Untracked 
|  19|0x0000000703e00000, 0x0000000703ffffd8, 0x0000000704000000| 99%| O|  |TAMS 0x0000000703e00000| PB 0x0000000703e00000| Untracked 
|  20|0x0000000704000000, 0x00000007041ffac8, 0x0000000704200000| 99%| O|  |TAMS 0x0000000704000000| PB 0x0000000704000000| Untracked 
|  21|0x0000000704200000, 0x00000007043ffad0, 0x0000000704400000| 99%| O|  |TAMS 0x0000000704200000| PB 0x0000000704200000| Untracked 
|  22|0x0000000704400000, 0x00000007045ffff8, 0x0000000704600000| 99%| O|  |TAMS 0x0000000704400000| PB 0x0000000704400000| Untracked 
|  23|0x0000000704600000, 0x00000007047fffe8, 0x0000000704800000| 99%| O|  |TAMS 0x0000000704600000| PB 0x0000000704600000| Untracked 
|  24|0x0000000704800000, 0x00000007049ffff8, 0x0000000704a00000| 99%| O|  |TAMS 0x0000000704800000| PB 0x0000000704800000| Untracked 
|  25|0x0000000704a00000, 0x0000000704bfffe8, 0x0000000704c00000| 99%| O|  |TAMS 0x0000000704a00000| PB 0x0000000704a00000| Untracked 
|  26|0x0000000704c00000, 0x0000000704dfff20, 0x0000000704e00000| 99%| O|  |TAMS 0x0000000704c00000| PB 0x0000000704c00000| Untracked 
|  27|0x0000000704e00000, 0x0000000704fffda8, 0x0000000705000000| 99%| O|  |TAMS 0x0000000704e00000| PB 0x0000000704e00000| Untracked 
|  28|0x0000000705000000, 0x00000007051ffff8, 0x0000000705200000| 99%| O|  |TAMS 0x0000000705000000| PB 0x0000000705000000| Untracked 
|  29|0x0000000705200000, 0x00000007053ffb40, 0x0000000705400000| 99%| O|  |TAMS 0x0000000705200000| PB 0x0000000705200000| Untracked 
|  30|0x0000000705400000, 0x00000007055ffff0, 0x0000000705600000| 99%| O|  |TAMS 0x0000000705400000| PB 0x0000000705400000| Untracked 
|  31|0x0000000705600000, 0x00000007057ffff8, 0x0000000705800000| 99%| O|  |TAMS 0x0000000705600000| PB 0x0000000705600000| Untracked 
|  32|0x0000000705800000, 0x0000000705a00000, 0x0000000705a00000|100%| O|  |TAMS 0x0000000705800000| PB 0x0000000705800000| Untracked 
|  33|0x0000000705a00000, 0x0000000705bfff38, 0x0000000705c00000| 99%| O|  |TAMS 0x0000000705a00000| PB 0x0000000705a00000| Untracked 
|  34|0x0000000705c00000, 0x0000000705dffff8, 0x0000000705e00000| 99%| O|  |TAMS 0x0000000705c00000| PB 0x0000000705c00000| Untracked 
|  35|0x0000000705e00000, 0x0000000705ffffd8, 0x0000000706000000| 99%| O|  |TAMS 0x0000000705e00000| PB 0x0000000705e00000| Untracked 
|  36|0x0000000706000000, 0x00000007061ffe28, 0x0000000706200000| 99%| O|  |TAMS 0x0000000706000000| PB 0x0000000706000000| Untracked 
|  37|0x0000000706200000, 0x00000007063ffff0, 0x0000000706400000| 99%| O|  |TAMS 0x0000000706200000| PB 0x0000000706200000| Untracked 
|  38|0x0000000706400000, 0x00000007065ffb98, 0x0000000706600000| 99%| O|  |TAMS 0x0000000706400000| PB 0x0000000706400000| Untracked 
|  39|0x0000000706600000, 0x00000007067ffcc8, 0x0000000706800000| 99%| O|  |TAMS 0x0000000706600000| PB 0x0000000706600000| Untracked 
|  40|0x0000000706800000, 0x00000007069ffe00, 0x0000000706a00000| 99%| O|  |TAMS 0x0000000706800000| PB 0x0000000706800000| Untracked 
|  41|0x0000000706a00000, 0x0000000706bffff0, 0x0000000706c00000| 99%| O|  |TAMS 0x0000000706a00000| PB 0x0000000706a00000| Untracked 
|  42|0x0000000706c00000, 0x0000000706dffff8, 0x0000000706e00000| 99%| O|  |TAMS 0x0000000706c00000| PB 0x0000000706c00000| Untracked 
|  43|0x0000000706e00000, 0x0000000706ffffb0, 0x0000000707000000| 99%| O|  |TAMS 0x0000000706e00000| PB 0x0000000706e00000| Untracked 
|  44|0x0000000707000000, 0x00000007071fff98, 0x0000000707200000| 99%| O|  |TAMS 0x0000000707000000| PB 0x0000000707000000| Untracked 
|  45|0x0000000707200000, 0x0000000707400000, 0x0000000707400000|100%| O|  |TAMS 0x0000000707200000| PB 0x0000000707200000| Untracked 
|  46|0x0000000707400000, 0x0000000707600000, 0x0000000707600000|100%| O|  |TAMS 0x0000000707400000| PB 0x0000000707400000| Untracked 
|  47|0x0000000707600000, 0x00000007077ffff0, 0x0000000707800000| 99%| O|  |TAMS 0x0000000707600000| PB 0x0000000707600000| Untracked 
|  48|0x0000000707800000, 0x0000000707a00000, 0x0000000707a00000|100%| O|  |TAMS 0x0000000707800000| PB 0x0000000707800000| Untracked 
|  49|0x0000000707a00000, 0x0000000707bffff8, 0x0000000707c00000| 99%| O|  |TAMS 0x0000000707a00000| PB 0x0000000707a00000| Untracked 
|  50|0x0000000707c00000, 0x0000000707dffe78, 0x0000000707e00000| 99%| O|  |TAMS 0x0000000707c00000| PB 0x0000000707c00000| Untracked 
|  51|0x0000000707e00000, 0x0000000707fffb90, 0x0000000708000000| 99%| O|  |TAMS 0x0000000707e00000| PB 0x0000000707e00000| Untracked 
|  52|0x0000000708000000, 0x00000007081fffc0, 0x0000000708200000| 99%| O|  |TAMS 0x0000000708000000| PB 0x0000000708000000| Untracked 
|  53|0x0000000708200000, 0x00000007083ffc08, 0x0000000708400000| 99%| O|  |TAMS 0x0000000708200000| PB 0x0000000708200000| Untracked 
|  54|0x0000000708400000, 0x00000007085ffc90, 0x0000000708600000| 99%| O|  |TAMS 0x0000000708400000| PB 0x0000000708400000| Untracked 
|  55|0x0000000708600000, 0x00000007087ffef8, 0x0000000708800000| 99%| O|  |TAMS 0x0000000708600000| PB 0x0000000708600000| Untracked 
|  56|0x0000000708800000, 0x0000000708a00000, 0x0000000708a00000|100%|HS|  |TAMS 0x0000000708800000| PB 0x0000000708800000| Untracked 
|  57|0x0000000708a00000, 0x0000000708c00000, 0x0000000708c00000|100%|HC|  |TAMS 0x0000000708a00000| PB 0x0000000708a00000| Untracked 
|  58|0x0000000708c00000, 0x0000000708e00000, 0x0000000708e00000|100%|HC|  |TAMS 0x0000000708c00000| PB 0x0000000708c00000| Untracked 
|  59|0x0000000708e00000, 0x0000000709000000, 0x0000000709000000|100%|HC|  |TAMS 0x0000000708e00000| PB 0x0000000708e00000| Untracked 
|  60|0x0000000709000000, 0x0000000709200000, 0x0000000709200000|100%|HC|  |TAMS 0x0000000709000000| PB 0x0000000709000000| Untracked 
|  61|0x0000000709200000, 0x0000000709400000, 0x0000000709400000|100%|HC|  |TAMS 0x0000000709200000| PB 0x0000000709200000| Untracked 
|  62|0x0000000709400000, 0x0000000709600000, 0x0000000709600000|100%|HC|  |TAMS 0x0000000709400000| PB 0x0000000709400000| Untracked 
|  63|0x0000000709600000, 0x0000000709800000, 0x0000000709800000|100%|HC|  |TAMS 0x0000000709600000| PB 0x0000000709600000| Untracked 
|  64|0x0000000709800000, 0x0000000709a00000, 0x0000000709a00000|100%|HC|  |TAMS 0x0000000709800000| PB 0x0000000709800000| Untracked 
|  65|0x0000000709a00000, 0x0000000709c00000, 0x0000000709c00000|100%|HC|  |TAMS 0x0000000709a00000| PB 0x0000000709a00000| Untracked 
|  66|0x0000000709c00000, 0x0000000709e00000, 0x0000000709e00000|100%|HC|  |TAMS 0x0000000709c00000| PB 0x0000000709c00000| Untracked 
|  67|0x0000000709e00000, 0x000000070a000000, 0x000000070a000000|100%|HC|  |TAMS 0x0000000709e00000| PB 0x0000000709e00000| Untracked 
|  68|0x000000070a000000, 0x000000070a200000, 0x000000070a200000|100%|HC|  |TAMS 0x000000070a000000| PB 0x000000070a000000| Untracked 
|  69|0x000000070a200000, 0x000000070a400000, 0x000000070a400000|100%|HC|  |TAMS 0x000000070a200000| PB 0x000000070a200000| Untracked 
|  70|0x000000070a400000, 0x000000070a5ffed8, 0x000000070a600000| 99%| O|  |TAMS 0x000000070a400000| PB 0x000000070a400000| Untracked 
|  71|0x000000070a600000, 0x000000070a66b670, 0x000000070a800000| 20%| O|  |TAMS 0x000000070a600000| PB 0x000000070a600000| Untracked 
|  72|0x000000070a800000, 0x000000070a9fff98, 0x000000070aa00000| 99%| O|  |TAMS 0x000000070a800000| PB 0x000000070a800000| Untracked 
|  73|0x000000070aa00000, 0x000000070abffee0, 0x000000070ac00000| 99%| O|  |TAMS 0x000000070aa00000| PB 0x000000070aa00000| Untracked 
|  74|0x000000070ac00000, 0x000000070ad6df30, 0x000000070ae00000| 71%| O|  |TAMS 0x000000070ac00000| PB 0x000000070ac00000| Untracked 
|  75|0x000000070ae00000, 0x000000070afa04c8, 0x000000070b000000| 81%| O|  |TAMS 0x000000070ae00000| PB 0x000000070ae00000| Untracked 
|  76|0x000000070b000000, 0x000000070b19e9e8, 0x000000070b200000| 80%| O|  |TAMS 0x000000070b000000| PB 0x000000070b000000| Untracked 
|  77|0x000000070b200000, 0x000000070b200000, 0x000000070b400000|  0%| F|  |TAMS 0x000000070b200000| PB 0x000000070b200000| Untracked 
|  78|0x000000070b400000, 0x000000070b400000, 0x000000070b600000|  0%| F|  |TAMS 0x000000070b400000| PB 0x000000070b400000| Untracked 
|  79|0x000000070b600000, 0x000000070b600000, 0x000000070b800000|  0%| F|  |TAMS 0x000000070b600000| PB 0x000000070b600000| Untracked 
|  80|0x000000070b800000, 0x000000070b800000, 0x000000070ba00000|  0%| F|  |TAMS 0x000000070b800000| PB 0x000000070b800000| Untracked 
|  81|0x000000070ba00000, 0x000000070ba00000, 0x000000070bc00000|  0%| F|  |TAMS 0x000000070ba00000| PB 0x000000070ba00000| Untracked 
|  82|0x000000070bc00000, 0x000000070bc00000, 0x000000070be00000|  0%| F|  |TAMS 0x000000070bc00000| PB 0x000000070bc00000| Untracked 
|  83|0x000000070be00000, 0x000000070be00000, 0x000000070c000000|  0%| F|  |TAMS 0x000000070be00000| PB 0x000000070be00000| Untracked 
|  84|0x000000070c000000, 0x000000070c1ffad8, 0x000000070c200000| 99%| O|  |TAMS 0x000000070c000000| PB 0x000000070c000000| Untracked 
|  85|0x000000070c200000, 0x000000070c400000, 0x000000070c400000|100%|HS|  |TAMS 0x000000070c200000| PB 0x000000070c200000| Complete 
|  86|0x000000070c400000, 0x000000070c600000, 0x000000070c600000|100%|HC|  |TAMS 0x000000070c400000| PB 0x000000070c400000| Complete 
|  87|0x000000070c600000, 0x000000070c800000, 0x000000070c800000|100%|HC|  |TAMS 0x000000070c600000| PB 0x000000070c600000| Complete 
|  88|0x000000070c800000, 0x000000070ca00000, 0x000000070ca00000|100%|HC|  |TAMS 0x000000070c800000| PB 0x000000070c800000| Complete 
|  89|0x000000070ca00000, 0x000000070cc00000, 0x000000070cc00000|100%|HC|  |TAMS 0x000000070ca00000| PB 0x000000070ca00000| Complete 
|  90|0x000000070cc00000, 0x000000070ce00000, 0x000000070ce00000|100%|HC|  |TAMS 0x000000070cc00000| PB 0x000000070cc00000| Complete 
|  91|0x000000070ce00000, 0x000000070d000000, 0x000000070d000000|100%|HC|  |TAMS 0x000000070ce00000| PB 0x000000070ce00000| Complete 
|  92|0x000000070d000000, 0x000000070d000000, 0x000000070d200000|  0%| F|  |TAMS 0x000000070d000000| PB 0x000000070d000000| Untracked 
|  93|0x000000070d200000, 0x000000070d200000, 0x000000070d400000|  0%| F|  |TAMS 0x000000070d200000| PB 0x000000070d200000| Untracked 
|  94|0x000000070d400000, 0x000000070d400000, 0x000000070d600000|  0%| F|  |TAMS 0x000000070d400000| PB 0x000000070d400000| Untracked 
|  95|0x000000070d600000, 0x000000070d600000, 0x000000070d800000|  0%| F|  |TAMS 0x000000070d600000| PB 0x000000070d600000| Untracked 
|  96|0x000000070d800000, 0x000000070d800000, 0x000000070da00000|  0%| F|  |TAMS 0x000000070d800000| PB 0x000000070d800000| Untracked 
|  97|0x000000070da00000, 0x000000070da00000, 0x000000070dc00000|  0%| F|  |TAMS 0x000000070da00000| PB 0x000000070da00000| Untracked 
|  98|0x000000070dc00000, 0x000000070dc00000, 0x000000070de00000|  0%| F|  |TAMS 0x000000070dc00000| PB 0x000000070dc00000| Untracked 
|  99|0x000000070de00000, 0x000000070e000000, 0x000000070e000000|100%|HS|  |TAMS 0x000000070de00000| PB 0x000000070de00000| Untracked 
| 100|0x000000070e000000, 0x000000070e200000, 0x000000070e200000|100%|HC|  |TAMS 0x000000070e000000| PB 0x000000070e000000| Untracked 
| 101|0x000000070e200000, 0x000000070e400000, 0x000000070e400000|100%|HC|  |TAMS 0x000000070e200000| PB 0x000000070e200000| Untracked 
| 102|0x000000070e400000, 0x000000070e600000, 0x000000070e600000|100%|HC|  |TAMS 0x000000070e400000| PB 0x000000070e400000| Untracked 
| 103|0x000000070e600000, 0x000000070e800000, 0x000000070e800000|100%|HC|  |TAMS 0x000000070e600000| PB 0x000000070e600000| Untracked 
| 104|0x000000070e800000, 0x000000070ea00000, 0x000000070ea00000|100%|HC|  |TAMS 0x000000070e800000| PB 0x000000070e800000| Untracked 
| 105|0x000000070ea00000, 0x000000070ec00000, 0x000000070ec00000|100%|HC|  |TAMS 0x000000070ea00000| PB 0x000000070ea00000| Untracked 
| 106|0x000000070ec00000, 0x000000070ec00000, 0x000000070ee00000|  0%| F|  |TAMS 0x000000070ec00000| PB 0x000000070ec00000| Untracked 
| 107|0x000000070ee00000, 0x000000070ee00000, 0x000000070f000000|  0%| F|  |TAMS 0x000000070ee00000| PB 0x000000070ee00000| Untracked 
| 108|0x000000070f000000, 0x000000070f000000, 0x000000070f200000|  0%| F|  |TAMS 0x000000070f000000| PB 0x000000070f000000| Untracked 
| 109|0x000000070f200000, 0x000000070f200000, 0x000000070f400000|  0%| F|  |TAMS 0x000000070f200000| PB 0x000000070f200000| Untracked 
| 110|0x000000070f400000, 0x000000070f400000, 0x000000070f600000|  0%| F|  |TAMS 0x000000070f400000| PB 0x000000070f400000| Untracked 
| 111|0x000000070f600000, 0x000000070f600000, 0x000000070f800000|  0%| F|  |TAMS 0x000000070f600000| PB 0x000000070f600000| Untracked 
| 112|0x000000070f800000, 0x000000070f800000, 0x000000070fa00000|  0%| F|  |TAMS 0x000000070f800000| PB 0x000000070f800000| Untracked 
| 113|0x000000070fa00000, 0x000000070fa00000, 0x000000070fc00000|  0%| F|  |TAMS 0x000000070fa00000| PB 0x000000070fa00000| Untracked 
| 114|0x000000070fc00000, 0x000000070fc00000, 0x000000070fe00000|  0%| F|  |TAMS 0x000000070fc00000| PB 0x000000070fc00000| Untracked 
| 115|0x000000070fe00000, 0x000000070fe00000, 0x0000000710000000|  0%| F|  |TAMS 0x000000070fe00000| PB 0x000000070fe00000| Untracked 
| 116|0x0000000710000000, 0x0000000710000000, 0x0000000710200000|  0%| F|  |TAMS 0x0000000710000000| PB 0x0000000710000000| Untracked 
| 117|0x0000000710200000, 0x0000000710200000, 0x0000000710400000|  0%| F|  |TAMS 0x0000000710200000| PB 0x0000000710200000| Untracked 
| 118|0x0000000710400000, 0x0000000710400000, 0x0000000710600000|  0%| F|  |TAMS 0x0000000710400000| PB 0x0000000710400000| Untracked 
| 119|0x0000000710600000, 0x0000000710600000, 0x0000000710800000|  0%| F|  |TAMS 0x0000000710600000| PB 0x0000000710600000| Untracked 
| 120|0x0000000710800000, 0x0000000710800000, 0x0000000710a00000|  0%| F|  |TAMS 0x0000000710800000| PB 0x0000000710800000| Untracked 
| 121|0x0000000710a00000, 0x0000000710a00000, 0x0000000710c00000|  0%| F|  |TAMS 0x0000000710a00000| PB 0x0000000710a00000| Untracked 
| 122|0x0000000710c00000, 0x0000000710c00000, 0x0000000710e00000|  0%| F|  |TAMS 0x0000000710c00000| PB 0x0000000710c00000| Untracked 
| 123|0x0000000710e00000, 0x0000000710e00000, 0x0000000711000000|  0%| F|  |TAMS 0x0000000710e00000| PB 0x0000000710e00000| Untracked 
| 124|0x0000000711000000, 0x0000000711000000, 0x0000000711200000|  0%| F|  |TAMS 0x0000000711000000| PB 0x0000000711000000| Untracked 
| 125|0x0000000711200000, 0x0000000711200000, 0x0000000711400000|  0%| F|  |TAMS 0x0000000711200000| PB 0x0000000711200000| Untracked 
| 126|0x0000000711400000, 0x0000000711400000, 0x0000000711600000|  0%| F|  |TAMS 0x0000000711400000| PB 0x0000000711400000| Untracked 
| 127|0x0000000711600000, 0x0000000711600000, 0x0000000711800000|  0%| F|  |TAMS 0x0000000711600000| PB 0x0000000711600000| Untracked 
| 128|0x0000000711800000, 0x0000000711800000, 0x0000000711a00000|  0%| F|  |TAMS 0x0000000711800000| PB 0x0000000711800000| Untracked 
| 129|0x0000000711a00000, 0x0000000711a00000, 0x0000000711c00000|  0%| F|  |TAMS 0x0000000711a00000| PB 0x0000000711a00000| Untracked 
| 130|0x0000000711c00000, 0x0000000711c00000, 0x0000000711e00000|  0%| F|  |TAMS 0x0000000711c00000| PB 0x0000000711c00000| Untracked 
| 131|0x0000000711e00000, 0x0000000711e00000, 0x0000000712000000|  0%| F|  |TAMS 0x0000000711e00000| PB 0x0000000711e00000| Untracked 
| 132|0x0000000712000000, 0x0000000712000000, 0x0000000712200000|  0%| F|  |TAMS 0x0000000712000000| PB 0x0000000712000000| Untracked 
| 133|0x0000000712200000, 0x0000000712200000, 0x0000000712400000|  0%| F|  |TAMS 0x0000000712200000| PB 0x0000000712200000| Untracked 
| 134|0x0000000712400000, 0x0000000712400000, 0x0000000712600000|  0%| F|  |TAMS 0x0000000712400000| PB 0x0000000712400000| Untracked 
| 135|0x0000000712600000, 0x0000000712600000, 0x0000000712800000|  0%| F|  |TAMS 0x0000000712600000| PB 0x0000000712600000| Untracked 
| 136|0x0000000712800000, 0x0000000712800000, 0x0000000712a00000|  0%| F|  |TAMS 0x0000000712800000| PB 0x0000000712800000| Untracked 
| 137|0x0000000712a00000, 0x0000000712a00000, 0x0000000712c00000|  0%| F|  |TAMS 0x0000000712a00000| PB 0x0000000712a00000| Untracked 
| 138|0x0000000712c00000, 0x0000000712c00000, 0x0000000712e00000|  0%| F|  |TAMS 0x0000000712c00000| PB 0x0000000712c00000| Untracked 
| 139|0x0000000712e00000, 0x0000000712e00000, 0x0000000713000000|  0%| F|  |TAMS 0x0000000712e00000| PB 0x0000000712e00000| Untracked 
| 140|0x0000000713000000, 0x0000000713000000, 0x0000000713200000|  0%| F|  |TAMS 0x0000000713000000| PB 0x0000000713000000| Untracked 
| 141|0x0000000713200000, 0x0000000713200000, 0x0000000713400000|  0%| F|  |TAMS 0x0000000713200000| PB 0x0000000713200000| Untracked 
| 142|0x0000000713400000, 0x0000000713400000, 0x0000000713600000|  0%| F|  |TAMS 0x0000000713400000| PB 0x0000000713400000| Untracked 
| 143|0x0000000713600000, 0x0000000713600000, 0x0000000713800000|  0%| F|  |TAMS 0x0000000713600000| PB 0x0000000713600000| Untracked 
| 144|0x0000000713800000, 0x0000000713800000, 0x0000000713a00000|  0%| F|  |TAMS 0x0000000713800000| PB 0x0000000713800000| Untracked 
| 145|0x0000000713a00000, 0x0000000713a00000, 0x0000000713c00000|  0%| F|  |TAMS 0x0000000713a00000| PB 0x0000000713a00000| Untracked 
| 146|0x0000000713c00000, 0x0000000713c00000, 0x0000000713e00000|  0%| F|  |TAMS 0x0000000713c00000| PB 0x0000000713c00000| Untracked 
| 147|0x0000000713e00000, 0x0000000713e00000, 0x0000000714000000|  0%| F|  |TAMS 0x0000000713e00000| PB 0x0000000713e00000| Untracked 
| 148|0x0000000714000000, 0x0000000714000000, 0x0000000714200000|  0%| F|  |TAMS 0x0000000714000000| PB 0x0000000714000000| Untracked 
| 149|0x0000000714200000, 0x0000000714200000, 0x0000000714400000|  0%| F|  |TAMS 0x0000000714200000| PB 0x0000000714200000| Untracked 
| 150|0x0000000714400000, 0x0000000714400000, 0x0000000714600000|  0%| F|  |TAMS 0x0000000714400000| PB 0x0000000714400000| Untracked 
| 151|0x0000000714600000, 0x0000000714600000, 0x0000000714800000|  0%| F|  |TAMS 0x0000000714600000| PB 0x0000000714600000| Untracked 
| 152|0x0000000714800000, 0x0000000714800000, 0x0000000714a00000|  0%| F|  |TAMS 0x0000000714800000| PB 0x0000000714800000| Untracked 
| 153|0x0000000714a00000, 0x0000000714a00000, 0x0000000714c00000|  0%| F|  |TAMS 0x0000000714a00000| PB 0x0000000714a00000| Untracked 
| 154|0x0000000714c00000, 0x0000000714c00000, 0x0000000714e00000|  0%| F|  |TAMS 0x0000000714c00000| PB 0x0000000714c00000| Untracked 
| 155|0x0000000714e00000, 0x0000000714e00000, 0x0000000715000000|  0%| F|  |TAMS 0x0000000714e00000| PB 0x0000000714e00000| Untracked 
| 156|0x0000000715000000, 0x0000000715000000, 0x0000000715200000|  0%| F|  |TAMS 0x0000000715000000| PB 0x0000000715000000| Untracked 
| 157|0x0000000715200000, 0x0000000715200000, 0x0000000715400000|  0%| F|  |TAMS 0x0000000715200000| PB 0x0000000715200000| Untracked 
| 158|0x0000000715400000, 0x0000000715400000, 0x0000000715600000|  0%| F|  |TAMS 0x0000000715400000| PB 0x0000000715400000| Untracked 
| 159|0x0000000715600000, 0x0000000715600000, 0x0000000715800000|  0%| F|  |TAMS 0x0000000715600000| PB 0x0000000715600000| Untracked 
| 160|0x0000000715800000, 0x0000000715800000, 0x0000000715a00000|  0%| F|  |TAMS 0x0000000715800000| PB 0x0000000715800000| Untracked 
| 161|0x0000000715a00000, 0x0000000715a00000, 0x0000000715c00000|  0%| F|  |TAMS 0x0000000715a00000| PB 0x0000000715a00000| Untracked 
| 162|0x0000000715c00000, 0x0000000715c00000, 0x0000000715e00000|  0%| F|  |TAMS 0x0000000715c00000| PB 0x0000000715c00000| Untracked 
| 163|0x0000000715e00000, 0x0000000715e00000, 0x0000000716000000|  0%| F|  |TAMS 0x0000000715e00000| PB 0x0000000715e00000| Untracked 
| 164|0x0000000716000000, 0x0000000716000000, 0x0000000716200000|  0%| F|  |TAMS 0x0000000716000000| PB 0x0000000716000000| Untracked 
| 165|0x0000000716200000, 0x0000000716200000, 0x0000000716400000|  0%| F|  |TAMS 0x0000000716200000| PB 0x0000000716200000| Untracked 
| 166|0x0000000716400000, 0x0000000716400000, 0x0000000716600000|  0%| F|  |TAMS 0x0000000716400000| PB 0x0000000716400000| Untracked 
| 167|0x0000000716600000, 0x0000000716600000, 0x0000000716800000|  0%| F|  |TAMS 0x0000000716600000| PB 0x0000000716600000| Untracked 
| 168|0x0000000716800000, 0x0000000716800000, 0x0000000716a00000|  0%| F|  |TAMS 0x0000000716800000| PB 0x0000000716800000| Untracked 
| 169|0x0000000716a00000, 0x0000000716a00000, 0x0000000716c00000|  0%| F|  |TAMS 0x0000000716a00000| PB 0x0000000716a00000| Untracked 
| 170|0x0000000716c00000, 0x0000000716c00000, 0x0000000716e00000|  0%| F|  |TAMS 0x0000000716c00000| PB 0x0000000716c00000| Untracked 
| 171|0x0000000716e00000, 0x0000000716e00000, 0x0000000717000000|  0%| F|  |TAMS 0x0000000716e00000| PB 0x0000000716e00000| Untracked 
| 172|0x0000000717000000, 0x0000000717000000, 0x0000000717200000|  0%| F|  |TAMS 0x0000000717000000| PB 0x0000000717000000| Untracked 
| 173|0x0000000717200000, 0x0000000717200000, 0x0000000717400000|  0%| F|  |TAMS 0x0000000717200000| PB 0x0000000717200000| Untracked 
| 174|0x0000000717400000, 0x0000000717400000, 0x0000000717600000|  0%| F|  |TAMS 0x0000000717400000| PB 0x0000000717400000| Untracked 
| 175|0x0000000717600000, 0x0000000717600000, 0x0000000717800000|  0%| F|  |TAMS 0x0000000717600000| PB 0x0000000717600000| Untracked 
| 176|0x0000000717800000, 0x0000000717800000, 0x0000000717a00000|  0%| F|  |TAMS 0x0000000717800000| PB 0x0000000717800000| Untracked 
| 177|0x0000000717a00000, 0x0000000717a00000, 0x0000000717c00000|  0%| F|  |TAMS 0x0000000717a00000| PB 0x0000000717a00000| Untracked 
| 178|0x0000000717c00000, 0x0000000717c00000, 0x0000000717e00000|  0%| F|  |TAMS 0x0000000717c00000| PB 0x0000000717c00000| Untracked 
| 179|0x0000000717e00000, 0x0000000717e00000, 0x0000000718000000|  0%| F|  |TAMS 0x0000000717e00000| PB 0x0000000717e00000| Untracked 
| 180|0x0000000718000000, 0x0000000718000000, 0x0000000718200000|  0%| F|  |TAMS 0x0000000718000000| PB 0x0000000718000000| Untracked 
| 181|0x0000000718200000, 0x0000000718200000, 0x0000000718400000|  0%| F|  |TAMS 0x0000000718200000| PB 0x0000000718200000| Untracked 
| 182|0x0000000718400000, 0x0000000718400000, 0x0000000718600000|  0%| F|  |TAMS 0x0000000718400000| PB 0x0000000718400000| Untracked 
| 183|0x0000000718600000, 0x0000000718600000, 0x0000000718800000|  0%| F|  |TAMS 0x0000000718600000| PB 0x0000000718600000| Untracked 
| 184|0x0000000718800000, 0x0000000718800000, 0x0000000718a00000|  0%| F|  |TAMS 0x0000000718800000| PB 0x0000000718800000| Untracked 
| 185|0x0000000718a00000, 0x0000000718a00000, 0x0000000718c00000|  0%| F|  |TAMS 0x0000000718a00000| PB 0x0000000718a00000| Untracked 
| 186|0x0000000718c00000, 0x0000000718c00000, 0x0000000718e00000|  0%| F|  |TAMS 0x0000000718c00000| PB 0x0000000718c00000| Untracked 
| 187|0x0000000718e00000, 0x0000000718e00000, 0x0000000719000000|  0%| F|  |TAMS 0x0000000718e00000| PB 0x0000000718e00000| Untracked 
| 188|0x0000000719000000, 0x0000000719000000, 0x0000000719200000|  0%| F|  |TAMS 0x0000000719000000| PB 0x0000000719000000| Untracked 
| 189|0x0000000719200000, 0x0000000719200000, 0x0000000719400000|  0%| F|  |TAMS 0x0000000719200000| PB 0x0000000719200000| Untracked 
| 190|0x0000000719400000, 0x0000000719400000, 0x0000000719600000|  0%| F|  |TAMS 0x0000000719400000| PB 0x0000000719400000| Untracked 
| 191|0x0000000719600000, 0x0000000719600000, 0x0000000719800000|  0%| F|  |TAMS 0x0000000719600000| PB 0x0000000719600000| Untracked 
| 192|0x0000000719800000, 0x0000000719800000, 0x0000000719a00000|  0%| F|  |TAMS 0x0000000719800000| PB 0x0000000719800000| Untracked 
| 193|0x0000000719a00000, 0x0000000719a00000, 0x0000000719c00000|  0%| F|  |TAMS 0x0000000719a00000| PB 0x0000000719a00000| Untracked 
| 194|0x0000000719c00000, 0x0000000719c00000, 0x0000000719e00000|  0%| F|  |TAMS 0x0000000719c00000| PB 0x0000000719c00000| Untracked 
| 195|0x0000000719e00000, 0x0000000719e00000, 0x000000071a000000|  0%| F|  |TAMS 0x0000000719e00000| PB 0x0000000719e00000| Untracked 
| 196|0x000000071a000000, 0x000000071a000000, 0x000000071a200000|  0%| F|  |TAMS 0x000000071a000000| PB 0x000000071a000000| Untracked 
| 197|0x000000071a200000, 0x000000071a200000, 0x000000071a400000|  0%| F|  |TAMS 0x000000071a200000| PB 0x000000071a200000| Untracked 
| 198|0x000000071a400000, 0x000000071a400000, 0x000000071a600000|  0%| F|  |TAMS 0x000000071a400000| PB 0x000000071a400000| Untracked 
| 199|0x000000071a600000, 0x000000071a600000, 0x000000071a800000|  0%| F|  |TAMS 0x000000071a600000| PB 0x000000071a600000| Untracked 
| 200|0x000000071a800000, 0x000000071a800000, 0x000000071aa00000|  0%| F|  |TAMS 0x000000071a800000| PB 0x000000071a800000| Untracked 
| 201|0x000000071aa00000, 0x000000071aa00000, 0x000000071ac00000|  0%| F|  |TAMS 0x000000071aa00000| PB 0x000000071aa00000| Untracked 
| 202|0x000000071ac00000, 0x000000071ac00000, 0x000000071ae00000|  0%| F|  |TAMS 0x000000071ac00000| PB 0x000000071ac00000| Untracked 
| 203|0x000000071ae00000, 0x000000071ae00000, 0x000000071b000000|  0%| F|  |TAMS 0x000000071ae00000| PB 0x000000071ae00000| Untracked 
| 204|0x000000071b000000, 0x000000071b000000, 0x000000071b200000|  0%| F|  |TAMS 0x000000071b000000| PB 0x000000071b000000| Untracked 
| 205|0x000000071b200000, 0x000000071b200000, 0x000000071b400000|  0%| F|  |TAMS 0x000000071b200000| PB 0x000000071b200000| Untracked 
| 206|0x000000071b400000, 0x000000071b400000, 0x000000071b600000|  0%| F|  |TAMS 0x000000071b400000| PB 0x000000071b400000| Untracked 
| 207|0x000000071b600000, 0x000000071b600000, 0x000000071b800000|  0%| F|  |TAMS 0x000000071b600000| PB 0x000000071b600000| Untracked 
| 208|0x000000071b800000, 0x000000071b800000, 0x000000071ba00000|  0%| F|  |TAMS 0x000000071b800000| PB 0x000000071b800000| Untracked 
| 209|0x000000071ba00000, 0x000000071ba00000, 0x000000071bc00000|  0%| F|  |TAMS 0x000000071ba00000| PB 0x000000071ba00000| Untracked 
| 210|0x000000071bc00000, 0x000000071bc00000, 0x000000071be00000|  0%| F|  |TAMS 0x000000071bc00000| PB 0x000000071bc00000| Untracked 
| 211|0x000000071be00000, 0x000000071be00000, 0x000000071c000000|  0%| F|  |TAMS 0x000000071be00000| PB 0x000000071be00000| Untracked 
| 212|0x000000071c000000, 0x000000071c000000, 0x000000071c200000|  0%| F|  |TAMS 0x000000071c000000| PB 0x000000071c000000| Untracked 
| 213|0x000000071c200000, 0x000000071c200000, 0x000000071c400000|  0%| F|  |TAMS 0x000000071c200000| PB 0x000000071c200000| Untracked 
| 214|0x000000071c400000, 0x000000071c600000, 0x000000071c600000|100%| O|  |TAMS 0x000000071c400000| PB 0x000000071c400000| Untracked 
| 215|0x000000071c600000, 0x000000071c600000, 0x000000071c800000|  0%| F|  |TAMS 0x000000071c600000| PB 0x000000071c600000| Untracked 
| 216|0x000000071c800000, 0x000000071c8f27c0, 0x000000071ca00000| 47%| S|CS|TAMS 0x000000071c800000| PB 0x000000071c800000| Complete 
| 217|0x000000071ca00000, 0x000000071ca00000, 0x000000071cc00000|  0%| F|  |TAMS 0x000000071ca00000| PB 0x000000071ca00000| Untracked 
| 218|0x000000071cc00000, 0x000000071cc00000, 0x000000071ce00000|  0%| F|  |TAMS 0x000000071cc00000| PB 0x000000071cc00000| Untracked 
| 219|0x000000071ce00000, 0x000000071ce00000, 0x000000071d000000|  0%| F|  |TAMS 0x000000071ce00000| PB 0x000000071ce00000| Untracked 
| 220|0x000000071d000000, 0x000000071d000000, 0x000000071d200000|  0%| F|  |TAMS 0x000000071d000000| PB 0x000000071d000000| Untracked 
| 221|0x000000071d200000, 0x000000071d200000, 0x000000071d400000|  0%| F|  |TAMS 0x000000071d200000| PB 0x000000071d200000| Untracked 
| 222|0x000000071d400000, 0x000000071d400000, 0x000000071d600000|  0%| F|  |TAMS 0x000000071d400000| PB 0x000000071d400000| Untracked 
| 223|0x000000071d600000, 0x000000071d600000, 0x000000071d800000|  0%| F|  |TAMS 0x000000071d600000| PB 0x000000071d600000| Untracked 
| 224|0x000000071d800000, 0x000000071d800000, 0x000000071da00000|  0%| F|  |TAMS 0x000000071d800000| PB 0x000000071d800000| Untracked 
| 225|0x000000071da00000, 0x000000071da00000, 0x000000071dc00000|  0%| F|  |TAMS 0x000000071da00000| PB 0x000000071da00000| Untracked 
| 226|0x000000071dc00000, 0x000000071dc00000, 0x000000071de00000|  0%| F|  |TAMS 0x000000071dc00000| PB 0x000000071dc00000| Untracked 
| 227|0x000000071de00000, 0x000000071de00000, 0x000000071e000000|  0%| F|  |TAMS 0x000000071de00000| PB 0x000000071de00000| Untracked 
| 228|0x000000071e000000, 0x000000071e000000, 0x000000071e200000|  0%| F|  |TAMS 0x000000071e000000| PB 0x000000071e000000| Untracked 
| 229|0x000000071e200000, 0x000000071e200000, 0x000000071e400000|  0%| F|  |TAMS 0x000000071e200000| PB 0x000000071e200000| Untracked 
| 230|0x000000071e400000, 0x000000071e400000, 0x000000071e600000|  0%| F|  |TAMS 0x000000071e400000| PB 0x000000071e400000| Untracked 
| 231|0x000000071e600000, 0x000000071e600000, 0x000000071e800000|  0%| F|  |TAMS 0x000000071e600000| PB 0x000000071e600000| Untracked 
| 232|0x000000071e800000, 0x000000071e800000, 0x000000071ea00000|  0%| F|  |TAMS 0x000000071e800000| PB 0x000000071e800000| Untracked 
| 233|0x000000071ea00000, 0x000000071ea00000, 0x000000071ec00000|  0%| F|  |TAMS 0x000000071ea00000| PB 0x000000071ea00000| Untracked 
| 234|0x000000071ec00000, 0x000000071ec00000, 0x000000071ee00000|  0%| F|  |TAMS 0x000000071ec00000| PB 0x000000071ec00000| Untracked 
| 235|0x000000071ee00000, 0x000000071ee00000, 0x000000071f000000|  0%| F|  |TAMS 0x000000071ee00000| PB 0x000000071ee00000| Untracked 
| 236|0x000000071f000000, 0x000000071f000000, 0x000000071f200000|  0%| F|  |TAMS 0x000000071f000000| PB 0x000000071f000000| Untracked 
| 237|0x000000071f200000, 0x000000071f200000, 0x000000071f400000|  0%| F|  |TAMS 0x000000071f200000| PB 0x000000071f200000| Untracked 
| 238|0x000000071f400000, 0x000000071f400000, 0x000000071f600000|  0%| F|  |TAMS 0x000000071f400000| PB 0x000000071f400000| Untracked 
| 239|0x000000071f600000, 0x000000071f600000, 0x000000071f800000|  0%| F|  |TAMS 0x000000071f600000| PB 0x000000071f600000| Untracked 
| 240|0x000000071f800000, 0x000000071f800000, 0x000000071fa00000|  0%| F|  |TAMS 0x000000071f800000| PB 0x000000071f800000| Untracked 
| 241|0x000000071fa00000, 0x000000071fa00000, 0x000000071fc00000|  0%| F|  |TAMS 0x000000071fa00000| PB 0x000000071fa00000| Untracked 
| 242|0x000000071fc00000, 0x000000071fc00000, 0x000000071fe00000|  0%| F|  |TAMS 0x000000071fc00000| PB 0x000000071fc00000| Untracked 
| 243|0x000000071fe00000, 0x000000071fe00000, 0x0000000720000000|  0%| F|  |TAMS 0x000000071fe00000| PB 0x000000071fe00000| Untracked 
| 244|0x0000000720000000, 0x0000000720000000, 0x0000000720200000|  0%| F|  |TAMS 0x0000000720000000| PB 0x0000000720000000| Untracked 
| 245|0x0000000720200000, 0x0000000720200000, 0x0000000720400000|  0%| F|  |TAMS 0x0000000720200000| PB 0x0000000720200000| Untracked 
| 246|0x0000000720400000, 0x0000000720400000, 0x0000000720600000|  0%| F|  |TAMS 0x0000000720400000| PB 0x0000000720400000| Untracked 
| 247|0x0000000720600000, 0x0000000720600000, 0x0000000720800000|  0%| F|  |TAMS 0x0000000720600000| PB 0x0000000720600000| Untracked 
| 248|0x0000000720800000, 0x0000000720800000, 0x0000000720a00000|  0%| F|  |TAMS 0x0000000720800000| PB 0x0000000720800000| Untracked 
| 249|0x0000000720a00000, 0x0000000720a00000, 0x0000000720c00000|  0%| F|  |TAMS 0x0000000720a00000| PB 0x0000000720a00000| Untracked 
| 250|0x0000000720c00000, 0x0000000720c70168, 0x0000000720e00000| 21%| E|  |TAMS 0x0000000720c00000| PB 0x0000000720c00000| Complete 
| 251|0x0000000720e00000, 0x0000000721000000, 0x0000000721000000|100%| E|CS|TAMS 0x0000000720e00000| PB 0x0000000720e00000| Complete 
| 252|0x0000000721000000, 0x0000000721200000, 0x0000000721200000|100%| E|CS|TAMS 0x0000000721000000| PB 0x0000000721000000| Complete 
| 253|0x0000000721200000, 0x0000000721400000, 0x0000000721400000|100%| E|CS|TAMS 0x0000000721200000| PB 0x0000000721200000| Complete 
| 254|0x0000000721400000, 0x0000000721600000, 0x0000000721600000|100%| E|CS|TAMS 0x0000000721400000| PB 0x0000000721400000| Complete 
| 255|0x0000000721600000, 0x0000000721800000, 0x0000000721800000|100%| E|CS|TAMS 0x0000000721600000| PB 0x0000000721600000| Complete 

Card table byte_map: [0x0000013dcd980000,0x0000013dce180000] _byte_map_base: 0x0000013dca174000

Marking Bits: (CMBitMap*) 0x0000013db5d49d80
 Bits: [0x0000013dce180000, 0x0000013dd2120000)

Polling page: 0x0000013dad940000

Metaspace:

Usage:
  Non-class:     81.90 MB used.
      Class:     12.37 MB used.
       Both:     94.27 MB used.

Virtual space:
  Non-class space:      128.00 MB reserved,      82.19 MB ( 64%) committed,  2 nodes.
      Class space:        1.00 GB reserved,      12.75 MB (  1%) committed,  1 nodes.
             Both:        1.12 GB reserved,      94.94 MB (  8%) committed. 

Chunk freelists:
   Non-Class:  13.33 MB
       Class:  3.43 MB
        Both:  16.76 MB

MaxMetaspaceSize: unlimited
CompressedClassSpaceSize: 1.00 GB
Initial GC threshold: 21.00 MB
Current GC threshold: 158.25 MB
CDS: on
 - commit_granule_bytes: 65536.
 - commit_granule_words: 8192.
 - virtual_space_node_default_size: 8388608.
 - enlarge_chunks_in_place: 1.
 - use_allocation_guard: 0.


Internal statistics:

num_allocs_failed_limit: 12.
num_arena_births: 1486.
num_arena_deaths: 694.
num_vsnodes_births: 3.
num_vsnodes_deaths: 0.
num_space_committed: 1512.
num_space_uncommitted: 0.
num_chunks_returned_to_freelist: 871.
num_chunks_taken_from_freelist: 4565.
num_chunk_merges: 238.
num_chunk_splits: 2873.
num_chunks_enlarged: 2006.
num_inconsistent_stats: 0.

CodeHeap 'non-profiled nmethods': size=119168Kb used=26679Kb max_used=27338Kb free=92488Kb
 bounds [0x0000013dc6520000, 0x0000013dc8080000, 0x0000013dcd980000]
CodeHeap 'profiled nmethods': size=119104Kb used=14747Kb max_used=35737Kb free=104356Kb
 bounds [0x0000013dbe980000, 0x0000013dc0c70000, 0x0000013dc5dd0000]
CodeHeap 'non-nmethods': size=7488Kb used=2270Kb max_used=4047Kb free=5218Kb
 bounds [0x0000013dc5dd0000, 0x0000013dc61d0000, 0x0000013dc6520000]
 total_blobs=9916 nmethods=8724 adapters=1089
 compilation: enabled
              stopped_count=0, restarted_count=0
 full_count=0

Compilation events (20 events):
Event: 24158.776 Thread 0x0000013db5f3fef0 68785       1       java.awt.geom.Rectangle2D$Double::getX (5 bytes)
Event: 24158.776 Thread 0x0000013db5f3fef0 nmethod 68785 0x0000013dc69b5690 code [0x0000013dc69b5820, 0x0000013dc69b58e8]
Event: 24158.776 Thread 0x0000013db5f3fef0 68786       1       java.awt.geom.Rectangle2D$Double::getY (5 bytes)
Event: 24158.776 Thread 0x0000013db5f3fef0 nmethod 68786 0x0000013dc6a34690 code [0x0000013dc6a34820, 0x0000013dc6a348e8]
Event: 24159.208 Thread 0x0000013db5f3fef0 68787       3       java.awt.dnd.DropTarget::clearAutoscroll (20 bytes)
Event: 24159.209 Thread 0x0000013db5f3fef0 nmethod 68787 0x0000013dbfad8390 code [0x0000013dbfad8540, 0x0000013dbfad87f8]
Event: 24159.209 Thread 0x0000013db5f3d620 68788       4       ui.utils.swing.O::s (94 bytes)
Event: 24159.219 Thread 0x0000013db5f3d620 nmethod 68788 0x0000013dc7303b90 code [0x0000013dc7303ea0, 0x0000013dc7305408]
Event: 24160.680 Thread 0x0000013db5f3d620 68789 %     4       ui.views.h::c @ 13 (68 bytes)
Event: 24160.681 Thread 0x0000013db5f3fef0 68790       3       java.awt.event.WindowAdapter::<init> (5 bytes)
Event: 24160.681 Thread 0x0000013db5f3fef0 nmethod 68790 0x0000013dbfff9710 code [0x0000013dbfff98c0, 0x0000013dbfff9a28]
Event: 24160.684 Thread 0x0000013db5f3d620 nmethod 68789% 0x0000013dc6a8e710 code [0x0000013dc6a8e8e0, 0x0000013dc6a8ef60]
Event: 24160.695 Thread 0x0000013db5f3d620 68791       4       java.util.IdentityHashMap$IdentityHashMapIterator::hasNext (50 bytes)
Event: 24160.695 Thread 0x0000013db5f3fef0 68792       3       de.javasoft.plaf.synthetica.painter.ButtonPainter::isToolBarButton (34 bytes)
Event: 24160.696 Thread 0x0000013db5f3fef0 nmethod 68792 0x0000013dc07cd790 code [0x0000013dc07cd960, 0x0000013dc07cde58]
Event: 24160.696 Thread 0x0000013db5f3fef0 68793       3       javax.swing.CompareTabOrderComparator::compare (25 bytes)
Event: 24160.696 Thread 0x0000013db5f3fef0 nmethod 68793 0x0000013dc0904b90 code [0x0000013dc0904d60, 0x0000013dc09050d8]
Event: 24160.696 Thread 0x0000013db5f3d620 nmethod 68791 0x0000013dc6a5de90 code [0x0000013dc6a5e020, 0x0000013dc6a5e210]
Event: 24161.246 Thread 0x0000013db5f3fef0 68794       3       ui.views.waveform.d.e::actionPerformed (12 bytes)
Event: 24161.246 Thread 0x0000013db5f3fef0 nmethod 68794 0x0000013dc00aad10 code [0x0000013dc00aaec0, 0x0000013dc00ab028]

GC Heap History (20 events):
Event: 24085.305 GC heap before
{Heap before GC invocations=1104 (full 268):
 garbage-first heap   total 524288K, used 253539K [0x0000000701800000, 0x0000000800000000)
  region size 2048K, 40 young (81920K), 1 survivors (2048K)
 Metaspace       used 96508K, committed 97216K, reserved 1179648K
  class space    used 12664K, committed 13056K, reserved 1048576K
}
Event: 24085.308 GC heap after
{Heap after GC invocations=1105 (full 268):
 garbage-first heap   total 524288K, used 173832K [0x0000000701800000, 0x0000000800000000)
  region size 2048K, 1 young (2048K), 1 survivors (2048K)
 Metaspace       used 96508K, committed 97216K, reserved 1179648K
  class space    used 12664K, committed 13056K, reserved 1048576K
}
Event: 24094.922 GC heap before
{Heap before GC invocations=1105 (full 268):
 garbage-first heap   total 524288K, used 253704K [0x0000000701800000, 0x0000000800000000)
  region size 2048K, 41 young (83968K), 1 survivors (2048K)
 Metaspace       used 96508K, committed 97216K, reserved 1179648K
  class space    used 12664K, committed 13056K, reserved 1048576K
}
Event: 24094.924 GC heap after
{Heap after GC invocations=1106 (full 268):
 garbage-first heap   total 524288K, used 173871K [0x0000000701800000, 0x0000000800000000)
  region size 2048K, 1 young (2048K), 1 survivors (2048K)
 Metaspace       used 96508K, committed 97216K, reserved 1179648K
  class space    used 12664K, committed 13056K, reserved 1048576K
}
Event: 24098.973 GC heap before
{Heap before GC invocations=1106 (full 268):
 garbage-first heap   total 524288K, used 253743K [0x0000000701800000, 0x0000000800000000)
  region size 2048K, 40 young (81920K), 1 survivors (2048K)
 Metaspace       used 96508K, committed 97216K, reserved 1179648K
  class space    used 12664K, committed 13056K, reserved 1048576K
}
Event: 24098.976 GC heap after
{Heap after GC invocations=1107 (full 268):
 garbage-first heap   total 524288K, used 174152K [0x0000000701800000, 0x0000000800000000)
  region size 2048K, 1 young (2048K), 1 survivors (2048K)
 Metaspace       used 96508K, committed 97216K, reserved 1179648K
  class space    used 12664K, committed 13056K, reserved 1048576K
}
Event: 24104.535 GC heap before
{Heap before GC invocations=1107 (full 268):
 garbage-first heap   total 524288K, used 251976K [0x0000000701800000, 0x0000000800000000)
  region size 2048K, 40 young (81920K), 1 survivors (2048K)
 Metaspace       used 96509K, committed 97216K, reserved 1179648K
  class space    used 12664K, committed 13056K, reserved 1048576K
}
Event: 24104.592 GC heap after
{Heap after GC invocations=1108 (full 269):
 garbage-first heap   total 524288K, used 173051K [0x0000000701800000, 0x0000000800000000)
  region size 2048K, 0 young (0K), 0 survivors (0K)
 Metaspace       used 96509K, committed 97216K, reserved 1179648K
  class space    used 12664K, committed 13056K, reserved 1048576K
}
Event: 24118.357 GC heap before
{Heap before GC invocations=1108 (full 269):
 garbage-first heap   total 524288K, used 283643K [0x0000000701800000, 0x0000000800000000)
  region size 2048K, 40 young (81920K), 0 survivors (0K)
 Metaspace       used 96514K, committed 97216K, reserved 1179648K
  class space    used 12664K, committed 13056K, reserved 1048576K
}
Event: 24118.359 GC heap after
{Heap after GC invocations=1109 (full 269):
 garbage-first heap   total 524288K, used 202331K [0x0000000701800000, 0x0000000800000000)
  region size 2048K, 1 young (2048K), 1 survivors (2048K)
 Metaspace       used 96514K, committed 97216K, reserved 1179648K
  class space    used 12664K, committed 13056K, reserved 1048576K
}
Event: 24127.029 GC heap before
{Heap before GC invocations=1109 (full 269):
 garbage-first heap   total 524288K, used 282203K [0x0000000701800000, 0x0000000800000000)
  region size 2048K, 40 young (81920K), 1 survivors (2048K)
 Metaspace       used 96514K, committed 97216K, reserved 1179648K
  class space    used 12664K, committed 13056K, reserved 1048576K
}
Event: 24127.031 GC heap after
{Heap after GC invocations=1110 (full 269):
 garbage-first heap   total 524288K, used 188041K [0x0000000701800000, 0x0000000800000000)
  region size 2048K, 1 young (2048K), 1 survivors (2048K)
 Metaspace       used 96514K, committed 97216K, reserved 1179648K
  class space    used 12664K, committed 13056K, reserved 1048576K
}
Event: 24150.746 GC heap before
{Heap before GC invocations=1110 (full 269):
 garbage-first heap   total 524288K, used 267913K [0x0000000701800000, 0x0000000800000000)
  region size 2048K, 41 young (83968K), 1 survivors (2048K)
 Metaspace       used 96518K, committed 97216K, reserved 1179648K
  class space    used 12664K, committed 13056K, reserved 1048576K
}
Event: 24150.748 GC heap after
{Heap after GC invocations=1111 (full 269):
 garbage-first heap   total 524288K, used 188048K [0x0000000701800000, 0x0000000800000000)
  region size 2048K, 1 young (2048K), 1 survivors (2048K)
 Metaspace       used 96518K, committed 97216K, reserved 1179648K
  class space    used 12664K, committed 13056K, reserved 1048576K
}
Event: 24153.458 GC heap before
{Heap before GC invocations=1111 (full 269):
 garbage-first heap   total 524288K, used 267920K [0x0000000701800000, 0x0000000800000000)
  region size 2048K, 40 young (81920K), 1 survivors (2048K)
 Metaspace       used 96518K, committed 97216K, reserved 1179648K
  class space    used 12664K, committed 13056K, reserved 1048576K
}
Event: 24153.461 GC heap after
{Heap after GC invocations=1112 (full 269):
 garbage-first heap   total 524288K, used 188821K [0x0000000701800000, 0x0000000800000000)
  region size 2048K, 1 young (2048K), 1 survivors (2048K)
 Metaspace       used 96518K, committed 97216K, reserved 1179648K
  class space    used 12664K, committed 13056K, reserved 1048576K
}
Event: 24157.441 GC heap before
{Heap before GC invocations=1112 (full 269):
 garbage-first heap   total 524288K, used 268693K [0x0000000701800000, 0x0000000800000000)
  region size 2048K, 40 young (81920K), 1 survivors (2048K)
 Metaspace       used 96532K, committed 97216K, reserved 1179648K
  class space    used 12664K, committed 13056K, reserved 1048576K
}
Event: 24157.444 GC heap after
{Heap after GC invocations=1113 (full 269):
 garbage-first heap   total 524288K, used 188528K [0x0000000701800000, 0x0000000800000000)
  region size 2048K, 1 young (2048K), 1 survivors (2048K)
 Metaspace       used 96532K, committed 97216K, reserved 1179648K
  class space    used 12664K, committed 13056K, reserved 1048576K
}
Event: 24160.058 GC heap before
{Heap before GC invocations=1113 (full 269):
 garbage-first heap   total 524288K, used 268400K [0x0000000701800000, 0x0000000800000000)
  region size 2048K, 40 young (81920K), 1 survivors (2048K)
 Metaspace       used 96533K, committed 97216K, reserved 1179648K
  class space    used 12664K, committed 13056K, reserved 1048576K
}
Event: 24160.060 GC heap after
{Heap after GC invocations=1114 (full 269):
 garbage-first heap   total 524288K, used 188357K [0x0000000701800000, 0x0000000800000000)
  region size 2048K, 1 young (2048K), 1 survivors (2048K)
 Metaspace       used 96533K, committed 97216K, reserved 1179648K
  class space    used 12664K, committed 13056K, reserved 1048576K
}

Dll operation events (20 events):
Event: 5.001 Loaded shared library E:\Vivado\2024.2\lib\win64.o\xv_labtoolstasks.dll
Event: 5.031 Loaded shared library E:\Vivado\2024.2\lib\win64.o\xv_simtcltasks.dll
Event: 5.096 Loaded shared library E:\Vivado\2024.2\lib\win64.o\xv_ipservicestasks.dll
Event: 5.097 Loaded shared library E:\Vivado\2024.2\lib\win64.o\xv_vivadotasks.dll
Event: 5.097 Loaded shared library E:\Vivado\2024.2\lib\win64.o\xv_board.dll
Event: 5.098 Loaded shared library E:\Vivado\2024.2\lib\win64.o\xv_boarddep.dll
Event: 5.098 Loaded shared library E:\Vivado\2024.2\lib\win64.o\xv_boardcommontasks.dll
Event: 5.099 Loaded shared library E:\Vivado\2024.2\lib\win64.o\xv_ptgen.dll
Event: 5.099 Loaded shared library E:\Vivado\2024.2\lib\win64.o\xv_ip.dll
Event: 5.100 Loaded shared library E:\Vivado\2024.2\lib\win64.o\xv_mig.dll
Event: 5.101 Loaded shared library E:\Vivado\2024.2\lib\win64.o\xv_implflow.dll
Event: 5.101 Loaded shared library E:\Vivado\2024.2\lib\win64.o\xv_xhubtasks.dll
Event: 5.167 Loaded shared library E:\Vivado\2024.2\lib\win64.o\xv_iptasks.dll
Event: 5.168 Loaded shared library E:\Vivado\2024.2\lib\win64.o\xv_synth.dll
Event: 6.293 Loaded shared library E:\Vivado\2024.2\tps\win64\jre21.0.1_12\bin\verify.dll
Event: 6.368 Loaded shared library E:\Vivado\2024.2\tps\win64\jre21.0.1_12\bin\freetype.dll
Event: 6.394 Loaded shared library E:\Vivado\2024.2\tps\win64\jre21.0.1_12\bin\fontmanager.dll
Event: 14.484 Loaded shared library E:\Vivado\2024.2\lib\win64.o\xv_xhub.dll
Event: 19.552 Loaded shared library E:\Vivado\2024.2\tps\win64\jre21.0.1_12\bin\management.dll
Event: 19.571 Loaded shared library E:\Vivado\2024.2\tps\win64\jre21.0.1_12\bin\management_ext.dll

Deoptimization events (20 events):
Event: 24030.262 Thread 0x0000013e1af0d500 DEOPT PACKING pc=0x0000013dc67a7b64 sp=0x0000001e2bffde20
Event: 24030.262 Thread 0x0000013e1af0d500 DEOPT UNPACKING pc=0x0000013dc5e246a2 sp=0x0000001e2bffdde0 mode 2
Event: 24030.336 Thread 0x0000013e1af0d500 Uncommon trap: trap_request=0xffffffc6 fr.pc=0x0000013dc67a7b64 relative=0x0000000000000284
Event: 24030.336 Thread 0x0000013e1af0d500 Uncommon trap: reason=bimorphic_or_optimized_type_check action=maybe_recompile pc=0x0000013dc67a7b64 method=java.lang.Throwable.<init>()V @ 24 c2
Event: 24030.336 Thread 0x0000013e1af0d500 DEOPT PACKING pc=0x0000013dc67a7b64 sp=0x0000001e2bffdf00
Event: 24030.336 Thread 0x0000013e1af0d500 DEOPT UNPACKING pc=0x0000013dc5e246a2 sp=0x0000001e2bffdec0 mode 2
Event: 24030.880 Thread 0x0000013e1af0d500 Uncommon trap: trap_request=0xffffffc6 fr.pc=0x0000013dc67a7b64 relative=0x0000000000000284
Event: 24030.880 Thread 0x0000013e1af0d500 Uncommon trap: reason=bimorphic_or_optimized_type_check action=maybe_recompile pc=0x0000013dc67a7b64 method=java.lang.Throwable.<init>()V @ 24 c2
Event: 24030.880 Thread 0x0000013e1af0d500 DEOPT PACKING pc=0x0000013dc67a7b64 sp=0x0000001e2bffdf00
Event: 24030.880 Thread 0x0000013e1af0d500 DEOPT UNPACKING pc=0x0000013dc5e246a2 sp=0x0000001e2bffdec0 mode 2
Event: 24051.386 Thread 0x0000013e1af0d500 DEOPT PACKING pc=0x0000013dbf875fa6 sp=0x0000001e2bffe750
Event: 24051.386 Thread 0x0000013e1af0d500 DEOPT UNPACKING pc=0x0000013dc5e24e42 sp=0x0000001e2bffdbe8 mode 0
Event: 24086.882 Thread 0x0000013e1af0d500 Uncommon trap: trap_request=0xffffff45 fr.pc=0x0000013dc7c0ce48 relative=0x0000000000001f68
Event: 24086.882 Thread 0x0000013e1af0d500 Uncommon trap: reason=unstable_if action=reinterpret pc=0x0000013dc7c0ce48 method=com.jidesoft.editor.CodeEditor.b(III)V @ 20 c2
Event: 24086.882 Thread 0x0000013e1af0d500 DEOPT PACKING pc=0x0000013dc7c0ce48 sp=0x0000001e2bffeb40
Event: 24086.882 Thread 0x0000013e1af0d500 DEOPT UNPACKING pc=0x0000013dc5e246a2 sp=0x0000001e2bffea08 mode 2
Event: 24151.464 Thread 0x0000013e1af0d500 DEOPT PACKING pc=0x0000013dc07bdbcb sp=0x0000001e2bffdf90
Event: 24151.464 Thread 0x0000013e1af0d500 DEOPT UNPACKING pc=0x0000013dc5e24e42 sp=0x0000001e2bffd3f8 mode 0
Event: 24153.456 Thread 0x0000013e1af0d500 DEOPT PACKING pc=0x0000013dbf444a65 sp=0x0000001e2bffe710
Event: 24153.456 Thread 0x0000013e1af0d500 DEOPT UNPACKING pc=0x0000013dc5e24e42 sp=0x0000001e2bffdbe8 mode 0

Classes loaded (20 events):
Event: 22234.529 Loading class sun/nio/fs/AbstractAclFileAttributeView done
Event: 22234.529 Loading class sun/nio/fs/WindowsAclFileAttributeView done
Event: 22234.529 Loading class sun/nio/fs/WindowsLinkSupport
Event: 22234.529 Loading class sun/nio/fs/WindowsLinkSupport done
Event: 22234.530 Loading class sun/nio/fs/WindowsUserPrincipals
Event: 22234.530 Loading class sun/nio/fs/WindowsUserPrincipals done
Event: 22234.530 Loading class sun/nio/fs/WindowsUserPrincipals$User
Event: 22234.530 Loading class java/nio/file/attribute/UserPrincipal
Event: 22234.530 Loading class java/nio/file/attribute/UserPrincipal done
Event: 22234.530 Loading class sun/nio/fs/WindowsUserPrincipals$User done
Event: 22234.531 Loading class sun/nio/fs/WindowsFileAttributeViews$Dos
Event: 22234.532 Loading class sun/nio/fs/WindowsFileAttributeViews$Dos done
Event: 22234.532 Loading class javax/swing/text/html/HTMLWriter
Event: 22234.532 Loading class javax/swing/text/AbstractWriter
Event: 22234.532 Loading class javax/swing/text/AbstractWriter done
Event: 22234.532 Loading class javax/swing/text/html/HTMLWriter done
Event: 22234.532 Loading class javax/swing/text/ElementIterator
Event: 22234.533 Loading class javax/swing/text/ElementIterator done
Event: 22234.533 Loading class javax/swing/text/ElementIterator$StackItem
Event: 22234.533 Loading class javax/swing/text/ElementIterator$StackItem done

Classes unloaded (20 events):
Event: 16116.530 Thread 0x0000013db49929c0 Unloading class 0x0000013dd6bd7400 'java/lang/invoke/LambdaForm$MH+0x0000013dd6bd7400'
Event: 16116.530 Thread 0x0000013db49929c0 Unloading class 0x0000013dd6be8800 'java/lang/invoke/LambdaForm$MH+0x0000013dd6be8800'
Event: 16116.530 Thread 0x0000013db49929c0 Unloading class 0x0000013dd6bf5c00 'java/lang/invoke/LambdaForm$MH+0x0000013dd6bf5c00'
Event: 16116.530 Thread 0x0000013db49929c0 Unloading class 0x0000013dd6bf7400 'java/lang/invoke/LambdaForm$MH+0x0000013dd6bf7400'
Event: 16116.530 Thread 0x0000013db49929c0 Unloading class 0x0000013dd6bf8800 'java/lang/invoke/LambdaForm$MH+0x0000013dd6bf8800'
Event: 16116.530 Thread 0x0000013db49929c0 Unloading class 0x0000013dd6bf9400 'java/lang/invoke/LambdaForm$MH+0x0000013dd6bf9400'
Event: 16116.530 Thread 0x0000013db49929c0 Unloading class 0x0000013dd6bb1000 'java/lang/invoke/LambdaForm$BMH+0x0000013dd6bb1000'
Event: 16261.609 Thread 0x0000013db49929c0 Unloading class 0x0000013dd649d000 'java/lang/invoke/LambdaForm$MH+0x0000013dd649d000'
Event: 16261.609 Thread 0x0000013db49929c0 Unloading class 0x0000013dd649e800 'java/lang/invoke/LambdaForm$MH+0x0000013dd649e800'
Event: 16261.609 Thread 0x0000013db49929c0 Unloading class 0x0000013dd64a0000 'java/lang/invoke/LambdaForm$MH+0x0000013dd64a0000'
Event: 16992.349 Thread 0x0000013db49929c0 Unloading class 0x0000013dd6499800 'java/lang/invoke/LambdaForm$MH+0x0000013dd6499800'
Event: 16992.349 Thread 0x0000013db49929c0 Unloading class 0x0000013dd649a800 'java/lang/invoke/LambdaForm$MH+0x0000013dd649a800'
Event: 16992.349 Thread 0x0000013db49929c0 Unloading class 0x0000013dd6bc1800 'java/lang/invoke/LambdaForm$MH+0x0000013dd6bc1800'
Event: 16992.349 Thread 0x0000013db49929c0 Unloading class 0x0000013dd661c000 'java/lang/invoke/LambdaForm$MH+0x0000013dd661c000'
Event: 19370.500 Thread 0x0000013db49929c0 Unloading class 0x0000013dd6b94400 'java/lang/invoke/LambdaForm$MH+0x0000013dd6b94400'
Event: 19370.500 Thread 0x0000013db49929c0 Unloading class 0x0000013dd6bac400 'java/lang/invoke/LambdaForm$MH+0x0000013dd6bac400'
Event: 19370.500 Thread 0x0000013db49929c0 Unloading class 0x0000013dd6bb0800 'java/lang/invoke/LambdaForm$MH+0x0000013dd6bb0800'
Event: 19370.500 Thread 0x0000013db49929c0 Unloading class 0x0000013dd6c00000 'java/lang/invoke/LambdaForm$MH+0x0000013dd6c00000'
Event: 19370.500 Thread 0x0000013db49929c0 Unloading class 0x0000013dd600f400 'java/lang/invoke/LambdaForm$MH+0x0000013dd600f400'
Event: 19370.500 Thread 0x0000013db49929c0 Unloading class 0x0000013dd6010000 'java/lang/invoke/LambdaForm$MH+0x0000013dd6010000'

Classes redefined (0 events):
No events

Internal exceptions (20 events):
Event: 24112.580 Thread 0x0000013e1af0d500 Exception <a 'java/io/FileNotFoundException'{0x000000071ee8c818}> (0x000000071ee8c818) 
thrown [s\src\hotspot\share\prims\jni.cpp, line 520]
Event: 24117.015 Thread 0x0000013e1af0d500 Exception <a 'java/io/FileNotFoundException'{0x000000071e485e70}> (0x000000071e485e70) 
thrown [s\src\hotspot\share\prims\jni.cpp, line 520]
Event: 24117.580 Thread 0x0000013e1af0d500 Exception <a 'java/io/FileNotFoundException'{0x000000071d8e9790}> (0x000000071d8e9790) 
thrown [s\src\hotspot\share\prims\jni.cpp, line 520]
Event: 24122.015 Thread 0x0000013e1af0d500 Exception <a 'java/io/FileNotFoundException'{0x000000071df96a98}> (0x000000071df96a98) 
thrown [s\src\hotspot\share\prims\jni.cpp, line 520]
Event: 24122.582 Thread 0x0000013e1af0d500 Exception <a 'java/io/FileNotFoundException'{0x000000071dfc4010}> (0x000000071dfc4010) 
thrown [s\src\hotspot\share\prims\jni.cpp, line 520]
Event: 24127.020 Thread 0x0000013e1af0d500 Exception <a 'java/io/FileNotFoundException'{0x000000071cb42138}> (0x000000071cb42138) 
thrown [s\src\hotspot\share\prims\jni.cpp, line 520]
Event: 24127.587 Thread 0x0000013e1af0d500 Exception <a 'java/io/FileNotFoundException'{0x00000007210641a0}> (0x00000007210641a0) 
thrown [s\src\hotspot\share\prims\jni.cpp, line 520]
Event: 24132.018 Thread 0x0000013e1af0d500 Exception <a 'java/io/FileNotFoundException'{0x0000000720108c00}> (0x0000000720108c00) 
thrown [s\src\hotspot\share\prims\jni.cpp, line 520]
Event: 24132.583 Thread 0x0000013e1af0d500 Exception <a 'java/io/FileNotFoundException'{0x000000071fe88608}> (0x000000071fe88608) 
thrown [s\src\hotspot\share\prims\jni.cpp, line 520]
Event: 24137.019 Thread 0x0000013e1af0d500 Exception <a 'java/io/FileNotFoundException'{0x000000071f496760}> (0x000000071f496760) 
thrown [s\src\hotspot\share\prims\jni.cpp, line 520]
Event: 24137.584 Thread 0x0000013e1af0d500 Exception <a 'java/io/FileNotFoundException'{0x000000071f33d1c8}> (0x000000071f33d1c8) 
thrown [s\src\hotspot\share\prims\jni.cpp, line 520]
Event: 24142.021 Thread 0x0000013e1af0d500 Exception <a 'java/io/FileNotFoundException'{0x000000071ebaba08}> (0x000000071ebaba08) 
thrown [s\src\hotspot\share\prims\jni.cpp, line 520]
Event: 24142.585 Thread 0x0000013e1af0d500 Exception <a 'java/io/FileNotFoundException'{0x000000071ebcaa50}> (0x000000071ebcaa50) 
thrown [s\src\hotspot\share\prims\jni.cpp, line 520]
Event: 24147.022 Thread 0x0000013e1af0d500 Exception <a 'java/io/FileNotFoundException'{0x000000071e0f5550}> (0x000000071e0f5550) 
thrown [s\src\hotspot\share\prims\jni.cpp, line 520]
Event: 24147.585 Thread 0x0000013e1af0d500 Exception <a 'java/io/FileNotFoundException'{0x000000071de5e110}> (0x000000071de5e110) 
thrown [s\src\hotspot\share\prims\jni.cpp, line 520]
Event: 24150.437 Thread 0x0000013e45813b00 Exception <a 'java/lang/InterruptedException'{0x000000071cd227e0}: sleep interrupted> (0x000000071cd227e0) 
thrown [s\src\hotspot\share\prims\jvm.cpp, line 3074]
Event: 24152.024 Thread 0x0000013e1af0d500 Exception <a 'java/io/FileNotFoundException'{0x000000071f1b37b0}> (0x000000071f1b37b0) 
thrown [s\src\hotspot\share\prims\jni.cpp, line 520]
Event: 24152.586 Thread 0x0000013e1af0d500 Exception <a 'java/io/FileNotFoundException'{0x000000071e57c950}> (0x000000071e57c950) 
thrown [s\src\hotspot\share\prims\jni.cpp, line 520]
Event: 24157.031 Thread 0x0000013e1af0d500 Exception <a 'java/io/FileNotFoundException'{0x000000071d32da38}> (0x000000071d32da38) 
thrown [s\src\hotspot\share\prims\jni.cpp, line 520]
Event: 24157.587 Thread 0x0000013e1af0d500 Exception <a 'java/io/FileNotFoundException'{0x0000000720a7bab8}> (0x0000000720a7bab8) 
thrown [s\src\hotspot\share\prims\jni.cpp, line 520]

ZGC Phase Switch (0 events):
No events

VM Operations (20 events):
Event: 24148.037 Executing VM operation: Cleanup
Event: 24148.037 Executing VM operation: Cleanup done
Event: 24150.745 Executing VM operation: G1CollectForAllocation (G1 Evacuation Pause)
Event: 24150.745 Executing VM operation: G1CollectForAllocation (G1 Evacuation Pause) done
Event: 24150.746 Executing VM operation: G1CollectForAllocation (GCLocker Initiated GC)
Event: 24150.748 Executing VM operation: G1CollectForAllocation (GCLocker Initiated GC) done
Event: 24151.748 Executing VM operation: Cleanup
Event: 24151.748 Executing VM operation: Cleanup done
Event: 24153.458 Executing VM operation: G1CollectForAllocation (G1 Evacuation Pause)
Event: 24153.461 Executing VM operation: G1CollectForAllocation (G1 Evacuation Pause) done
Event: 24155.462 Executing VM operation: Cleanup
Event: 24155.462 Executing VM operation: Cleanup done
Event: 24157.441 Executing VM operation: G1CollectForAllocation (G1 Evacuation Pause)
Event: 24157.444 Executing VM operation: G1CollectForAllocation (G1 Evacuation Pause) done
Event: 24158.445 Executing VM operation: Cleanup
Event: 24158.445 Executing VM operation: Cleanup done
Event: 24159.445 Executing VM operation: Cleanup
Event: 24159.445 Executing VM operation: Cleanup done
Event: 24160.058 Executing VM operation: G1CollectForAllocation (G1 Evacuation Pause)
Event: 24160.060 Executing VM operation: G1CollectForAllocation (G1 Evacuation Pause) done

Events (20 events):
Event: 24154.442 Thread 0x0000013e45816260 Thread exited: 0x0000013e45816260
Event: 24155.436 Thread 0x0000013e45813470 Thread added: 0x0000013e45813470
Event: 24155.439 Thread 0x0000013e45813470 Thread exited: 0x0000013e45813470
Event: 24155.544 Thread 0x0000013e3de5e8f0 Thread exited: 0x0000013e3de5e8f0
Event: 24156.437 Thread 0x0000013e458113a0 Thread added: 0x0000013e458113a0
Event: 24156.439 Thread 0x0000013e458113a0 Thread exited: 0x0000013e458113a0
Event: 24157.439 Thread 0x0000013e45816260 Thread added: 0x0000013e45816260
Event: 24157.444 Thread 0x0000013e45816260 Thread exited: 0x0000013e45816260
Event: 24157.445 Thread 0x0000013e3de5cdb0 Thread exited: 0x0000013e3de5cdb0
Event: 24158.364 Thread 0x0000013e458168f0 Thread added: 0x0000013e458168f0
Event: 24158.366 Thread 0x0000013e458168f0 Thread exited: 0x0000013e458168f0
Event: 24158.439 Thread 0x0000013e45814190 Thread added: 0x0000013e45814190
Event: 24158.441 Thread 0x0000013e45814190 Thread exited: 0x0000013e45814190
Event: 24159.209 Thread 0x0000013e45814eb0 Thread added: 0x0000013e45814eb0
Event: 24159.246 Thread 0x0000013e45814eb0 Thread exited: 0x0000013e45814eb0
Event: 24159.440 Thread 0x0000013e45816260 Thread added: 0x0000013e45816260
Event: 24159.442 Thread 0x0000013e45816260 Thread exited: 0x0000013e45816260
Event: 24160.442 Thread 0x0000013e45815bd0 Thread added: 0x0000013e45815bd0
Event: 24160.445 Thread 0x0000013e45815bd0 Thread exited: 0x0000013e45815bd0
Event: 24160.681 Thread 0x0000013e45814190 Thread added: 0x0000013e45814190


Dynamic libraries:
0x00007ff7a9980000 - 0x00007ff7a9988000 	E:\Vivado\2024.2\bin\unwrapped\win64.o\vivado.exe
0x00007ffb54fd0000 - 0x00007ffb551e7000 	C:\windows\SYSTEM32\ntdll.dll
0x00007ffb54a20000 - 0x00007ffb54ae4000 	C:\windows\System32\KERNEL32.DLL
0x00007ffb52230000 - 0x00007ffb52601000 	C:\windows\System32\KERNELBASE.dll
0x00007ffb52610000 - 0x00007ffb52721000 	C:\windows\System32\ucrtbase.dll
0x00007ffb3d580000 - 0x00007ffb3d60d000 	C:\windows\SYSTEM32\MSVCP140.dll
0x00007ffb3b320000 - 0x00007ffb3b33e000 	C:\windows\SYSTEM32\VCRUNTIME140.dll
0x00007ffb3dbb0000 - 0x00007ffb3dbbc000 	C:\windows\SYSTEM32\VCRUNTIME140_1.dll
0x00007ffb052d0000 - 0x00007ffb052f7000 	E:\Vivado\2024.2\lib\win64.o\xv_commonmain.dll
0x00007ffb1cd00000 - 0x00007ffb1cd0c000 	E:\Vivado\2024.2\lib\win64.o\xv_commonversion.dll
0x00007ffab70f0000 - 0x00007ffab733d000 	E:\Vivado\2024.2\lib\win64.o\xv_commonxillic.dll
0x00007ffb53060000 - 0x00007ffb530d1000 	C:\windows\System32\WS2_32.dll
0x00007ffb53560000 - 0x00007ffb53674000 	C:\windows\System32\RPCRT4.dll
0x00007ffb529f0000 - 0x00007ffb52a18000 	C:\windows\System32\bcrypt.dll
0x00007ffb52dc0000 - 0x00007ffb52f71000 	C:\windows\System32\USER32.dll
0x00007ffb52920000 - 0x00007ffb52946000 	C:\windows\System32\win32u.dll
0x00007ffb539a0000 - 0x00007ffb539c9000 	C:\windows\System32\GDI32.dll
0x00007ffb52110000 - 0x00007ffb5222b000 	C:\windows\System32\gdi32full.dll
0x00007ffb52950000 - 0x00007ffb529ea000 	C:\windows\System32\msvcp_win.dll
0x00007ffb54b30000 - 0x00007ffb54be1000 	C:\windows\System32\ADVAPI32.dll
0x00007ffb53b30000 - 0x00007ffb53bd7000 	C:\windows\System32\msvcrt.dll
0x00007ffb52d10000 - 0x00007ffb52db7000 	C:\windows\System32\sechost.dll
0x00007ffafebe0000 - 0x00007ffafec0a000 	E:\Vivado\2024.2\lib\win64.o\boost_filesystem.dll
0x00007ffa92b20000 - 0x00007ffa9418b000 	E:\Vivado\2024.2\lib\win64.o\xv_common.dll
0x00007ffb53ef0000 - 0x00007ffb54778000 	C:\windows\System32\SHELL32.dll
0x00007ffb52b60000 - 0x00007ffb52c9f000 	C:\windows\System32\wintypes.dll
0x00007ffb54c00000 - 0x00007ffb54f90000 	C:\windows\System32\combase.dll
0x00007ffb52a20000 - 0x00007ffb52a92000 	C:\windows\System32\WINTRUST.dll
0x00007ffb0cde0000 - 0x00007ffb0cde9000 	C:\windows\SYSTEM32\WSOCK32.dll
0x00007ffabb860000 - 0x00007ffabba01000 	E:\Vivado\2024.2\lib\win64.o\tcl86t.dll
0x00007ffab4190000 - 0x00007ffab45c0000 	E:\Vivado\2024.2\lib\win64.o\python38.dll
0x00007ffb547c0000 - 0x00007ffb5481e000 	C:\windows\System32\SHLWAPI.dll
0x00007ffab1850000 - 0x00007ffab1b66000 	E:\Vivado\2024.2\lib\win64.o\libXil_lmgr11.dll
0x00007ffb53830000 - 0x00007ffb53932000 	C:\windows\System32\COMDLG32.dll
0x00007ffb54820000 - 0x00007ffb5492a000 	C:\windows\System32\shcore.dll
0x00007ffb52f80000 - 0x00007ffb53057000 	C:\windows\System32\OLEAUT32.dll
0x00007ffb53680000 - 0x00007ffb53821000 	C:\windows\System32\ole32.dll
0x00007ffb52730000 - 0x00007ffb52896000 	C:\windows\System32\CRYPT32.dll
0x00007ffb465c0000 - 0x00007ffb465d9000 	C:\windows\SYSTEM32\NETAPI32.dll
0x00007ffb3d610000 - 0x00007ffb3db0e000 	C:\windows\SYSTEM32\WININET.dll
0x00007ffb49ee0000 - 0x00007ffb4a00c000 	C:\windows\SYSTEM32\WINHTTP.dll
0x00007ffb2d780000 - 0x00007ffb2d975000 	C:\windows\SYSTEM32\urlmon.dll
0x00007ffabc910000 - 0x00007ffabca54000 	E:\Vivado\2024.2\lib\win64.o\boost_regex.dll
0x00007ffafe7f0000 - 0x00007ffafe817000 	E:\Vivado\2024.2\lib\win64.o\boost_thread.dll
0x00007ffb052b0000 - 0x00007ffb052c9000 	E:\Vivado\2024.2\lib\win64.o\boost_date_time.dll
0x00007ffaddbc0000 - 0x00007ffaddbe4000 	E:\Vivado\2024.2\lib\win64.o\xv_isl_sysinfo.dll
0x00007ffabc5d0000 - 0x00007ffabc664000 	E:\Vivado\2024.2\lib\win64.o\boost_program_options.dll
0x00007ffb1caa0000 - 0x00007ffb1cab0000 	E:\Vivado\2024.2\lib\win64.o\xv_boost_xilinx.dll
0x00007ffab13b0000 - 0x00007ffab1850000 	E:\Vivado\2024.2\lib\win64.o\xv_COIN-all.dll
0x00007ffa974a0000 - 0x00007ffa986aaa00 	E:\Vivado\2024.2\lib\win64.o\xv_isl_iostreams.dll
0x00007ffafe880000 - 0x00007ffafe89c000 	E:\Vivado\2024.2\lib\win64.o\librdiconfig.dll
0x00007ffabba80000 - 0x00007ffabbb25000 	E:\Vivado\2024.2\lib\win64.o\libhdxml.dll
0x00007ffa8a5d0000 - 0x00007ffa8c4e7000 	E:\Vivado\2024.2\lib\win64.o\gurobi90.dll
0x00007ffb52ca0000 - 0x00007ffb52d01000 	C:\windows\System32\WLDAP32.dll
0x00007ffb54bf0000 - 0x00007ffb54bf8000 	C:\windows\System32\Normaliz.dll
0x00007ffad57b0000 - 0x00007ffad57ca000 	E:\Vivado\2024.2\lib\win64.o\pthreadVC2.dll
0x00007ffabb200000 - 0x00007ffabb277000 	E:\Vivado\2024.2\lib\win64.o\xv_lmx.dll
0x00007ffac3d80000 - 0x00007ffac3d99000 	E:\Vivado\2024.2\lib\win64.o\librdizlib.dll
0x00007ffabb170000 - 0x00007ffabb1f2000 	E:\Vivado\2024.2\lib\win64.o\libhdlpsolve.dll
0x00007ffac3ac0000 - 0x00007ffac3af0000 	C:\windows\SYSTEM32\VCOMP140.DLL
0x00007ffb51690000 - 0x00007ffb516b8000 	C:\windows\SYSTEM32\USERENV.dll
0x00007ffaba210000 - 0x00007ffaba2c7000 	E:\Vivado\2024.2\lib\win64.o\libzstd.dll
0x00007ffb48a30000 - 0x00007ffb48a3a000 	C:\windows\SYSTEM32\VERSION.dll
0x00007ffb1da80000 - 0x00007ffb1db33000 	C:\windows\WinSxS\amd64_microsoft.windows.common-controls_6595b64144ccf1df_5.82.22621.3527_none_b43b7f4b638cc64f\COMCTL32.dll
0x00007ffb49c10000 - 0x00007ffb49c2f000 	C:\windows\SYSTEM32\dhcpcsvc.DLL
0x00007ffb2d470000 - 0x00007ffb2d72f000 	C:\windows\SYSTEM32\iertutil.dll
0x00007ffb470d0000 - 0x00007ffb470f8000 	C:\windows\SYSTEM32\srvcli.dll
0x00007ffb50b50000 - 0x00007ffb50b5c000 	C:\windows\SYSTEM32\netutils.dll
0x00007ffb50020000 - 0x00007ffb5092d000 	C:\windows\SYSTEM32\windows.storage.dll
0x00007ffabd660000 - 0x00007ffabd68a000 	E:\Vivado\2024.2\lib\win64.o\zlib1.dll
0x00007ffabd640000 - 0x00007ffabd65c000 	E:\Vivado\2024.2\lib\win64.o\xv_isl_iosutils.dll
0x00007ffb46570000 - 0x00007ffb465b4000 	C:\windows\SYSTEM32\LOGONCLI.DLL
0x00007ffb47960000 - 0x00007ffb47979000 	C:\windows\SYSTEM32\SAMCLI.DLL
0x00007ffabd560000 - 0x00007ffabd581000 	E:\Vivado\2024.2\lib\win64.o\boost_iostreams.dll
0x00007ffa9ced0000 - 0x00007ffa9d191000 	E:\Vivado\2024.2\lib\win64.o\xerces-c_3_2.dll
0x00007ffb515f0000 - 0x00007ffb5165a000 	C:\windows\SYSTEM32\MSWSOCK.DLL
0x00007ffb54af0000 - 0x00007ffb54b21000 	C:\windows\System32\IMM32.DLL
0x00007ffb51a10000 - 0x00007ffb51a22000 	C:\windows\SYSTEM32\MSASN1.dll
0x00007ffb519c0000 - 0x00007ffb519db000 	C:\windows\SYSTEM32\CRYPTSP.dll
0x00007ffb510f0000 - 0x00007ffb51127000 	C:\windows\system32\rsaenh.dll
0x00007ffb519a0000 - 0x00007ffb519ac000 	C:\windows\SYSTEM32\CRYPTBASE.dll
0x00007ffb528a0000 - 0x00007ffb5291b000 	C:\windows\System32\bcryptPrimitives.dll
0x00007ffb54780000 - 0x00007ffb5479f000 	C:\windows\System32\imagehlp.dll
0x00007ffb51190000 - 0x00007ffb511a8000 	C:\windows\SYSTEM32\kernel.appcore.dll
0x00007ffb51660000 - 0x00007ffb51686000 	C:\windows\SYSTEM32\gpapi.dll
0x00007ffb489a0000 - 0x00007ffb489d2000 	C:\Windows\System32\cryptnet.dll
0x00007ffb52040000 - 0x00007ffb5206b000 	C:\windows\SYSTEM32\profapi.dll
0x00007ffb50bd0000 - 0x00007ffb50bfd000 	C:\windows\SYSTEM32\IPHLPAPI.DLL
0x00007ffb4dc50000 - 0x00007ffb4dc5d000 	C:\windows\SYSTEM32\WINNSI.DLL
0x00007ffb53be0000 - 0x00007ffb53be9000 	C:\windows\System32\NSI.dll
0x00007ffa9c800000 - 0x00007ffa9cecc000 	E:\Vivado\2024.2\lib\win64.o\xv_commontasks.dll
0x00007ffa89840000 - 0x00007ffa8a5c1000 	E:\Vivado\2024.2\tps\win64\jre21.0.1_12\bin\server\jvm.dll
0x00007ffb518a0000 - 0x00007ffb518ed000 	C:\windows\SYSTEM32\POWRPROF.dll
0x00007ffb49c30000 - 0x00007ffb49c64000 	C:\windows\SYSTEM32\WINMM.dll
0x00007ffa9c0e0000 - 0x00007ffa9c5e0000 	E:\Vivado\2024.2\lib\win64.o\xv_sio.dll
0x00007ffb51880000 - 0x00007ffb51893000 	C:\windows\SYSTEM32\UMPDC.dll
0x00007ffb513f0000 - 0x00007ffb51433000 	C:\windows\SYSTEM32\SspiCli.dll
0x00007ffb27d20000 - 0x00007ffb27d37000 	C:\windows\system32\napinsp.dll
0x00007ffb23a60000 - 0x00007ffb23a7b000 	C:\windows\system32\pnrpnsp.dll
0x00007ffb50c00000 - 0x00007ffb50d02000 	C:\windows\SYSTEM32\DNSAPI.dll
0x00007ffb23a40000 - 0x00007ffb23a51000 	C:\windows\System32\winrnr.dll
0x00007ffb42860000 - 0x00007ffb42875000 	C:\windows\system32\wshbth.dll
0x00007ffb23a10000 - 0x00007ffb23a37000 	C:\windows\system32\nlansp_c.dll
0x00007ffb49790000 - 0x00007ffb497aa000 	C:\windows\SYSTEM32\wkscli.dll
0x00007ffb46a00000 - 0x00007ffb46a12000 	C:\windows\SYSTEM32\cscapi.dll
0x00007ffa83300000 - 0x00007ffa871d5000 	E:\Vivado\2024.2\lib\win64.o\xv_tcltasks.dll
0x00007ffab6890000 - 0x00007ffab6969000 	E:\Vivado\2024.2\lib\win64.o\xv_xhubtasks.dll
0x00007ffa7fc10000 - 0x00007ffa818f8000 	E:\Vivado\2024.2\lib\win64.o\xv_implflow.dll
0x00007ffa88a60000 - 0x00007ffa8983f000 	E:\Vivado\2024.2\lib\win64.o\xv_power.dll
0x00007ffa8d370000 - 0x00007ffa8df6c000 	E:\Vivado\2024.2\lib\win64.o\xv_project.dll
0x00007ffa826a0000 - 0x00007ffa832f4000 	E:\Vivado\2024.2\lib\win64.o\xv_lopt.dll
0x00007ffa6fc20000 - 0x00007ffa7562f000 	E:\Vivado\2024.2\lib\win64.o\xv_route.dll
0x00007ffa87a30000 - 0x00007ffa881f1000 	E:\Vivado\2024.2\lib\win64.o\xv_runs.dll
0x00007ffab4020000 - 0x00007ffab4186000 	E:\Vivado\2024.2\lib\win64.o\xv_chipscope.dll
0x00007ffa7ef60000 - 0x00007ffa7fc0d000 	E:\Vivado\2024.2\lib\win64.o\xv_drc.dll
0x00007ffa7e360000 - 0x00007ffa7ef5e000 	E:\Vivado\2024.2\lib\win64.o\xv_rsb.dll
0x00007ffab5010000 - 0x00007ffab511c000 	E:\Vivado\2024.2\lib\win64.o\xv_dsp.dll
0x00007ffa6d040000 - 0x00007ffa6fc1a000 	E:\Vivado\2024.2\lib\win64.o\xv_mig.dll
0x00007ffa9d310000 - 0x00007ffa9d595000 	E:\Vivado\2024.2\lib\win64.o\xv_chipscopeimpl.dll
0x00007ffa676d0000 - 0x00007ffa6d035000 	E:\Vivado\2024.2\lib\win64.o\xv_place.dll
0x00007ffa96640000 - 0x00007ffa96ad7000 	E:\Vivado\2024.2\lib\win64.o\xv_dlyest.dll
0x00007ffa7dca0000 - 0x00007ffa7e35f000 	E:\Vivado\2024.2\lib\win64.o\xv_memdata.dll
0x00007ffa7c3a0000 - 0x00007ffa7dc99000 	E:\Vivado\2024.2\lib\win64.o\xv_timing.dll
0x00007ffab6470000 - 0x00007ffab64e9000 	E:\Vivado\2024.2\lib\win64.o\xv_pfi.dll
0x00007ffa669d0000 - 0x00007ffa66f98000 	E:\Vivado\2024.2\lib\win64.o\xv_bitstream.dll
0x00007ffab4e50000 - 0x00007ffab4eef000 	E:\Vivado\2024.2\lib\win64.o\xv_boarddep.dll
0x00007ffa63970000 - 0x00007ffa66511000 	E:\Vivado\2024.2\lib\win64.o\xv_designutils.dll
0x00007ffa62ef0000 - 0x00007ffa63443000 	E:\Vivado\2024.2\lib\win64.o\xv_platform.dll

dbghelp: loaded successfully - version: 4.0.5 - missing functions: none
symbol engine: initialized successfully - sym options: 0x614 - pdb path: .;E:\Vivado\2024.2\bin\unwrapped\win64.o;C:\windows\SYSTEM32;E:\Vivado\2024.2\lib\win64.o;C:\windows\WinSxS\amd64_microsoft.windows.common-controls_6595b64144ccf1df_5.82.22621.3527_none_b43b7f4b638cc64f;E:\Vivado\2024.2\tps\win64\jre21.0.1_12\bin\server;E:\Vivado\2024.2\tps\win64\jre21.0.1_12\bin;C:\windows\WinSxS\amd64_microsoft.windows.common-controls_6595b64144ccf1df_6.0.22621.4830_none_270fe7d773858e80;C:\windows\WinSxS\amd64_microsoft.windows.gdiplus_6595b64144ccf1df_1.1.22621.4830_none_57fadabcce18084e

VM Arguments:
jvm_args: -Dsun.java2d.pmoffscreen=false -Dhttps.protocols=TLSv1,TLSv1.1,TLSv1.2 -Dsun.java2d.xrender=false -Dsun.java2d.d3d=false -Dsun.awt.nopixfmt=true -Dsun.java2d.dpiaware=true -Dsun.java2d.uiScale.enabled=false -Dswing.aatext=true -XX:-UsePerfData -Djdk.map.althashing.threshold=512 -XX:StringTableSize=4072 -XX:+UseStringDeduplication -XX:MaxGCPauseMillis=200 -XX:ParallelGCThreads=4 -XX:+ParallelRefProcEnabled --add-opens=java.desktop/javax.swing.plaf.synth=ALL-UNNAMED --add-opens=java.base/java.nio=ALL-UNNAMED --add-opens=java.desktop/sun.swing=ALL-UNNAMED --add-opens=java.desktop/javax.swing=ALL-UNNAMED --add-opens=java.desktop/javax.swing.tree=ALL-UNNAMED --add-opens=java.desktop/javax.swing.plaf.basic=ALL-UNNAMED --add-opens=java.desktop/javax.swing.plaf.synth=ALL-UNNAMED --add-opens=java.desktop/javax.swing.plaf.basic=ALL-UNNAMED --add-opens=java.desktop/javax.swing=ALL-UNNAMED --add-opens=java.desktop/javax.swing.tree=ALL-UNNAMED --add-opens=java.desktop/java.awt.event=ALL-UNNAMED --add-exports=java.desktop/javax.swing.plaf.synth=ALL-UNNAMED --add-exports=java.base/java.nio=ALL-UNNAMED --add-exports=java.desktop/sun.swing=ALL-UNNAMED --add-exports=java.desktop/javax.swing=ALL-UNNAMED --add-exports=java.desktop/javax.swing.tree=ALL-UNNAMED --add-exports=java.desktop/javax.swing.plaf.basic=ALL-UNNAMED --add-exports=java.desktop/sun.swing=ALL-UNNAMED --add-exports=java.desktop/sun.swing.table=ALL-UNNAMED --add-exports=java.desktop/sun.swing.plaf.synth=ALL-UNNAMED --add-exports=java.desktop/sun.awt.shell=ALL-UNNAMED --add-exports=java.base/sun.security.action=ALL-UNNAMED --add-exports=java.desktop/sun.font=ALL-UNNAMED -XX:NewSize=80m -XX:MaxNewSize=80m -Xms512m -Xmx4072m -Xss10m 
java_command: <unknown>
java_class_path (initial): E:/Vivado/2024.2\lib\classes\apiguardian-api-1.1.0.jar;E:/Vivado/2024.2\lib\classes\asm-9.6-11.0.11-3.jar;E:/Vivado/2024.2\lib\classes\asm-analysis-9.6-11.0.11-3.jar;E:/Vivado/2024.2\lib\classes\asm-commons-9.6-11.0.11-3.jar;E:/Vivado/2024.2\lib\classes\asm-tree-9.6-11.0.11-3.jar;E:/Vivado/2024.2\lib\classes\autoesl-models-1.0.0-3.jar;E:/Vivado/2024.2\lib\classes\batik-anim-1.0.0-3.jar;E:/Vivado/2024.2\lib\classes\batik-awt-util-1.0.0-3.jar;E:/Vivado/2024.2\lib\classes\batik-bridge-1.0.0-3.jar;E:/Vivado/2024.2\lib\classes\batik-codec-1.0.0-3.jar;E:/Vivado/2024.2\lib\classes\batik-constants-1.0.0-3.jar;E:/Vivado/2024.2\lib\classes\batik-css-1.0.0-3.jar;E:/Vivado/2024.2\lib\classes\batik-dom-1.0.0-3.jar;E:/Vivado/2024.2\lib\classes\batik-ext-1.0.0-3.jar;E:/Vivado/2024.2\lib\classes\batik-gui-util-1.0.0-3.jar;E:/Vivado/2024.2\lib\classes\batik-gvt-1.0.0-3.jar;E:/Vivado/2024.2\lib\classes\batik-i18n-1.0.0-3.jar;E:/Vivado/2024.2\lib\classes\batik-parser-1.0.0-3.jar;E:/Vivado/2024.2\lib\classes\batik-script-1.0.0-3.jar;E:/Vivado/2024.2\lib\classes\batik-svg-dom-1.0.0-3.jar;E:/Vivado/2024.2\lib\classes\batik-svggen-1.0.0-3.jar;E:/Vivado/2024.2\lib\classes\batik-swing-1.0.0-3.jar;E:/Vivado/2024.2\lib\classes\batik-transcoder-1.0.0-3.jar;E:/Vivado/2024.2\lib\classes\batik-util-1.0.0-3.jar;E:/Vivado/2024.2\lib\classes\batik-xml-1.0.0-3.jar;E:/Vivado/2024.2\lib\classes\checker-qual-3.12.0.jar;E:/Vivado/2024.2\lib\classes\com.fasterxml.jackson.core.jackson-annotations_2.12.1.v20210128-1726-1.0.0-3.jar;E:/Vivado/2024.2\lib\classes\com.fasterxml.jackson.core.jackson-annotations_2.12.1.v20210128-1726-1.5.0-3.jar;E:/Vivado/2024.2\lib\classes\com.fasterxml.jackson.core.jackson-core_2.12.1.v20210128-1726-1.0.0-3.jar;E:/Vivado/2024.2\lib\classes\com.fasterxml.jackson.core.jackson-core_2.12.1.v20210128-1726-1.5.0-3.jar;E:/Vivado/2024.2\lib\classes\com.fasterxml.jackson.core.jackson-databind_2.12.1.v20210128-1726-1.0.0-3.jar;E:/Vivado/2024.2\lib\classes\com.fasterxml.jackson.core.jackson-databind_2.12.1.v20210128-1726-1.5.0-3.jar;E:/Vivado/2024.2\lib\classes\com.google.gson_2.8.9.v20220111-1409-1.5.0-3.jar;E:/Vivado/2024.2\lib\classes\com.google.guava_30.1.0.v20210127-2300-1.5.0-3.jar;E:/Vivado/2024.2\lib\classes\com.sigasi.hdt.connection_4.17.2.202304211001-1.5.0-3.jar;E:/Vivado/2024.2\lib\classes\com.sigasi.hdt.epl_4.17.2.202304211001-1.5.0-3.jar;E:/Vivado/2024.2\lib\classes\com.sigasi.hdt.project_4.17.2.202304211001-1.5.0-3.jar;E:/Vivado/2024.2\lib\classes\com.sigasi.hdt.readonlyfilesystem_4.17.2.202304211001-1.5.0-3.jar;E:/Vivado/2024.2\lib\classes\com.sigasi.hdt.shared_4.17.2.202304211001-1.5.0-3.jar;E:/Vivado/2024.2\lib\classes\com.sigasi.lcm_4.17.2.202304211001-1.5.0-3.jar;E:/Vivado/2024.2\lib\classes\com.sigasi.lsp.server.extensions_4.17.2.202304211001-1.5.0-3.jar;E:/Vivado/2024.2\lib\classes\com.sigasi.sdk.client_1.5.0.202304211001-1.5.0-3.jar;E:/Vivado/2024.2\lib\classes\commons-collections4-4.1-3.7.8-3.jar;E:/Vivado/2024.2\lib\classes\commons-compress-1.21-3.7.8-3.jar;E:/Vivado/2024.2\lib\classes\commons-io-2.15.0-11.0.11-3.jar;E:/Vivado/2024.2\lib\classes\commons-io-2.6.jar;E:/Vivado/2024.2\lib\classes\commons-lang3-3.14.0-11.0.11-3.jar;E:/Vivado/2024.2\lib\classes\commons-math-2.2-3.7.8-3.jar;E:/Vivado/2024.2\lib\classes\DispatchProtocol-1.24.0-151.jar;E:/Vivado/2024.2\lib\classes\dom4j-1.6.1-3.7.8-3.jar;E:/Vivado/2024.2\lib\classes\error_prone_annotations-2.11.0.jar;E:/Vivado/2024.2\lib\classes\failureaccess-1.0.1.jar;E:/Vivado/2024.2\lib\classes\frank_frameworks-1.0.0-151.jar;E:/Vivado/2024.2\lib\classes\gson-2.8.9.jar;E:/Vivado/2024.2\lib\classes\guava-31.1-android.jar;E:/Vivado/2024.2\lib\classes\help-1.24.0-19.jar;E:/Vivado/2024.2\lib\classes\hsqldb-3.7.8-3.jar;E:/Vivado/2024.2\lib\classes\j2objc-annotations-1.3.jar;E:/Vivado/2024.2\lib\classes\jakarta.annotation-api-2.1.0-11.0.11-3.jar;E:/Vivado/2024.2\lib\classes\jakarta.json-2.0.0-RC2-1.5.0-3.jar;E:/Vivado/2024.2\lib\classes\jakarta.json-api-2.0.0-RC2-1.5.0-3.jar;E:/Vivado/2024.2\lib\classes\jakarta.transaction-api-2.0.0-11.0.11-3.jar;E:/Vivado/2024.2\lib\classes\jaxb-api-2.3.0.jar;E:/Vivado/2024.2\lib\classes\jericho-html-3.4-1.0.0-3.jar;E:/Vivado/2024.2\lib\classes\jetty-jakarta-servlet-api-5.0.2-11.0.11-3.jar;E:/Vivado/2024.2\lib\classes\jh-2.0.05-3.jar;E:/Vivado/2024.2\lib\classes\jide-action-3.7.8-3.jar;E:/Vivado/2024.2\lib\classes\jide-charts-3.7.8-3.jar;E:/Vivado/2024.2\lib\classes\jide-common-3.7.8-3.jar;E:/Vivado/2024.2\lib\classes\jide-components-3.7.8-3.jar;E:/Vivado/2024.2\lib\classes\jide-dashboard-3.7.8-3.jar;E:/Vivado/2024.2\lib\classes\jide-data-3.7.8-3.jar;E:/Vivado/2024.2\lib\classes\jide-dialogs-3.7.8-3.jar;E:/Vivado/2024.2\lib\classes\jide-diff-3.7.8-3.jar;E:/Vivado/2024.2\lib\classes\jide-dock-3.7.8-3.jar;E:/Vivado/2024.2\lib\classes\jide-editor-3.7.8-3.jar;E:/Vivado/2024.2\lib\classes\jide-gantt-3.7.8-3.jar;E:/Vivado/2024.2\lib\classes\jide-grids-3.7.8-3.jar;E:/Vivado/2024.2\lib\classes\jide-pivot-3.7.8-3.jar;E:/Vivado/2024.2\lib\classes\jide-plaf-jdk7-3.7.8-3.jar;E:/Vivado/2024.2\lib\classes\jide-properties-3.7.8-3.jar;E:/Vivado/2024.2\lib\classes\jide-shortcut-3.7.8-3.jar;E:/Vivado/2024.2\lib\classes\jide-treemap-3.7.8-3.jar;E:/Vivado/2024.2\lib\classes\JRCClient-1.24.0-151.jar;E:/Vivado/2024.2\lib\classes\jsr305-3.0.2.jar;E:/Vivado/2024.2\lib\classes\junit-jupiter-api-5.6.2.jar;E:/Vivado/2024.2\lib\classes\junit-platform-commons-1.6.2.jar;E:/Vivado/2024.2\lib\classes\justify-3.0.0-RC2-1.5.0-3.jar;E:/Vivado/2024.2\lib\classes\jydocking-3.3.1-3.jar;E:/Vivado/2024.2\lib\classes\jytable-3.3.1-3.jar;E:/Vivado/2024.2\lib\classes\jywidgets-3.3.1-3.jar;E:/Vivado/2024.2\lib\classes\listenablefuture-9999.0-empty-to-avoid-conflict-with-guava.jar;E:/Vivado/2024.2\lib\classes\log4j-1.2-api-2.17.1-1.5.0-3.jar;E:/Vivado/2024.2\lib\classes\log4j-api-2.17.1-1.5.0-3.jar;E:/Vivado/2024.2\lib\classes\log4j-core-2.17.1-1.5.0-3.jar;E:/Vivado/2024.2\lib\classes\lucene-analyzers-common-4.10.2-3.7.8-3.jar;E:/Vivado/2024.2\lib\classes\lucene-core-4.10.2-3.7.8-3.jar;E:/Vivado/2024.2\lib\classes\lucene-queryparser-4.10.2-3.7.8-3.jar;E:/Vivado/2024.2\lib\classes\matlab_jmi-1.0.0-3.jar;E:/Vivado/2024.2\lib\classes\miglayout-3.7.3.1.jar;E:/Vivado/2024.2\lib\classes\nlview_java-1.0.0-3.jar;E:/Vivado/2024.2\lib\classes\opentest4j-1.2.0.jar;E:/Vivado/2024.2\lib\classes\org.apache.commons.lang_2.6.0.v201404270220-1.0.0-3.jar;E:/Vivado/2024.2\lib\classes\org.eclipse.core.commands-3.6.0-1.0.0-3.jar;E:/Vivado/2024.2\lib\classes\org.eclipse.core.filesystem_1.7.400.v20190518-1151-1.0.0-3.jar;E:/Vivado/2024.2\lib\classes\org.eclipse.core.jobs_3.10.400.v20190506-1457-1.0.0-3.jar;E:/Vivado/2024.2\lib\classes\org.eclipse.core.resources_3.13.400.v20190505-1655-1.0.0-3.jar;E:/Vivado/2024.2\lib\classes\org.eclipse.emf.common_2.18.0.v20191225-1014-1.0.0-3.jar;E:/Vivado/2024.2\lib\classes\org.eclipse.emf.common_2.24.0.v20220123-0838-1.5.0-3.jar;E:/Vivado/2024.2\lib\classes\org.eclipse.emf.ecore.xmi_2.16.0.v20190528-0725-1.0.0-3.jar;E:/Vivado/2024.2\lib\classes\org.eclipse.emf.ecore_2.21.0.v20200127-1342-1.0.0-3.jar;E:/Vivado/2024.2\lib\classes\org.eclipse.equinox.common_3.11.0.v20200206-0817-1.0.0-3.jar;E:/Vivado/2024.2\lib\classes\org.eclipse.equinox.registry_3.8.400.v20190516-1504-1.0.0-3.jar;E:/Vivado/2024.2\lib\classes\org.eclipse.jetty.alpn.client_11.0.18-11.0.11-3.jar;E:/Vivado/2024.2\lib\classes\org.eclipse.jetty.annotations_11.0.18-11.0.11-3.jar;E:/Vivado/2024.2\lib\classes\org.eclipse.jetty.client_11.0.18-11.0.11-3.jar;E:/Vivado/2024.2\lib\classes\org.eclipse.jetty.http_11.0.18-11.0.11-3.jar;E:/Vivado/2024.2\lib\classes\org.eclipse.jetty.io_11.0.18-11.0.11-3.jar;E:/Vivado/2024.2\lib\classes\org.eclipse.jetty.jndi_11.0.18-11.0.11-3.jar;E:/Vivado/2024.2\lib\classes\org.eclipse.jetty.plus_11.0.18-11.0.11-3.jar;E:/Vivado/2024.2\lib\classes\org.eclipse.jetty.security_11.0.18-11.0.11-3.jar;E:/Vivado/2024.2\lib\classes\org.eclipse.jetty.server_11.0.18-11.0.11-3.jar;E:/Vivado/2024.2\lib\classes\org.eclipse.jetty.servlet_11.0.18-11.0.11-3.jar;E:/Vivado/2024.2\lib\classes\org.eclipse.jetty.util_11.0.18-11.0.11-3.jar;E:/Vivado/2024.2\lib\classes\org.eclipse.jetty.webapp_11.0.18-11.0.11-3.jar;E:/Vivado/2024.2\lib\classes\org.eclipse.jetty.websocket.api_11.0.18-11.0.11-3.jar;E:/Vivado/2024.2\lib\classes\org.eclipse.jetty.websocket.client_11.0.18-11.0.11-3.jar;E:/Vivado/2024.2\lib\classes\org.eclipse.jetty.websocket.common_11.0.18-11.0.11-3.jar;E:/Vivado/2024.2\lib\classes\org.eclipse.jetty.websocket.core.client_11.0.18-11.0.11-3.jar;E:/Vivado/2024.2\lib\classes\org.eclipse.jetty.websocket.core.common_11.0.18-11.0.11-3.jar;E:/Vivado/2024.2\lib\classes\org.eclipse.jetty.websocket.core.server_11.0.18-11.0.11-3.jar;E:/Vivado/2024.2\lib\classes\org.eclipse.jetty.websocket.server_11.0.18-11.0.11-3.jar;E:/Vivado/2024.2\lib\classes\org.eclipse.jetty.websocket.servlet_11.0.18-11.0.11-3.jar;E:/Vivado/2024.2\lib\classes\org.eclipse.jetty.xml_11.0.18-11.0.11-3.jar;E:/Vivado/2024.2\lib\classes\org.eclipse.lsp4j.jsonrpc_0.12.0.v20210402-1305-1.5.0-3.jar;E:/Vivado/2024.2\lib\classes\org.eclipse.lsp4j_0.12.0.v20210402-1305-1.5.0-3.jar;E:/Vivado/2024.2\lib\classes\org.eclipse.xtext.util_2.18.0.v20190603-1042-1.0.0-3.jar;E:/Vivado/2024.2\lib\classes\org.eclipse.xtext.util_2.26.0.v20220228-0751-1.5.0-3.jar;E:/Vivado/2024.2\lib\classes\org.eclipse.xtext.xbase.lib_2.26.0.v20220228-0748-1.5.0-3.jar;E:/Vivado/2024.2\lib\classes\picocli-4.1.2.jar;E:/Vivado/2024.2\lib\classes\planAhead.jar;E:/Vivado/2024.2\lib\classes\poi-4.1.1-3.7.8-3.jar;E:/Vivado/2024.2\lib\classes\poi-ooxml-4.1.1-3.7.8-3.jar;E:/Vivado/2024.2\lib\classes\poi-ooxml-schemas-4.1.1-3.7.8-3.jar;E:/Vivado/2024.2\lib\classes\protobuf-java-3.21.12.jar;E:/Vivado/2024.2\lib\classes\protobuf-java-util-3.21.12.jar;E:/Vivado/2024.2\lib\classes\RuleService-1.24.0-151.jar;E:/Vivado/2024.2\lib\classes\slf4j-api-2.0.9-11.0.11-3.jar;E:/Vivado/2024.2\lib\classes\swingx-core-1.6.2-3.jar;E:/Vivado/2024.2\lib\classes\synthetica-3.3.1-3.jar;E:/Vivado/2024.2\lib\classes\syntheticaAddons-3.3.1-3.jar;E:/Vivado/2024.2\lib\classes\syntheticaDark-3.3.1-3.jar;E:/Vivado/2024.2\lib\classes\syntheticaPlain-3.3.1-3.jar;E:/Vivado/2024.2\lib\classes\syntheticaPlainAddon-3.3.1-3.jar;E:/Vivado/2024.2\lib\classes\sysgen.jar;E:/Vivado/2024.2\lib\classes\va-shared-1.0.0-151.jar;E:/Vivado/2024.2\lib\classes\VlmGUI.jar;E:/Vivado/2024.2\lib\classes\xml-apis-ext-1.0.0-3.jar;E:/Vivado/2024.2\lib\classes\xmlbeans-3.1.0-3.7.8-3.jar;E:/Vivado/2024.2\lib\classes\xmlgraphics-commons-1.0.0-3.jar;E:/Vivado/2024.2\lib\classes\yfiles-for-java-swing-3.3.0-3.jar;E:/Vivado/2024.2\lib\classes\windows\gluegen-rt-95.0.4638.69-3.jar;E:/Vivado/2024.2\lib\classes\windows\gluegen-rt-natives-windows-amd64-95.0.4638.69-3.jar;E:/Vivado/2024.2\lib\classes\windows\javafx-swt-21.0.1-3.jar;E:/Vivado/2024.2\lib\classes\windows\javafx.base-21.0.1-3.jar;E:/Vivado/2024.2\lib\classes\windows\javafx.controls-21.0.1-3.jar;E:/Vivado/2024.2\lib\classes\windows\javafx.fxml-21.0.1-3.jar;E:/Vivado/2024.2\lib\classes\windows\javafx.graphics-21.0.1-3.jar;E:/Vivado/2024.2\lib\classes\windows\javafx.media-21.0.1-3.jar;E:/Vivado/2024.2\lib\classes\windows\javafx.swing-21.0.1-3.jar;E:/Vivado/2024.2\lib\classes\windows\javafx.web-21.0.1-3.jar;E:/Vivado/2024.2\lib\classes\windows\jcef-95.0.4638.69-3.jar;E:/Vivado/2024.2\lib\classes\windows\jcef-tests-95.0.4638.69-3.jar;E:/Vivado/2024.2\lib\classes\windows\jogl-all-95.0.4638.69-3.jar;E:/Vivado/2024.2\lib\classes\windows\jogl-all-natives-windows-amd64-95.0.4638.69-3.jar
Launcher Type: generic

[Global flags]
     intx CICompilerCount                          = 12                                        {product} {ergonomic}
     uint ConcGCThreads                            = 1                                         {product} {ergonomic}
     uint G1ConcRefinementThreads                  = 4                                         {product} {ergonomic}
   size_t G1HeapRegionSize                         = 2097152                                   {product} {ergonomic}
    uintx GCDrainStackTargetSize                   = 64                                        {product} {ergonomic}
   size_t InitialHeapSize                          = 536870912                                 {product} {command line}
   size_t MarkStackSize                            = 4194304                                   {product} {ergonomic}
    uintx MaxGCPauseMillis                         = 200                                       {product} {command line}
   size_t MaxHeapSize                              = 4269801472                                {product} {command line}
   size_t MaxNewSize                               = 83886080                                  {product} {command line}
   size_t MinHeapDeltaBytes                        = 2097152                                   {product} {ergonomic}
   size_t MinHeapSize                              = 536870912                                 {product} {command line}
   size_t NewSize                                  = 83886080                                  {product} {command line}
    uintx NonNMethodCodeHeapSize                   = 7602480                                {pd product} {ergonomic}
    uintx NonProfiledCodeHeapSize                  = 122027880                              {pd product} {ergonomic}
     uint ParallelGCThreads                        = 4                                         {product} {command line}
     bool ParallelRefProcEnabled                   = true                                      {product} {command line}
    uintx ProfiledCodeHeapSize                     = 122027880                              {pd product} {ergonomic}
    uintx ReservedCodeCacheSize                    = 251658240                              {pd product} {ergonomic}
     bool SegmentedCodeCache                       = true                                      {product} {ergonomic}
   size_t SoftMaxHeapSize                          = 4269801472                             {manageable} {ergonomic}
    uintx StringTableSize                          = 4072                                      {product} {command line}
     intx ThreadStackSize                          = 10240                                  {pd product} {command line}
     bool UseCompressedOops                        = true                           {product lp64_product} {ergonomic}
     bool UseG1GC                                  = true                                      {product} {ergonomic}
     bool UseLargePagesIndividualAllocation        = false                                  {pd product} {ergonomic}
     bool UsePerfData                              = false                                     {product} {command line}
     bool UseStringDeduplication                   = true                                      {product} {command line}

Logging:
Log output configuration:
 #0: stdout all=warning uptime,level,tags foldmultilines=false
 #1: stderr all=off uptime,level,tags foldmultilines=false

Environment Variables:
PATH=E:/Vivado/2024.2\gnuwin\bin;E:/Vivado/2024.2\gnu\microblaze\nt\bin;E:/Vivado/2024.2/bin;E:/Vivado/2024.2/tps/win64/java-cef-95.0.4638.69/bin/lib/win64;E:/Vivado/2024.2/tps/win64/javafx-sdk-21.0.1/lib;E:/Vivado/2024.2/tps/win64/javafx-sdk-21.0.1/bin;E:/Vivado/2024.2/lib/win64.o;E:/Vivado/2024.2/tps/win64/jre21.0.1_12/bin/server;E:/Vivado/2024.2/tps/win64/jre21.0.1_12/bin;E:/Vitis/2024.2/bin;E:/Vivado/2024.2/ids_lite/ISE/bin/nt64;E:/Vivado/2024.2/ids_lite/ISE/lib/nt64;E:/Vitis_HLS/2024.2/bin;C:\Program Files\Microsoft MPI\Bin\;C:\windows\system32;C:\windows;C:\windows\System32\Wbem;C:\windows\System32\WindowsPowerShell\v1.0\;C:\windows\System32\OpenSSH\;C:\Program Files\Microsoft SQL Server\Client SDK\ODBC\170\Tools\Binn\;C:\Program Files (x86)\Microsoft SQL Server\150\Tools\Binn\;C:\Program Files\Microsoft SQL Server\150\Tools\Binn\;C:\Program Files\Microsoft SQL Server\150\DTS\Binn\;C:\Program Files (x86)\Windows Kits\8.1\Windows Performance Toolkit\;c:\program files (x86)\iracing\d3dgear;C:\Program Files\dotnet\;C:\Program Files\Git\cmd;C:\Program Files (x86)\NVIDIA Corporation\PhysX\Common;C:\Program Files\PuTTY\;C:\Program Files\NVIDIA Corporation\NVIDIA app\NvDLISR;C:\Users\luisl\AppData\Local\Programs\Python\Launcher\;C:\Users\luisl\AppData\Local\Microsoft\WindowsApps;C:\Users\luisl\AppData\Local\Programs\Microsoft VS Code\bin;C:\msys64\ucrt64\bin;;E:/Vivado/2024.2\tps\mingw\6.2.0\win64.o\nt\bin;E:/Vivado/2024.2\tps\mingw\6.2.0\win64.o\nt\libexec\gcc\x86_64-w64-mingw32\6.2.0;E:/Vivado/2024.2\tps\win64\python-3.8.3;E:/Vivado/2024.2\tps\win64\python-3.8.3\bin;E:/Vivado/2024.2\tps\win64\python-3.8.3\lib;E:/Vivado/2024.2\tps\win64\python-3.8.3\lib\site-packages
USERNAME=luisl
OS=Windows_NT
PROCESSOR_IDENTIFIER=Intel64 Family 6 Model 151 Stepping 2, GenuineIntel
TMP=C:\Users\luisl\AppData\Local\Temp
TEMP=C:\Users\luisl\AppData\Local\Temp




Periodic native trim disabled

---------------  S Y S T E M  ---------------

OS:
 Windows 11 , 64 bit Build 22621 (10.0.22621.4974)
OS uptime: 1 days 23:14 hours
Hyper-V role detected

CPU: total 24 (initial active 24) (12 cores per cpu, 2 threads per core) family 6 model 151 stepping 2 microcode 0x25, cx8, cmov, fxsr, ht, mmx, 3dnowpref, sse, sse2, sse3, ssse3, sse4.1, sse4.2, popcnt, lzcnt, tsc, tscinvbit, avx, avx2, aes, erms, clmul, bmi1, bmi2, adx, sha, fma, vzeroupper, clflush, clflushopt, clwb, hv, serialize, rdtscp, rdpid, fsrm, f16c, cet_ibt, cet_ss
Processor Information for all 24 processors :
  Max Mhz: 3200, Current Mhz: 3200, Mhz Limit: 3200

Memory: 4k page, system-wide physical 65321M (51078M free)
TotalPageFile size 75049M (AvailPageFile size 58146M)
current process WorkingSet (physical memory assigned to process): 1443M, peak: 1500M
current process commit charge ("private bytes"): 1652M, peak: 2673M

vm_info: OpenJDK 64-Bit Server VM (21.0.1+12-LTS) for windows-amd64 JRE (21.0.1+12-LTS), built on 2023-10-17T00:00:00Z by "admin" with unknown MS VC++:1937

END.
